{
	"monsterFluff": [
		{
			"name": "Ahmaergo",
			"source": "WDH",
			"entries": [
				{
					"type": "entries",
					"entries": [
						{
							"type": "entries",
							"entries": [
								{
									"type": "entries",
									"entries": [
										"Ahmaergo, Xanathar's majordomo, has a fascination with minotaurs. Although outwardly civil, the shield dwarf is as devious and corrupt as the worst devil, yet also unflinchingly loyal to his beholder master.",
										"After the beholder, Ahmaergo is the most influential member of the Xanathar Guild."
									]
								}
							]
						}
					]
				}
			],
			"images": [
				{
					"type": "image",
					"href": {
						"type": "internal",
						"path": "bestiary/WDH/Ahmaergo.jpg"
					}
				}
			]
		},
		{
			"name": "Ammalia Cassalanter",
			"source": "WDH",
			"entries": [
				{
					"type": "entries",
					"entries": [
						{
							"type": "entries",
							"entries": [
								{
									"type": "entries",
									"entries": [
										"The vainglorious lady of House Cassalanter is schooled in the arcane arts. Like her husband Victoro, she worships Asmodeus. When they were young, Ammalia and Victoro signed a contract with the archdevil, trading the souls of their children for power, good health, and long life. The soul of Osvaldo, their eldest son, was taken immediately, and he was transformed into a chain devil. The souls of the younger twins, Terenzio and Elzerina, will be taken when they turn nine years old.",
										"A provision in the contract allows the Cassalanters to buy their way out of it, but doing so requires a tremendous amount of coin and a mass sacrifice of unfortunate people. While Victoro hunts for Dagult Neverember's lost cache of gold, Ammalia makes plans to host a poisoned feast in celebration of Founders' Day.",
										"Ammalia is well mannered, well read, well traveled, and exceptionally shrewd. She is known for driving a hard bargain. Her hobby is lepidopterology, and her estate has the most beautiful butterfly garden. She allows her youngest children to play in the garden under her supervision."
									]
								}
							]
						}
					]
				}
			],
			"images": [
				{
					"type": "image",
					"href": {
						"type": "internal",
						"path": "bestiary/WDH/Ammalia Cassalanter.webp"
					}
				}
			]
		},
		{
			"name": "Aurinax",
			"source": "WDH",
			"images": [
				{
					"type": "image",
					"href": {
						"type": "internal",
						"path": "bestiary/WDH/Aurinax.jpg"
					}
				},
				{
					"type": "image",
					"href": {
						"type": "internal",
						"path": "bestiary/WDH/Vault-of-Dragons.jpg"
					}
				}
			]
		},
		{
			"name": "Avi",
			"source": "WDH",
			"entries": [
				{
					"type": "entries",
					"entries": [
						{
							"type": "entries",
							"entries": [
								{
									"type": "entries",
									"entries": [
										"Avi runs the Steam and Steel shop in Trollskull Alley with his husband Embric. He worships Eldath, god of peace, and uses his magic to quench hot steel. He is an expert armorsmith. Avi is laid back and speaks plainly."
									]
								}
							]
						}
					]
				}
			]
		},
		{
			"name": "Barnibus Blastwind",
			"source": "WDH",
			"entries": [
				{
					"type": "entries",
					"entries": [
						{
							"type": "entries",
							"entries": [
								{
									"type": "entries",
									"entries": [
										"Barnibus works for the Watchful Order of Magists and Protectors, investigating crimes that involve the use of magic. He comes across as prickly and secretive, confiding only in Saeth Cromley, a retired sergeant of the City Watch who assists in many of his investigations.",
										"A lifelong bachelor, Barnibus has a small, tidy estate in the Sea Ward that he inherited from his grandmother. When not serving the Watchful Order, he spends his days reading and writing books in his library.",
										"Barnibus uses spells that help him investigate crimes, pry secrets from the minds of suspects, and locate missing persons. He finds violence appalling and would never use his magic to inflict harm on others-even those who harm him."
									]
								}
							]
						}
					]
				}
			],
			"images": [
				{
					"type": "image",
					"href": {
						"type": "internal",
						"path": "bestiary/WDH/Barnibus Blastwind.jpg"
					}
				}
			]
		},
		{
			"name": "Bepis Honeymaker",
			"source": "WDH",
			"entries": [
				{
					"type": "entries",
					"entries": [
						{
							"type": "entries",
							"entries": [
								{
									"type": "entries",
									"entries": [
										"Bepis Honeymaker is a honey merchant who was kidnapped from his Trades Ward home a month ago. The Xanathar Guild tried to ransom him back, but seemingly his relatives either couldn't pay or decided not to. (In truth, his rotten in-laws destroyed the ransom notes and told Bepis's wife and children that he ran away with another family.) Ahmaergo has put him to work as a cook but threatens to give him over to the mind flayer Nihiloor every so often."
									]
								}
							]
						}
					]
				}
			]
		},
		{
			"name": "Black Viper",
			"source": "WDH",
			"entries": [
				{
					"type": "entries",
					"entries": [
						{
							"type": "entries",
							"entries": [
								{
									"type": "entries",
									"entries": [
										"The Black Viper was a notorious burglar, pickpocket, mugger, and assassin who died a century ago, after a long and nefarious career. Esvele Rosznar, a brash young noble, has recently adopted the Black Viper's persona to lead a secret life of crime. Like many other nobles, Esvele gossips about the Black Viper's exploits to lend credence to the villain's mystique.",
										"The Rosznar family was convicted of slave trading-highly illegal in Waterdeep-and banished over a hundred years ago, but has since returned. The Rosznars' inability to regain the respect they feel they deserve rankles them. The slave trade has continued in Amn and elsewhere, and it's not like other noble houses don't have skeletons in their closets. But just because of a little family squabble that went public, the Rosznar name has been said with a sneer for a century. As part of the family's constant effort to prove this conception wrong and win others' respect, Esvele has been brought up to be the most proper noble possible, partaking in lessons of etiquette, dance, and poise as befits someone of her station.",
										"In her younger days, Esvele openly rebelled, but that behavior led to locked doors at night and house guards watching her every move during the day. So she taught herself how to pick locks, pluck keys from belts and pouches, clamber up walls, and sneak past guards-playing the perfect daughter by day while cutting loose at night. To hide her identity from those she met, she wore a hood and mask, exchanging her fine clothes for the kind of practical clothing her parents would never let her wear.",
										"One of the things Esvele has learned is to embrace the legend of the Black Viper. When she throws back her cloak to reveal the costume she has put together, most folk toss their purses and flee. If that doesn't work, she usually needs only to draw her dagger. Of course, some of the nobles she targets are made of sterner stuff, so Esvele has learned how to fight as well. She knows she's playing a dangerous game, but is satisfied that at least one member of the Rosznar family is earning the respect of Waterdeep's nobility."
									]
								}
							]
						}
					]
				}
			],
			"images": [
				{
					"type": "image",
					"href": {
						"type": "internal",
						"path": "bestiary/WDH/Black Viper.jpg"
					}
				}
			]
		},
		{
			"name": "Davil Starsong",
			"source": "WDH",
			"entries": [
				{
					"type": "entries",
					"entries": [
						{
							"type": "entries",
							"entries": [
								{
									"type": "entries",
									"entries": [
										"Within the Waterdeep division of the Black Network, Davil is accorded the title of Master of Opportunities and Negotiations because he's good at sniffing out lucrative business deals, and he makes friends easily.",
										"Like many sun elves, Davil has an affinity for magic and is gifted with the kind of patience that comes with a long life span. Unlike most, he's not the least bit pretentious or aloof. He keeps a room at the Yawning Portal and does all his business in the establishment's taproom. He negotiates deals with grace and aplomb, even while drunk, and uses an elven lute as a spellcasting focus.",
										"Davil can put the characters in contact with other leaders of the Black Network's Waterdeep division, namely Istrid Horn (if they need a loan), Skeemo Weirdbottle (if they need magic), Tashlyn Yafeera (if they need weapons or mercenaries), and Ziraj the Hunter (if they need a highly skilled assassin)."
									]
								},
								{
									"type": "entries",
									"name": "The Doom Raiders",
									"entries": [
										"The Doom Raiders were five unscrupulous adventurers who liked to plunder lich lairs (called \"dooms\" by some). They gave up adventuring to join the Black Network and came to Waterdeep three years ago with plans to establish a Zhentarim foothold in the city. In that time, they have forged alliances with various nobles and guilds and run afoul of others, all the while fending off Harper spies."
									]
								}
							]
						}
					]
				}
			],
			"images": [
				{
					"type": "image",
					"href": {
						"type": "internal",
						"path": "bestiary/WDH/Davil Starsong.jpg"
					}
				}
			]
		},
		{
			"name": "Drow Gunslinger",
			"source": "WDH",
			"entries": [
				{
					"type": "entries",
					"entries": [
						{
							"type": "entries",
							"entries": [
								{
									"type": "entries",
									"entries": [
										"Firearms aren't widely available in the North, but some members of Bregan D'aerthe are equipped with Lantanese pistols, bullets, and packets of smokepowder. These drow gunslingers are expert pistoleers, as skilled with their guns as the best archers are with their bows."
									]
								}
							]
						}
					]
				}
			],
			"images": [
				{
					"type": "image",
					"href": {
						"type": "internal",
						"path": "bestiary/WDH/Drow Gunslinger.jpg"
					}
				}
			]
		},
		{
			"name": "Durnan",
			"source": "WDH",
			"entries": [
				{
					"type": "entries",
					"entries": [
						{
							"type": "entries",
							"entries": [
								{
									"type": "entries",
									"entries": [
										"Durnan is the owner and proprietor of the Yawning Portal. Although he looks like a middle-aged man whose best days are behind him, Durnan has a sharp mind and can still swing a sword when he must. He doesn't like talking about his past, and he won't reveal anything about his time as an adventurer.",
										"If Durnan has any living family members, he doesn't speak of them. He rarely says two words when one will do. He has a dark sense of humor and spares no pity on those who take the risk of entering Undermountain.",
										"He keeps Grimvault, his magic greatsword, within reach under the bar, and can chop tables in half with it if he so desires. He also can pull out a double crossbow (a heavy crossbow with reduced range that fires two bolts at the same target). Still, if he gets involved in a brawl, he prefers fighting with fists or a well-flung tankard.",
										"Durnan doesn't often venture far from the Yawning Portal, using his employees to run errands for him as needed. If he's feeling charitable, he might gently discourage likable \"nobodies\" from venturing into Undermountain, if he thinks they wouldn't survive. He can also direct adventurers toward tavern regulars who might be able to help them or offer useful information."
									]
								}
							]
						}
					]
				}
			],
			"images": [
				{
					"type": "image",
					"href": {
						"type": "internal",
						"path": "bestiary/WDH/Durnan.jpg"
					}
				}
			]
		},
		{
			"name": "Elzerina Cassalanter",
			"source": "WDH",
			"images": [
				{
					"type": "image",
					"href": {
						"type": "internal",
						"path": "bestiary/WDH/Cassalanters.jpg"
					}
				}
			]
		},
		{
			"name": "Embric",
			"source": "WDH",
			"entries": [
				{
					"type": "entries",
					"entries": [
						{
							"type": "entries",
							"entries": [
								{
									"type": "entries",
									"entries": [
										"Embric tends the forge in the Steam and Steel shop in Trollskull Alley. He is an expert weaponsmith and claims descent from the efreet of Calimshan and is prone to extreme mood swings. He is married to Avi."
									]
								}
							]
						}
					]
				}
			]
		},
		{
			"name": "Engineer",
			"source": "WDH",
			"entries": [
				{
					"type": "entries",
					"entries": [
						{
							"type": "entries",
							"entries": [
								{
									"type": "entries",
									"entries": [
										"An engineer who maintains and operates the Scarlet Marpenoth, a submarine, currently attached below Jarlaxle's flagship the Eyecatcher"
									]
								}
							]
						}
					]
				}
			]
		},
		{
			"name": "Fala Lefaliir",
			"source": "WDH",
			"entries": [
				{
					"type": "entries",
					"entries": [
						{
							"type": "entries",
							"entries": [
								{
									"type": "entries",
									"entries": [
										"Fala Lefaliir is an outgoing wood elf with long, braided hair. Like the elven god Corellon Larethian, Fala is neither male nor female. If referred to as \"he\" or \"she,\" Fala gently requests to be addressed by name or as \"they.\" Fala is friends with a member of the Zhentarim named Ziraj, who saved Fala's life. He visits Fala from time to time, and Fala has set aside a room for him on the second floor. Fala runs Correllon's Crown, a herbalist shop in Trollskull Alley"
									]
								}
							]
						}
					]
				}
			]
		},
		{
			"name": "Griffon Cavalry Rider",
			"source": "WDH",
			"entries": [
				{
					"type": "entries",
					"entries": [
						{
							"type": "entries",
							"entries": [
								{
									"type": "entries",
									"entries": [
										"The City Guard is Waterdeep's army, charged with protecting the city's walls and gates, government buildings, harbor, and officials. The City Guard also patrols the roads to Amphail, Goldenfields, and Daggerford."
									]
								},
								{
									"type": "entries",
									"name": "Ranks in the City Guard",
									"entries": [
										"Members of the City Guard have ranks. From lowest to highest, they are:",
										"PrivateSergeant (armar)Lieutenant (civilar)Captain (senior civilar)Multiple command positions, some perennial (Seneschal of Castle Waterdeep, Defender of the Harbor, Master of the North Towers, Master of the South Towers, Master Armorer), others bestowed as needed in wartime (the Lords' Hand and the Lords' Champion)Warden of Waterdeep",
										"The current Warden of Waterdeep is Elminster, who answers to the Open Lord, Laeral Silverhand.",
										"The Griffon Cavalry is a special branch of the City Guard whose members are veteran soldiers trained to fly griffon mounts."
									]
								}
							]
						}
					]
				}
			],
			"images": [
				{
					"type": "image",
					"href": {
						"type": "internal",
						"path": "bestiary/WDH/Griffon Cavalry Rider.jpg"
					}
				}
			]
		},
		{
			"name": "Grinda Garloth",
			"source": "WDH",
			"images": [
				{
					"type": "image",
					"href": {
						"type": "internal",
						"path": "bestiary/WDH/Grinda.jpg"
					}
				}
			]
		},
		{
			"name": "Grum'shar",
			"source": "WDH",
			"entries": [
				{
					"type": "entries",
					"entries": [
						{
							"type": "entries",
							"entries": [
								{
									"type": "entries",
									"entries": [
										"Apprentice wizards are novice arcane spellcasters who serve more experienced wizards or attend school. They perform menial work, such as cooking and cleaning, in exchange for education in the ways of magic."
									]
								}
							]
						}
					]
				}
			]
		},
		{
			"name": "Hlam",
			"source": "WDH",
			"entries": [
				{
					"type": "entries",
					"entries": [
						{
							"type": "entries",
							"entries": [
								{
									"type": "entries",
									"entries": [
										"This venerable human monk lives in a cave halfway up the side of Mount Waterdeep. Hlam is the grand master of the Order of the Even-Handed, a small monastic group devoted to Tyr. Would-be students periodically visit him to learn the Way of the Sacred Fists, which combines cleric magic and monk training. They usually return to the city confused, bruised, and not inclined to visit again.",
										"In times of great peril, Hlam can be called on to help. Sometimes he offers pearls of wisdom, and sometimes he descends from his cave to set things right with fisticuffs. He can show up at any point in the story as a helpful figure, and the characters can visit him in his cave if they need guidance or training. The Order of the Gauntlet considers him a staunch ally.",
										"Hlam is immune to disease and doesn't require food or water. Although he ages, he suffers none of the frailty of old age."
									]
								}
							]
						}
					]
				}
			],
			"images": [
				{
					"type": "image",
					"href": {
						"type": "internal",
						"path": "bestiary/WDH/Hlam.jpg"
					}
				}
			]
		},
		{
			"name": "Hrabbaz",
			"source": "WDH",
			"entries": [
				{
					"type": "entries",
					"entries": [
						{
							"type": "entries",
							"entries": [
								{
									"type": "entries",
									"entries": [
										"Hrabbaz is a muscle-bound half-orc with a cleft palate who serves the lord and lady of House Gralhund as a bodyguard. He is well mannered and dresses impeccably-a disarming appearance that belies a murderous heart. Though he has great respect for Lady Yalah Gralhund, he is less fond of her moody husband, and wouldn't be sad to see Orond knocked down a peg or two."
									]
								}
							]
						}
					]
				}
			],
			"images": [
				{
					"type": "image",
					"href": {
						"type": "internal",
						"path": "bestiary/WDH/Hrabbaz.jpg"
					}
				}
			]
		},
		{
			"name": "Istrid Horn",
			"source": "WDH",
			"entries": [
				{
					"type": "entries",
					"entries": [
						{
							"type": "entries",
							"entries": [
								{
									"type": "entries",
									"entries": [
										"Istrid is regarded as the Black Network's Master of Trade and Coin in Waterdeep. The shield dwarf operates an illegal lending operation out of a heavily guarded warehouse in the Dock Ward, offering loans to those in need of coin. Her interest rates are comparable to those of her competitors (including noble families of bankers such as the Cassalanters and the Irlingstars), but the penalties for not paying back Istrid's loans are severe.",
										"Istrid worships Vergadain, the dwarven god of wealth and luck. She likes having others indebted to her, and she employs thugs and enforcers to collect on her loans. If those resources prove inadequate, Istrid can call on her old adventuring companions for assistance."
									]
								},
								{
									"type": "entries",
									"name": "The Doom Raiders",
									"entries": [
										"The Doom Raiders were five unscrupulous adventurers who liked to plunder lich lairs (called \"dooms\" by some). They gave up adventuring to join the Black Network and came to Waterdeep three years ago with plans to establish a Zhentarim foothold in the city. In that time, they have forged alliances with various nobles and guilds and run afoul of others, all the while fending off Harper spies."
									]
								}
							]
						}
					]
				}
			],
			"images": [
				{
					"type": "image",
					"href": {
						"type": "internal",
						"path": "bestiary/WDH/Istrid Horn.jpg"
					}
				}
			]
		},
		{
			"name": "Jalester Silvermane",
			"source": "WDH",
			"entries": [
				{
					"type": "entries",
					"entries": [
						{
							"type": "entries",
							"entries": [
								{
									"type": "entries",
									"entries": [
										"An earnest man in his mid-twenties, Jalester hails from the distant land of Cormyr, where he earned his spurs working for a mercenary company called the Steel Shadows. A few years ago, Jalester left the Dales and traveled to Waterdeep with several other members of the company, one of whom-Faerrel Dunblade-would become his best friend and lover.",
										"The wizard Elminster befriended the two young men and brought them to the attention of Laeral Silverhand, who put them to work as deputies and spies. Jalester and Faerrel helped the Open Lord expose a plot to overthrow the government, but Faerrel was killed while helping bring the perpetrators to justice. Jalester remained in Waterdeep afterward, becoming one of Laeral's field operatives in the service of Waterdeep and the Lords' Alliance. He has been romantically unattached ever since Faerrel's death but longs again for love."
									]
								},
								{
									"type": "entries",
									"name": "Treasure",
									"entries": [
										"Jalester carries a badge of the Watch (+2 bonus to AC if not using a shield). If the badge is lost or taken from him, it returns to Laeral Silverhand."
									]
								}
							]
						}
					]
				}
			],
			"images": [
				{
					"type": "image",
					"href": {
						"type": "internal",
						"path": "bestiary/WDH/Jalester Silvermane.jpg"
					}
				}
			]
		},
		{
			"name": "Jandar Chergoba",
			"source": "WDH",
			"entries": [
				{
					"type": "entries",
					"entries": [
						{
							"type": "entries",
							"entries": [
								{
									"type": "entries",
									"entries": [
										"As the head chef of Cassalanter Villa, Jandar determines each day's menu and oversees all activity in the kitchen."
									]
								}
							]
						}
					]
				}
			]
		},
		{
			"name": "Jarlaxle Baenre",
			"source": "WDH",
			"entries": [
				{
					"type": "entries",
					"entries": [
						{
							"type": "entries",
							"entries": [
								{
									"type": "entries",
									"entries": [
										"Jarlaxle is a flamboyant, swashbuckling drow iconoclast. He leads a renegade drow faction called Bregan D'aerthe, made up of disenfranchised male drow, most of them culled from destroyed or disgraced houses. Gifted with a sharp mind, a sense of humor, puissant skill with a blade, and a wealth of useful magic items, Jarlaxle infiltrated the city of Luskan, brought a kind of order to its lawlessness, and declared himself its secret lord.",
										"Jarlaxle likes to weave a tangled web of schemes that leave his enemies baffled-the latest of which is a plan to legitimize Luskan by making it a member of the Lords' Alliance. The city's unsavory reputation has thwarted all previous efforts, and the current leaders of the Lords' Alliance have voiced their opposition to Luskan's admittance. A few have flatly declared that the city will never be welcome in the alliance. Nonetheless, Jarlaxle aims to persuade Laeral Silverhand, the Open Lord of Waterdeep, to champion Luskan's cause-even if that means losing other alliance members in the process. Tying Luskan's fortunes to those of Waterdeep would increase Jarlaxle's political and economic power on the Sword Coast.",
										"Jarlaxle has come to Waterdeep in the guise of an Illuskan human named Zardoz Zord. \"Captain Zord\" is the master of the Sea Maidens Faire, a carnival that travels up and down the Sword Coast in three ships: the Eyecatcher, the Heartbreaker, and the Hellraiser (all words that describe Jarlaxle). He spends most of his time aboard the Eyecatcher, his personal ship. The other two vessels carry members of the carnival and their parade wagons.",
										"Jarlaxle has forged an alliance with Lantan (an island to the south), and has armed his Bregan D'aerthe lieutenants with Lantanese firearms that rely on magical smokepowder to function. He has also acquired a Lantanese submarine called the Scarlet Marpenoth. This underwater vessel is mounted below the Eyecatcher and kept out of sight. Jarlaxle plans on using the submarine to flee Waterdeep if his scheme unravels.",
										"Jarlaxle's loyalties are to himself first and foremost, and to Bregan D'aerthe secondarily."
									]
								}
							]
						}
					]
				}
			],
			"images": [
				{
					"type": "image",
					"href": {
						"type": "internal",
						"path": "bestiary/WDH/Jarlaxle Baenre.jpg"
					}
				}
			]
		},
		{
			"name": "Jenks",
			"source": "WDH",
			"images": [
				{
					"type": "image",
					"href": {
						"type": "internal",
						"path": "bestiary/WDH/Summer-Scene.jpg"
					}
				}
			]
		},
		{
			"name": "Kaevja Cynavern",
			"source": "WDH",
			"entries": [
				{
					"type": "entries",
					"entries": [
						{
							"type": "entries",
							"entries": [
								{
									"type": "entries",
									"entries": [
										"Previously a Red Wizard of Thay, this mage now studies magic under Manshoon."
									]
								}
							]
						}
					]
				}
			]
		},
		{
			"name": "Kalain",
			"source": "WDH",
			"entries": [
				{
					"type": "entries",
					"entries": [
						{
							"type": "entries",
							"entries": [
								{
									"type": "entries",
									"entries": [
										"Kalain, was once a famous Waterdavian painter, but now Kalain's spirit is broken, leading to the onset of madness. She locks herself away, content to let time erode the last of her conscience."
									]
								}
							]
						}
					]
				}
			]
		},
		{
			"name": "Lady Gondafrey",
			"source": "WDH",
			"entries": [
				{
					"type": "entries",
					"entries": [
						{
							"type": "entries",
							"entries": [
								{
									"type": "entries",
									"entries": [
										"Lafy Gondafrey is the result of a magical experiment, a gargoyle that has been imbued with the personality of a human knight of Tyr (god of justice). Manshoon is amused by the creature so keeps it alive and locked in a cell."
									]
								}
							]
						}
					]
				}
			]
		},
		{
			"name": "Laeral Silverhand",
			"source": "WDH",
			"entries": [
				{
					"type": "entries",
					"entries": [
						{
							"type": "entries",
							"entries": [
								{
									"type": "entries",
									"entries": [
										"Anamanué Laeral Silverhand was born in the Year of the Cowl (765 DR), the fifth of seven daughters of the goddess Mystra. Each of the Seven Sisters is a powerful and ageless beauty with a penchant for arcane magic.",
										"Long ago, Laeral ruled a kingdom called Stornanter and held the title of Witch-Queen of the North. After that, she led a band of adventurers called the Nine. She met and married Khelben Arunsun, who would later become the Blackstaff, the Lord Mage of Waterdeep. After Khelben died, Laeral retired from public life. She resurfaced after the Spellplague and the Sundering, weakened by Mystra's death, rebirth, and withdrawal from the world.",
										"Laeral's magic isn't as great as it once was, though she does her utmost to hide this fact. Only Elminster, her trusted friend and advisor, knows the extent of her decline. Despite her diminished abilities, Laeral remains a formidable, clear-headed wizard with plenty of magic at her disposal.",
										"A few years ago, Dagult Neverember was ousted as Open Lord of Waterdeep. Laeral reluctantly stepped into the vacancy at the request of the Masked Lords, and has served as Waterdeep's Open Lord ever since. Initially overwhelmed by the demands of the nobles and guildmasters, she has settled nicely into her new role. She uses her magic sparingly and relies on trusted advisors and deputies. As time allows, she likes to venture outside the Palace of Waterdeep in disguise, just to clear her head or check up on old friends (and enemies).",
										"Laeral's relationship with Vajra Safahr, the current Blackstaff, has its challenges. For one thing, Laeral is much older, much wiser, and much more powerful than Vajra, whom she views as an insecure child. In addition, Vajra wields the Blackstaff, which has Khelben Arunsun's soul and the souls of all the other Blackstaffs bound inside it. Laeral covets the staff, because it contains all that's left of her husband. Not surprisingly, the two mages avoid each other as much as possible.",
										"In times of great need, Laeral can command Vajra to unleash Force Grey. Until that order is given, Force Grey isn't allowed to conduct operations in Waterdeep, though Laeral's spies tell her that Vajra has secretly activated members of the elite order and sent them on a number of unauthorized missions. Laeral is reluctant to confront Vajra on the matter, and rationalizes her inaction by framing it as a test of Vajra's competence."
									]
								}
							]
						}
					]
				}
			],
			"images": [
				{
					"type": "image",
					"href": {
						"type": "internal",
						"path": "bestiary/WDH/Laeral Silverhand.jpg"
					}
				}
			]
		},
		{
			"name": "Laiba \"Nana\" Rosse",
			"source": "WDH",
			"entries": [
				{
					"type": "entries",
					"entries": [
						{
							"type": "entries",
							"entries": [
								{
									"type": "entries",
									"entries": [
										"Laiba Rosse, better known as \"Nana,\" is the caretaker and private tutor for Terenzio and Elzerina, and she does her best to keep track of their every move. Even so, the two often sneak away from her watchful eye. Nana dresses in flowing red robes. She relaxes in the twins' playroom (area C17) when she's not with the children."
									]
								}
							]
						}
					]
				}
			]
		},
		{
			"name": "Losser Mirklav",
			"source": "WDH",
			"entries": [
				{
					"type": "entries",
					"entries": [
						{
							"type": "entries",
							"entries": [
								{
									"type": "entries",
									"entries": [
										"A halfling necromancer who is in possession of the Stone of Golorr. He lives in a cellar complex under a powdered wig shop in the Trades Ward."
									]
								}
							]
						}
					]
				}
			]
		},
		{
			"name": "Magister Umbero Zastro",
			"source": "WDH",
			"entries": [
				{
					"type": "entries",
					"entries": [
						{
							"type": "entries",
							"entries": [
								{
									"type": "entries",
									"entries": [
										"A handsome, eloquent, and fair-minded half-elf in his thirties. He's known for his finely honed sense of poetic justice and for meting out unconventional punishments."
									]
								}
							]
						}
					]
				}
			]
		},
		{
			"name": "Manafret Cherryport",
			"source": "WDH",
			"entries": [
				{
					"type": "entries",
					"entries": [
						{
							"type": "entries",
							"entries": [
								{
									"type": "entries",
									"entries": [
										"One of Manshoon's lieutenants"
									]
								}
							]
						}
					]
				}
			]
		},
		{
			"name": "Manshoon",
			"source": "WDH",
			"entries": [
				{
					"type": "entries",
					"entries": [
						{
							"type": "entries",
							"entries": [
								{
									"type": "entries",
									"entries": [
										"Referred to in this adventure simply as \"Manshoon,\" this clone of the ancient archwizard infiltrated Waterdeep years ago and has been hiding out in Kolat Towers ever since, in the city's Southern Ward.",
										"The original Manshoon was one of the founders of the Zhentarim. Evil to the core, he made enemies all across Faerûn, including other powerful spellcasters such as Khelben Arunsun and Elminster. Fearing that he might be destroyed by his foes, Manshoon magically crafted several clones-but a mishap caused all of them to be awakened at once, whereupon they tried to destroy one another in a series of conflicts that came to be known as the Manshoon Wars.",
										"Now the original Manshoon is dead, and it's widely believed that all his clones were destroyed as well. In fact, at least three are still alive. The one presently in Waterdeep escaped death by hiding out in Undermountain, where he eventually ran afoul of Halaster Blackcloak. After a brief spell duel, Halaster captured Manshoon and amputated his left arm at the elbow for reasons unknown. Manshoon escaped imprisonment and fled Undermountain, taking refuge in the city above. Attempts to magically regenerate his severed limb failed, forcing him to craft an artificial arm and hand for himself.",
										"Manshoon took control of Kolat Towers, a crumbling residence in the Southern Ward that was abandoned years ago by the two wizards who built it. The edifice is surrounded by a magical barrier that has the properties of a wall of force. Manshoon rarely leaves the towers and uses a teleportation circle when he must do so, and thus is never seen entering or leaving.",
										"Manshoon aims to rule Waterdeep and replace the City Watch with Black Network mercenaries that are loyal to him alone. By bribing and blackmailing the Masked Lords, he hopes to oust Laeral Silverhand as Open Lord and take her place, kill the Blackstaff, reduce the Masked Lords to mere vassals, and declare himself the Wizard-King of Waterdeep. Once the city is firmly in his clutches, Manshoon will then turn his attention toward Undermountain, destroy Halaster once and for all, and claim the dungeon's riches."
									]
								},
								{
									"type": "entries",
									"name": "Manshoon Simulacrum",
									"entries": [
										"Manshoon uses the {@spell simulacrum} spell to create a magical duplicate of himself as needed. He has customized the spell to increase his simulacrum's hit points at the expense of its spellcasting ability.",
										"Manshoon can have only one simulacrum at any given time, and he uses it as a subordinate to command his Zhentarim minions in the field. If his simulacrum is destroyed, Manshoon creates another. Each simulacrum has the statistics of Manshoon, with these changes:",
										{
											"type": "list",
											"items": [
												"The simulacrum has no special equipment. Consequently, it has AC 12 and lacks the Magic Resistance trait and the Staff of Power action option.",
												"It loses all spell slots of 6th level and higher.",
												"It has a challenge rating of 8 (3,900 XP)."
											]
										}
									]
								}
							]
						}
					]
				}
			],
			"images": [
				{
					"type": "image",
					"href": {
						"type": "internal",
						"path": "bestiary/WDH/Manshoon.jpg"
					}
				}
			]
		},
		{
			"name": "Manshoon Simulacrum",
			"source": "WDH",
			"entries": [
				{
					"type": "entries",
					"entries": [
						{
							"type": "entries",
							"entries": [
								{
									"type": "entries",
									"entries": [
										"Manshoon uses the {@spell simulacrum} spell to create a magical duplicate of himself as needed. He has customized the spell to increase his simulacrum's hit points at the expense of its spellcasting ability.",
										"Manshoon can have only one simulacrum at any given time, and he uses it as a subordinate to command his Zhentarim minions in the field. If his simulacrum is destroyed, Manshoon creates another. Each simulacrum has the statistics of Manshoon, with these changes:",
										{
											"type": "list",
											"items": [
												"The simulacrum has no special equipment. Consequently, it has AC 12 and lacks the Magic Resistance trait and the Staff of Power action option.",
												"It loses all spell slots of 6th level and higher.",
												"It has a challenge rating of 8 (3,900 XP)."
											]
										}
									]
								}
							]
						}
					]
				}
			],
			"images": [
				{
					"type": "image",
					"href": {
						"type": "internal",
						"path": "bestiary/WDH/Manshoon Simulacrum.webp"
					}
				}
			]
		},
		{
			"name": "Maxeene",
			"source": "WDH",
			"entries": [
				{
					"type": "entries",
					"entries": [
						{
							"type": "entries",
							"entries": [
								{
									"type": "entries",
									"entries": [
										"Maxeene is a talking horse."
									]
								}
							]
						}
					]
				}
			]
		},
		{
			"name": "Melannor Fellbranch",
			"source": "WDH",
			"entries": [
				{
					"type": "entries",
					"entries": [
						{
							"type": "entries",
							"entries": [
								{
									"type": "entries",
									"entries": [
										"Melannor Fellbranch, the friendly but humorless groundskeeper of Phaulkonmere, a compound located one block south of Kolat Towers, is the characters' main contact in the Emerald Enclave"
									]
								}
							]
						}
					]
				}
			]
		},
		{
			"name": "Meloon Wardragon",
			"source": "WDH",
			"entries": [
				{
					"type": "entries",
					"entries": [
						{
							"type": "entries",
							"entries": [
								{
									"type": "entries",
									"entries": [
										"Meloon is a handsome, formidable warrior in his prime, who serves the goddess Tymora and loves a good fight. His friends-among them Renaer Neverember and Vajra Safahr-describe him as honest, optimistic, and extraordinarily lucky. Until recently, he was a member of Force Grey and reported directly to the Blackstaff. In recent months, Meloon has spent much of his time at the Yawning Portal.",
										"Three months ago, out of boredom, Meloon accompanied a fledgling band of adventurers on an expedition to Undermountain. There, his luck ran out. While resting in the dungeon, the adventuring party was attacked by monsters unleashed by Xanathar-including a number of intellect devourers. One of the creatures succeeded in magically devouring and replacing Meloon's brain, turning the champion of Tymora into a puppet. After finishing off his unsuspecting companions, Meloon returned to Waterdeep as a Xanathar Guild spy.",
										"The intellect devourer that inhabits Meloon's skull was bred by Nihiloor, a mind flayer in Xanathar's employ. It knows everything Meloon knew, and Meloon behaves much as he did before his descent into Undermountain. He hangs out at the Yawning Portal, tries to bond with adventurers, and offers a helping hand whenever doing so feels appropriate. The intellect devourer's primary goals are to steer adventurers away from Undermountain and get them to undertake quests that further the aims of Xanathar. Such quests usually involve the eradication of Xanathar's enemies, and Meloon is all too eager to fight alongside those who fall for his ruse."
									]
								},
								{
									"type": "entries",
									"name": "Adjusted Game Statistics",
									"entries": [
										"If Meloon is killed and raised from the dead, his true self is restored and his statistics change as follows:",
										{
											"type": "list",
											"items": [
												"Meloon is neutral good.",
												"He loses his telepathy, and his ability to speak and understand Deep Speech.",
												"He can attune to Azuredge (see appendix A)."
											]
										}
									]
								}
							]
						}
					]
				}
			],
			"images": [
				{
					"type": "image",
					"href": {
						"type": "internal",
						"path": "bestiary/WDH/Meloon Wardragon.jpg"
					}
				}
			]
		},
		{
			"name": "Mirt",
			"source": "WDH",
			"entries": [
				{
					"type": "entries",
					"entries": [
						{
							"type": "entries",
							"entries": [
								{
									"type": "entries",
									"entries": [
										"Once known as Mirt the Merciless and the Old Wolf, Mirt made a fortune and carved out a reputation as an adventurer and philanderer. Today, an older and wiser Mirt serves as one of the Masked Lords, a Harper, and a close advisor to Laeral Silverhand. The years have not worn him down, and though he has grown soft in the flesh, he remains deceptively strong, vigorous, and clear of mind. Mirt has survived the passing of centuries by means of magic, and of all the Masked Lords, he is the least concerned with concealing his identity.",
										"Despite his prodigious girth, Mirt can move with good speed when he must, and he hasn't let his adventuring skills wither. His wife, Asper, passed away several years ago, and his rambling mansion has seen better days. Mirt spends his days embroiled in politics and whiles away his nights in drink and debauchery."
									]
								},
								{
									"type": "entries",
									"name": "Treasure",
									"entries": [
										"Mirt has access to magic items of all kinds, but keeps only a few on his person. He can equip himself with other magic items as the need arises.",
										"In addition to his other magical gear, Mirt owns a Lord's ensemble (see appendix A). He dons the ensemble only when meeting with other Masked Lords in an official capacity."
									]
								}
							]
						}
					]
				}
			],
			"images": [
				{
					"type": "image",
					"href": {
						"type": "internal",
						"path": "bestiary/WDH/Mirt.jpg"
					}
				}
			]
		},
		{
			"name": "Nar'l Xibrindas",
			"source": "WDH",
			"entries": [
				{
					"type": "entries",
					"entries": [
						{
							"type": "entries",
							"entries": [
								{
									"type": "entries",
									"entries": [
										"Xanathar's advisor is a nervous and conniving male drow named Nar'l Xibrindas. Nar'l's house was wiped out long ago, but he and his elder brother Soluun survived and joined Bregan D'aerthe. A year ago, Nar'l was given the difficult task of infiltrating the Xanathar Guild and getting as close to the beholder as possible. Not only did he succeed, but in the course of gaining Xanathar's trust, he managed to convince the beholder to eliminate its other advisors. The beholder's paranoia will eventually cause Xanathar to question the drow's loyalty, though, and Nar'l has become increasingly worried about his future. If forced to decide between himself and Bregan D'aerthe, he'll choose the former and betray his drow allies to save his own skin.",
										"Xanathar is aware that something is off with Nar'l, and recently assigned him a grell bodyguard. The grell has instructions to dispose of Nar'l at the first sign of disloyalty."
									]
								}
							]
						}
					]
				}
			],
			"images": [
				{
					"type": "image",
					"href": {
						"type": "internal",
						"path": "bestiary/WDH/Nar'l Xibrindas.jpg"
					}
				}
			]
		},
		{
			"name": "Nat",
			"source": "WDH",
			"images": [
				{
					"type": "image",
					"href": {
						"type": "internal",
						"path": "bestiary/WDH/Winter-Scene.jpg"
					}
				}
			]
		},
		{
			"name": "Nihiloor",
			"source": "WDH",
			"images": [
				{
					"type": "image",
					"href": {
						"type": "internal",
						"path": "bestiary/WDH/Nihiloor.jpg"
					}
				}
			]
		},
		{
			"name": "Nimblewright",
			"source": "WDH",
			"entries": [
				{
					"type": "entries",
					"entries": [
						{
							"type": "entries",
							"entries": [
								{
									"type": "entries",
									"entries": [
										"A nimblewright is a magical construct created to serve as a guard or assassin. Composed predominantly of lightweight wood and powered by magic, it can pass for humanoid while wearing clothing. Some nimblewrights wear plain clothing, while others are clad in flashier attire. A nimblewright is emotionless, its face frozen in whatever expression was given to it by its creator.",
										{
											"name": "Duelist",
											"type": "entries",
											"entries": [
												"A nimblewright moves like a dancer and fights like a swashbuckler, using dodges and parries to avoid damage while deftly skewering its foes."
											]
										},
										{
											"name": "Constructed Nature",
											"type": "entries",
											"entries": [
												"A nimblewright doesn't require air, food, drink, or sleep. Damage it takes can be repaired with {@spell mending} spells, but a nimblewright reduced to 0 hit points is permanently destroyed."
											]
										}
									]
								}
							]
						}
					]
				}
			],
			"images": [
				{
					"type": "image",
					"href": {
						"type": "internal",
						"path": "bestiary/WDH/Nimblewright.jpg"
					}
				}
			]
		},
		{
			"name": "Noska Ur'gray",
			"source": "WDH",
			"entries": [
				{
					"type": "entries",
					"entries": [
						{
							"type": "entries",
							"entries": [
								{
									"type": "entries",
									"entries": [
										"Noska is a ruthless enforcer in the Xanathar Guild. A green slime in Undermountain dissolved his left hand and forearm, and the lost appendage has been replaced with a heavy crossbow that attaches to the stump."
									]
								}
							]
						}
					]
				}
			],
			"images": [
				{
					"type": "image",
					"href": {
						"type": "internal",
						"path": "bestiary/WDH/Noska Ur'gray.jpg"
					}
				}
			]
		},
		{
			"name": "Obliteros",
			"source": "WDH",
			"entries": [
				{
					"type": "entries",
					"entries": [
						{
							"type": "entries",
							"entries": [
								{
									"type": "entries",
									"entries": [
										"An awakened Giant Shark who inhabits the harbor around Mistshore."
									]
								}
							]
						}
					]
				}
			]
		},
		{
			"name": "Orond Gralhund",
			"source": "WDH",
			"entries": [
				{
					"type": "entries",
					"entries": [
						{
							"type": "entries",
							"entries": [
								{
									"type": "entries",
									"entries": [
										"The Gralhunds are nobles who trade in arms and mercenaries, and whose family motto is \"We see both sides.\" Orond is the patriarch, but he's not a quick-thinking or cultured sort-and deep down, he knows it. He leaves most of the plotting and socializing to his wife, Yalah, to whom he is devoted.",
										"When several of the Masked Lords were assassinated in quick succession some years ago, Lord Gralhund had expected his wife to fill one of the vacancies. That never happened, though, despite many promises and bribes. After she was passed over, Orond became insanely angry, and he has remained that way ever since.",
										"Less than a year ago, the Gralhunds were approached by agents of the Zhentarim loyal to Manshoon, and the nobles formed an alliance with them. House Gralhund gives the Zhents coin and allows them to use the family's noble villa as a refuge. In exchange, the house reaps all the benefits that the Black Network offers, including intelligence that its spies have gathered. So while the Zhents use House Gralhund as a shield, the Gralhunds are using the Zhents to ascertain the identities and weaknesses of the Masked Lords.",
										"Orond doesn't fully grasp how entwined the Black Network and his family have become-it is now next to impossible to separate one from the other. It's no secret in Waterdeep that the Black Network has firmly rooted itself in House Gralhund. But what's not generally known is that the Zhents in House Gralhund are agents of Manshoon. Neither Orond nor any other member of his family knows about the wizard's clone. As far as Orond and his wife are concerned, the local leaders of the Black Network (with Urstul Floxin chief among them) reside with them in the family villa.",
										"Orond is a short, stocky man who dresses well and is easy on the eyes. When he opens his mouth, his boorish nature, inflated sense of self-importance, fragile ego, and despicable opinions about \"the common rabble\" come to the fore, and his charm quickly dissipates. When not in his wife's company, he is prone to excessive boasting and temper tantrums. When he must speak to strangers, he keeps his half-orc bodyguard Hrabbaz close by, for fear that others might attack and rob him at any moment. While in Yalah's presence, Orond becomes an altogether different person: quiet, almost timid, and happy to let his wife have the spotlight.",
										"Orond relies on Yalah to manage the Zhentarim. He spends his days watching mercenaries train, paying bills, and ranting about the cost of doing business in the city. Although he is human, Orond was born with a tiefling's tail. The tail was amputated when he was a young boy, but the scar on his backside remains."
									]
								}
							]
						}
					]
				}
			],
			"images": [
				{
					"type": "image",
					"href": {
						"type": "internal",
						"path": "bestiary/WDH/The Gralhunds.jpg"
					}
				}
			]
		},
		{
			"name": "Osvaldo Cassalanter",
			"source": "WDH",
			"images": [
				{
					"type": "image",
					"href": {
						"type": "internal",
						"path": "bestiary/WDH/Osvaldo.jpg"
					}
				}
			]
		},
		{
			"name": "Ott Steeltoes",
			"source": "WDH",
			"entries": [
				{
					"type": "entries",
					"entries": [
						{
							"type": "entries",
							"entries": [
								{
									"type": "entries",
									"entries": [
										"The dwarf Ott Steeltoes has the nerve-wracking task of tending to Xanathar's pet fish, Sylgar. In his spare time, he worships Zuggtmoy, the demon queen of fungi, and cultivates mushrooms, spores, and molds. He wears a leather skullcap stitched with fake beholder eyestalks."
									]
								}
							]
						}
					]
				}
			],
			"images": [
				{
					"type": "image",
					"href": {
						"type": "internal",
						"path": "bestiary/WDH/Ott Steeltoes.jpg"
					}
				}
			]
		},
		{
			"name": "Panopticus Wizard",
			"source": "WDH",
			"entries": [
				{
					"type": "entries",
					"entries": [
						{
							"type": "entries",
							"entries": [
								{
									"type": "entries",
									"entries": [
										"This bald-headed and tattooed dwarf operates Xanathar's \"panopticus\" magical surveillance system.",
										"Apprentice wizards are novice arcane spellcasters who serve more experienced wizards or attend school. They perform menial work, such as cooking and cleaning, in exchange for education in the ways of magic."
									]
								}
							]
						}
					]
				}
			]
		},
		{
			"name": "Remallia Haventree",
			"source": "WDH",
			"entries": [
				{
					"type": "entries",
					"entries": [
						{
							"type": "entries",
							"entries": [
								{
									"type": "entries",
									"entries": [
										"Remallia (Remi to her friends) is the lady of House Ulbrinter and a guiding light for the Harpers in Waterdeep",
										"She became an active force for good in the city after assassins killed her husband, Arthagast Ulbrinter, and destroyed his remains. A sun elf, she has two adult children (a half-elf son named Arthius, who is studying music in Silverymoon, and a half-elf daughter named Serenore, who lives on the Moonshae island of Alaron with her husband and daughter). Lady Haventree retains a handful of loyal servants and spies.",
										"Remi holds secret Harper meetings in her villa, which is warded by all manner of spells. She uses a silver raven figurine of wondrous power to deliver messages to Harper spies scattered throughout the city."
									]
								}
							]
						}
					]
				}
			]
		},
		{
			"name": "Renaer Neverember",
			"source": "WDH",
			"entries": [
				{
					"type": "entries",
					"entries": [
						{
							"type": "entries",
							"entries": [
								{
									"type": "entries",
									"entries": [
										"Renaer is the estranged son of Dagult Neverember, the former Open Lord of Waterdeep and the current Lord of Neverwinter. Father and son detest one another, and Renaer is least happy when he finds himself forced to deal with some mess his father left behind. Qualities that both share include striking good looks, a love of drink, and a flair for diplomacy. What Renaer lacks is his father's belligerence, ill temper, and bad judgment.",
										"Renaer lives off a sizable inheritance left to him by his mother. Approaching middle age, he has given up adventuring and settled down somewhat. As a Harper, he spends a lot of time defending Waterdavians against those who, like his father, would deprive them of their coin and rights. He owns Neverember House, a four-story residence in the Sea Ward. Renaer spends as little time there as possible, however, since it's constantly under surveillance by spies loyal to his father. His friends have an open invitation to use the house as they please, while Renaer spends most of his free time in taverns and festhalls.",
										"Some believe that Renaer's estrangement from his father is nothing but an act, and that anyone who bears the Neverember name is an enemy of Waterdeep. Renaer just shakes his head at such accusations and gets on with his life. He has many powerful friends to watch his back."
									]
								},
								{
									"type": "entries",
									"name": "Swashbuckler",
									"entries": [
										"Swashbucklers are charming ne'er-do-wells who live by their own codes of honor. They crave notoriety, often indulge in romantic trysts, and eke out livings as pirates and corsairs, rarely staying in one place for too long."
									]
								}
							]
						}
					]
				}
			],
			"images": [
				{
					"type": "image",
					"href": {
						"type": "internal",
						"path": "bestiary/WDH/Renaer Neverember.jpg"
					}
				}
			]
		},
		{
			"name": "Rishaal the Page-Turner",
			"source": "WDH",
			"entries": [
				{
					"type": "entries",
					"entries": [
						{
							"type": "entries",
							"entries": [
								{
									"type": "entries",
									"entries": [
										"Rishaal, known as Rishaal the Page Turner is proprietor of the Book Wyrm's Treasure in Trollskull Alley"
									]
								}
							]
						}
					]
				}
			]
		},
		{
			"name": "Saeth Cromley",
			"source": "WDH",
			"entries": [
				{
					"type": "entries",
					"entries": [
						{
							"type": "entries",
							"entries": [
								{
									"type": "entries",
									"entries": [
										"Saeth Cromley is a retired sergeant of the City Watch, a likable fellow with a sharp, sarcastic wit. He occasionally comes out of retirement at the request of Barnibus Blastwind, and he assists the mage in investigating unusual crimes in the city. Cromley helps Barnibus relate to the common folk, and he is good at coaxing information out of them. Though Cromley was once a strict proponent of Watch regulations and dress codes, he has grown a bit lax in both matters now that he's officially retired."
									]
								}
							]
						}
					]
				}
			],
			"images": [
				{
					"type": "image",
					"href": {
						"type": "internal",
						"path": "bestiary/WDH/Saeth Cromley.jpg"
					}
				}
			]
		},
		{
			"name": "Shard Shunner",
			"source": "WDH",
			"entries": [
				{
					"type": "entries",
					"entries": [
						{
							"type": "entries",
							"entries": [
								{
									"type": "entries",
									"entries": [
										" Member of the Shard Shunner gang hired by Emmek Frewn to disrupt the characters' running of the Trollskull Manor"
									]
								}
							]
						}
					]
				}
			]
		},
		{
			"name": "Skeemo Weirdbottle",
			"source": "WDH",
			"entries": [
				{
					"type": "entries",
					"entries": [
						{
							"type": "entries",
							"entries": [
								{
									"type": "entries",
									"entries": [
										"Skeemo became the Master of Magic for the Black Network in Waterdeep, setting up a cover in the Trades Ward in the form of a cramped little shop called Weirdbottle's Concoctions. Most of his potions and elixirs are nonmagical, but he crafts magical ones for his Zhent friends.",
										"Skeemo can add \"sellout\" to his credentials, his services having been bought by House Gralhund and the Black Network operatives loyal to Manshoon. The rock gnome uses paper birds (see appendix A) to send messages both to his new friends and his old ones."
									]
								},
								{
									"type": "entries",
									"name": "The Doom Raiders",
									"entries": [
										"The Doom Raiders were five unscrupulous adventurers who liked to plunder lich lairs (called \"dooms\" by some). They gave up adventuring to join the Black Network and came to Waterdeep three years ago with plans to establish a Zhentarim foothold in the city. In that time, they have forged alliances with various nobles and guilds and run afoul of others, all the while fending off Harper spies."
									]
								}
							]
						}
					]
				}
			],
			"images": [
				{
					"type": "image",
					"href": {
						"type": "internal",
						"path": "bestiary/WDH/Skeemo Weirdbottle.jpg"
					}
				}
			]
		},
		{
			"name": "Soluun Xibrindas",
			"source": "WDH",
			"entries": [
				{
					"type": "entries",
					"entries": [
						{
							"type": "entries",
							"entries": [
								{
									"type": "entries",
									"entries": [
										"Soluun is a sadistic, fanatical bully who is fiercely loyal to Bregan D'aerthe, and to Jarlaxle in particular. His younger brother, Nar'l, has infiltrated the Xanathar Guild. Soluun considers Nar'l a weakling who turned to arcane magic by way of compensation, and he has never had much faith in his brother or his abilities.",
										"Soluun has a burning hatred of surface elves and halfelves, having been taught from a young age to kill them as opportunity permits. When not engaged in a Bregan D'aerthe operation, Soluun spends his nights haunting the darkened streets and alleys of Waterdeep, looking for solitary elves or half-elves to pick off. He conceals his nighttime escapades as well as he can, but Jarlaxle, Fel'rekt, and Krebbyg know what he's up to."
									]
								}
							]
						}
					]
				}
			]
		},
		{
			"name": "Squiddly",
			"source": "WDH",
			"images": [
				{
					"type": "image",
					"href": {
						"type": "internal",
						"path": "bestiary/WDH/Autumn-Scene.jpg"
					}
				}
			]
		},
		{
			"name": "Swarm of Books",
			"source": "WDH",
			"entries": [
				{
					"type": "entries",
					"entries": [
						{
							"type": "entries",
							"entries": [
								{
									"type": "entries",
									"entries": [
										"Animated books which form a swarm when disturbed"
									]
								}
							]
						}
					]
				}
			]
		},
		{
			"name": "Swarm of Mechanical Spiders",
			"source": "WDH",
			"entries": [
				{
					"type": "entries",
					"entries": [
						{
							"type": "entries",
							"entries": [
								{
									"type": "entries",
									"entries": [
										"A swarm of tiny constructed spiders which attack anyone messing with Jarlaxle's chest aboard the Scarlet Marpenoth"
									]
								}
							]
						}
					]
				}
			]
		},
		{
			"name": "Sylgar",
			"source": "WDH",
			"entries": [
				{
					"type": "entries",
					"entries": [
						{
							"type": "entries",
							"entries": [
								{
									"type": "entries",
									"entries": [
										"Xanathar's pet fish."
									]
								}
							]
						}
					]
				}
			]
		},
		{
			"name": "Talisolvanar \"Tally\" Fellbranch",
			"source": "WDH",
			"entries": [
				{
					"type": "entries",
					"entries": [
						{
							"type": "entries",
							"entries": [
								{
									"type": "entries",
									"entries": [
										"A male half-elf carpenter and woodcarver."
									]
								}
							]
						}
					]
				}
			]
		},
		{
			"name": "Tashlyn Yafeera",
			"source": "WDH",
			"entries": [
				{
					"type": "entries",
					"entries": [
						{
							"type": "entries",
							"entries": [
								{
									"type": "entries",
									"entries": [
										"Tashlyn is Master of Arms and Mercenaries for the Waterdeep Zhentarim. In this role, she provides armor, weapons, and training to sellswords on the Black Network's payroll.",
										"Tashlyn has established a useful cover by serving as a bodyguard to Vorondar Levelstone, a dwarf magister stationed at the South Gate. She likes the dwarf and has earned his confidence, allowing her to reach the rank of captain in the City Guard. In that position, she watches over traffic that passes through the gate-and ensures that her associates in the Black Network can come and go freely.",
										"Born to a well-off family in Calimshan, Tashlyn has an unfettered sense of superiority. Quick to anger, she hates to back down from a fight. She respects anyone who can best her in melee combat."
									]
								},
								{
									"type": "entries",
									"name": "The Doom Raiders",
									"entries": [
										"The Doom Raiders were five unscrupulous adventurers who liked to plunder lich lairs (called \"dooms\" by some). They gave up adventuring to join the Black Network and came to Waterdeep three years ago with plans to establish a Zhentarim foothold in the city. In that time, they have forged alliances with various nobles and guilds and run afoul of others, all the while fending off Harper spies."
									]
								}
							]
						}
					]
				}
			],
			"images": [
				{
					"type": "image",
					"href": {
						"type": "internal",
						"path": "bestiary/WDH/Tashlyn Yafeera.jpg"
					}
				}
			]
		},
		{
			"name": "Thorvin Twinbeard",
			"source": "WDH",
			"entries": [
				{
					"type": "entries",
					"entries": [
						{
							"type": "entries",
							"entries": [
								{
									"type": "entries",
									"entries": [
										"Thorvin serves as Xanathar's chief engineer and trapsmith. He also serves the Harpers as a paid informant, keeping that faction apprised of Xanathar's plans as well as he can. Thorvin uses the ruse of maintenance inspections to cover up secret meetings he holds with Harper spies in Skullport and elsewhere.",
										"Thorvin wears iron-rimmed spectacles and carries a large, heavy wrench that doubles as a club. He also carries mason's tools, smith's tools, and thieves' tools, and has proficiency with all three."
									]
								}
							]
						}
					]
				}
			],
			"images": [
				{
					"type": "image",
					"href": {
						"type": "internal",
						"path": "bestiary/WDH/Thorvin Twinbeard.jpg"
					}
				}
			]
		},
		{
			"name": "Thrakkus",
			"source": "WDH",
			"entries": [
				{
					"type": "entries",
					"entries": [
						{
							"type": "entries",
							"entries": [
								{
									"type": "entries",
									"entries": [
										" A member of the Guild of Butchers, Thrakkus has a lucrative side business. Zhents loyal to Manshoon pay Thrakkus to chop up people they kill, and he sells the meat on the sly."
									]
								}
							]
						}
					]
				}
			]
		},
		{
			"name": "Tissina Khyret",
			"source": "WDH",
			"entries": [
				{
					"type": "entries",
					"entries": [
						{
							"type": "entries",
							"entries": [
								{
									"type": "entries",
									"entries": [
										"Madame Khyret is the personal attendant to Ammalia Cassalanter and is the family's chief housemaid. Madame Khyret dresses in a long black gown and wears a headdress with black tassels. She is an aging tiefling and she spends most of her time in the master sitting room"
									]
								}
							]
						}
					]
				}
			]
		},
		{
			"name": "Urstul Floxin",
			"source": "WDH",
			"entries": [
				{
					"type": "entries",
					"entries": [
						{
							"type": "entries",
							"entries": [
								{
									"type": "entries",
									"entries": [
										"Urstul Floxin works for Manshoon, and he is the highest-ranking member of the Zhentarim squad stationed at House Gralhund. Urstul is a glorified thug with all the charm and breeding of a snake, but the Gralhunds tolerate him because he feeds them useful information culled from his spies throughout the city. Urstul takes his orders from Manshoon's current simulacrum, which comes and goes from House Gralhund by way of a teleportation circle (connected to the circle in Kolat Towers).",
										"Urstul is a large, heavyset man in his forties. He storms about House Gralhund like he owns the place. He has a collection of black flying snakes that he uses as couriers to deliver messages to underlings throughout the city."
									]
								}
							]
						}
					]
				}
			],
			"images": [
				{
					"type": "image",
					"href": {
						"type": "internal",
						"path": "bestiary/WDH/Urstul Floxin.jpg"
					}
				}
			]
		},
		{
			"name": "Vajra Safahr",
			"source": "WDH",
			"entries": [
				{
					"type": "entries",
					"entries": [
						{
							"type": "entries",
							"entries": [
								{
									"type": "entries",
									"entries": [
										"Vajra is a capable wizard in her mid-thirties, the youngest person ever to hold the position of Blackstaff. As the High Wizard of Waterdeep, she is charged with using all the magic and resources at her disposal to defend the city against threats. She was handpicked for the job by Khelben Arunsun, and wields the Blackstaff from which Khelben derived his name and the title of the office. Vajra isn't the city's most powerful wizard, but she can hold her own. Despite her many gifts, she still questions her ability to meet the demands of her role, and she rarely makes a decision without first soliciting the advice of the Blackstaff, which contains Khelben Arunsun's spirit as well as the spirits of all the other Blackstaffs who preceded her. She also gets intelligence from many other sources, both through her own network of spies and from Harper agents.",
										"Vajra runs Blackstaff Academy, a school for mages, out of Blackstaff Tower in the Castle Ward. She is also in charge of Force Grey, an order of highly skilled adventurers who are called upon to defend the city in times of need. Vajra is always looking for new adventurers to fill the ranks of Force Grey, and she is particularly interested in those who can bring unique skills, abilities, or spells to the mix.",
										"Several of the older and more seasoned wizards in Waterdeep consider Vajra an upstart, but they are smart enough not to challenge her. Only the Open Lord, currently Laeral Silverhand, can strip Vajra of her title."
									]
								}
							]
						}
					]
				}
			],
			"images": [
				{
					"type": "image",
					"href": {
						"type": "internal",
						"path": "bestiary/WDH/Vajra Safahr.jpg"
					}
				}
			]
		},
		{
			"name": "Valetta",
			"source": "WDH",
			"entries": [
				{
					"type": "entries",
					"entries": [
						{
							"type": "entries",
							"entries": [
								"A dragonborn priest of bronze dragon ancestry."
							]
						}
					]
				}
			]
		},
		{
			"name": "Victoro Cassalanter",
			"source": "WDH",
			"entries": [
				{
					"type": "entries",
					"entries": [
						{
							"type": "entries",
							"entries": [
								{
									"type": "entries",
									"entries": [
										"The lord of House Cassalanter is a devilishly handsome half-elf who likes coin and power. He and his wife gained both by cutting a deal with Asmodeus-which involved trading away the souls of their three children.",
										"Victoro is a priest of Asmodeus, though his devotion to the Lord of the Nine Hells is a secret known only to his wife and his closest friends. Most Waterdavians know him as a successful banker, philanthropist, and worshiper of Lathander. Some of his business profits go toward feeding and sheltering the poor. But behind this veneer of generosity, Victoro is a self-serving beast.",
										"The soul of Victoro's eldest son, Osvaldo, is forever lost and can't be saved. To allay his guilt, Victoro has forged a plan to win back the souls of his young twins, Terenzio and Elzerina. Under the terms of the contract, their souls will be forfeit on their ninth birthdays, and that day is fast approaching. But Victoro can buy his way out of the obligation by providing, as the contract states, \"one shy of a million gold coins and the sacrifice of one shy of a hundred unfortunate souls.\"",
										"Victoro is well schooled, suave, slow to anger, and blessed with good health, long life, and immunity to disease. He dresses in the latest fashions and walks with a ruby-tipped cane, though not because he needs to. This cane has the magical properties of a rod of rulership."
									]
								}
							]
						}
					]
				}
			],
			"images": [
				{
					"type": "image",
					"href": {
						"type": "internal",
						"path": "bestiary/WDH/Victoro Cassalanter.webp"
					}
				}
			]
		},
		{
			"name": "Walking Statue of Waterdeep",
			"source": "WDH",
			"entries": [
				{
					"type": "entries",
					"entries": [
						{
							"type": "entries",
							"entries": [
								{
									"type": "entries",
									"entries": [
										"Scattered throughout Waterdeep are eight enormous statues that can defend the city in times of great peril. Because they are so destructive, the walking statues are used only to fend off armies and seemingly insurmountable foes.",
										"Each statue has a name and a unique appearance (see \"The Walking Statues\"), but in terms of statistics they are similar. The statue known as the Swordmaiden is too broken to be animated, and only the wielder of the Blackstaff (see appendix A) can animate the other seven.",
										{
											"name": "Landmarks",
											"type": "entries",
											"entries": [
												"Over the years, Waterdavians have built structures around and on top of several of the statues, believing them to be little more than landmarks at this point. In their inanimate state, the statues pose little danger-but any structures attached to a walking statue are destroyed the first time it animates."
											]
										},
										{
											"name": "Constructed Nature",
											"type": "entries",
											"entries": [
												"A walking statue doesn't require air, food, drink, or sleep."
											]
										}
									]
								}
							]
						}
					]
				}
			],
			"images": [
				{
					"type": "image",
					"href": {
						"type": "internal",
						"path": "bestiary/WDH/Walking Statue of Waterdeep.jpg"
					}
				}
			]
		},
		{
			"name": "Xanathar",
			"source": "WDH",
			"entries": [
				"Xanathar is the name given to the beholder crime lord that lives in the dungeons under Waterdeep. It isn't the first beholder to claim this mantle, nor will it be the last.",
				"Like all beholders, Xanathar is a paranoid tyrant that charms and bullies its minions into servitude. The Xanathar Guild is made up of some of Waterdeep's most disreputable folk, as well as monsters forced into subservience or drawn to the beholder by the promise of treasure, food, or power. Treachery within the ranks of the guild is common as servants vie for the beholder's favor and affection. Such boons are fleeting, though, as the beholder is quick to distrust those who finagle their way into its good graces.",
				"Xanathar lives in a dungeon under Skullport, a subterranean settlement connected to Undermountain's third level. The place resembles a ramshackle town, built inside a giant cavern connected to an underground river. Members of the Xanathar Guild haunt Skullport's dilapidated buildings, and flameskulls patrol its streets.",
				"The only creature Xanathar truly cares about aside from itself is a fish, named Sylgar, that it keeps in a large glass tank. Xanathar has minions that look after the fish constantly, but even their ministrations can't keep such a creature alive forever. Whenever the fish dies, panic spreads through the occupants of the lair as minions try to replace the fish before Xanathar realizes what has happened. Luckily for them, the beholder can't tell one fish from another.",
				"Xanathar is extremely fond of gold. A few years ago, its spies stole the {@item Stone of Golorr|WDH}, which contained information that led to the discovery of a dwarven vault under Waterdeep. Xanathar was able to open the vault, but was forced out by the dragon inside the place. Recently, someone stole the {@item Stone of Golorr|WDH} from where it was hidden inside its lair, and the beholder is convinced that the Black Network is behind the theft.",
				"The beholder is caught up in the unbreakable grip of its own paranoia. It sees enemies everywhere, and lashes out at anyone it suspects of being a Zhentarim spy or assassin. Adventurers who attract its attention by dealing with known or suspected Black Network operatives are quickly branded as enemies that must be destroyed."
			],
			"images": [
				{
					"type": "image",
					"href": {
						"type": "internal",
						"path": "bestiary/WDH/Xanathar-Lair.jpg"
					}
				}
			]
		},
		{
			"name": "Yagra Stonefist",
			"source": "WDH",
			"entries": [
				{
					"type": "entries",
					"entries": [
						{
							"type": "entries",
							"entries": [
								{
									"type": "entries",
									"entries": [
										"Yagra is a Black Network mercenary who gets paid to protect a Zhent negotiator named Davil Starsong (see appendix B for more information on him). Yagra finds the job boring and likes to pass the time by challenging adventurers to arm wrestle. (Resolve such contests using contested Strength checks.) If the characters express their opposition to the Xanathar Guild, Yagra might urge them to speak to Davil about joining forces with the Zhentarim to destroy the beholder crime lord."
									]
								}
							]
						}
					]
				}
			],
			"images": [
				{
					"type": "image",
					"href": {
						"type": "internal",
						"path": "bestiary/WDH/Yagra Stonefist.jpg"
					}
				}
			]
		},
		{
			"name": "Yalah Gralhund",
			"source": "WDH",
			"entries": [
				{
					"type": "entries",
					"entries": [
						{
							"type": "entries",
							"entries": [
								{
									"type": "entries",
									"entries": [
										"The lady of House Gralhund is no fool. She has a keen mind and the wisdom to discern friend from foe. She also has a husband who worships her (see \"Orond Gralhund\"), and a house that has the resources of the Black Network at its disposal.",
										"Yalah stays abreast of events in the city, keeps a tight rein on her children, and uses her station and her family's wealth to pry secrets from the lips of nobles, guildmasters, and commoners alike. Though her previous attempts to become a Masked Lord have been thwarted, she believes it's only a matter of time until that honor is bestowed on her. Once she knows the identities and secrets of enough Masked Lords, Yalah is confident that she can bribe, blackmail, or extort her way into their ranks. From there, she plans to effect changes in the government that will ensure House Gralhund's prosperity for generations to come.",
										"Yalah shares the services of a half-orc bodyguard with her husband, although Hrabbaz (see \"Hrabbaz\") is more loyal to her than to him. She also uses the Zhentarim who are based in House Gralhund as her personal spy network, not realizing that the Zhents' true master is Manshoon. Most of her dealings are with the Zhent master assassin Urstul Floxin (see \"Urstul Floxin\"), whom she treats as an underling."
									]
								}
							]
						}
					]
				}
			],
			"images": [
				{
					"type": "image",
					"href": {
						"type": "internal",
						"path": "bestiary/WDH/The Gralhunds.jpg"
					}
				}
			]
		},
		{
			"name": "Yorn",
			"source": "WDH",
			"entries": [
				{
					"type": "entries",
					"entries": [
						{
							"type": "entries",
							"entries": [
								{
									"type": "entries",
									"entries": [
										"A burly half-orc Zhentarim in the employ of Manshoon"
									]
								}
							]
						}
					]
				}
			]
		},
		{
			"name": "Zhent Martial Arts Adept",
			"source": "WDH",
			"entries": [
				{
					"type": "entries",
					"entries": [
						{
							"type": "entries",
							"entries": [
								{
									"type": "entries",
									"entries": [
										"The adepts believe that Manshoon should be the Zhantarim leader and serves him fearlessly"
									]
								}
							]
						}
					]
				}
			]
		},
		{
			"name": "Ziraj the Hunter",
			"source": "WDH",
			"entries": [
				{
					"type": "entries",
					"entries": [
						{
							"type": "entries",
							"entries": [
								{
									"type": "entries",
									"entries": [
										"Ziraj is a half-orc hunter who wields an oversized bow that shoots correspondingly large arrows. He is the Master of Assassination for the Black Network. If Ziraj sets out to kill someone, it's because one of his friends (Davil, Istrid, Skeemo, or Tashlyn) asked him to. The characters might become Ziraj's prey, or Ziraj might come to their aid to eliminate a common enemy. He's the strong, silent type.",
										"The City Watch has received reports of a figure who haunts the rooftops of Waterdeep-a hulking shadow that glares from its perch, rains down death in the form of long black arrows, and slinks off without so much as a whisper. Where he comes from-if he even has a home-remains a mystery, as does the question of where he might show up next.",
										{
											"name": "Treasure",
											"type": "entries",
											"entries": [
												"Ziraj wears +2 leather armor and carries an oversized longbow. This unique weapon can be used only by a Medium or larger creature that has a Strength of 18 or higher. The bow shoots oversized arrows that deal piercing damage equal to {@dice 2d6} + the wielder's Strength modifier. Its range is the same as an ordinary longbow."
											]
										}
									]
								},
								{
									"type": "entries",
									"name": "The Doom Raiders",
									"entries": [
										"The Doom Raiders were five unscrupulous adventurers who liked to plunder lich lairs (called \"dooms\" by some). They gave up adventuring to join the Black Network and came to Waterdeep three years ago with plans to establish a Zhentarim foothold in the city. In that time, they have forged alliances with various nobles and guilds and run afoul of others, all the while fending off Harper spies."
									]
								}
							]
						}
					]
				}
			],
			"images": [
				{
					"type": "image",
					"href": {
						"type": "internal",
						"path": "bestiary/WDH/Ziraj the Hunter.jpg"
					}
				}
			]
		}
	]
}
