{
	"monsterFluff": [
		{
			"name": "Andir Valmakos",
			"source": "DSotDQ",
			"entries": [
				"Despite his aptitude for magic and his parents' being wizards themselves, {@creature Andir Valmakos|DSotDQ|Andir} completed his apprenticeship and chose not to immediately seek out other Mages of High Sorcery. Instead, he took to the life of an adventuring wizard, seeking to see the world and what magic exists beyond dusty tomes. Although his travels have only just begun, Andir knows that one day his road will lead him to the Tower of High Sorcery at Wayreth, where he hopes to be tested and learn what his future holds."
			],
			"images": [
				{
					"type": "image",
					"href": {
						"type": "internal",
						"path": "bestiary/DSotDQ/Andir Valmakos.webp"
					}
				},
				{
					"type": "image",
					"href": {
						"type": "internal",
						"path": "bestiary/DSotDQ/Andir Valmakos Sketch.webp"
					}
				}
			]
		},
		{
			"name": "Anhkolox",
			"source": "DSotDQ",
			"entries": [
				{
					"type": "entries",
					"entries": [
						"Anhkoloxes are vicious undead creatures created from the bones of bears and other beasts. Their barbed bones grind and crack, often moving in seemingly impossible ways. Anhkoloxes are driven by territorial instinct and a predatory urge to hunt and devour living prey. They run on all fours and rear up onto their hind legs when they corner their quarry. When they strike, they wallop foes about with their claws\u2014they delight in knocking foes into pits full of jagged bones\u2014and their barbed rib cage cracks open like a hunting trap to snap closed around a victim."
					]
				}
			],
			"images": [
				{
					"type": "image",
					"href": {
						"type": "internal",
						"path": "bestiary/DSotDQ/Anhkolox.webp"
					}
				}
			]
		},
		{
			"name": "Aurak Draconian",
			"source": "DSotDQ",
			"entries": [
				{
					"type": "entries",
					"entries": [
						"Created from the eggs of gold dragons, aurak draconians are the most powerful of draconians, their entire being thrumming with eldritch power. Unlike other draconians, auraks are wingless. This might lull foes into a false sense of security, until the auraks exhale noxious fumes resembling those of their dragon progenitors. Auraks are masterminds and strategists that serve as commanders in the Dragon Armies. They often lead contingents of less powerful draconians. When slain, aurak draconians unleash their inherent magic in a deadly burst of lightning."
					]
				},
				{
					"type": "section",
					"entries": [
						{
							"type": "entries",
							"name": "Draconians",
							"entries": [
								"Draconians are bipedal monsters born from metallic dragon eggs that have been corrupted by a combination of warped alchemy and the Dragon Queen's foul magic. The Dragon Armies closely guard the secret of the draconians' creation, allowing Krynn's metallic dragons to continue to think their eggs are being held hostage so they don't oppose the Dragon Queen's conquests."
							]
						}
					]
				}
			],
			"images": [
				{
					"type": "image",
					"href": {
						"type": "internal",
						"path": "bestiary/DSotDQ/Aurak Draconian.webp"
					}
				}
			]
		},
		{
			"name": "Ayik Ur",
			"source": "DSotDQ",
			"entries": [
				"The youthful archer {@creature Ayik Ur|DSotDQ|Ayik} is the consummate survivor. As the Dragon Armies swarmed over his homeland of Khur, he became a refugee, but not before his leg was injured by a charging warhorse. Even as he fled, he swore to lend his bow in the fight against the Dragon Armies. He is defiant and cocky to the point of recklessness, challenging his enemies to finish what the Dragon Armies started back in Khur."
			],
			"images": [
				{
					"type": "image",
					"href": {
						"type": "internal",
						"path": "bestiary/DSotDQ/Ayik Ur.webp"
					}
				},
				{
					"type": "image",
					"href": {
						"type": "internal",
						"path": "bestiary/DSotDQ/Ayik Ur Sketch.webp"
					}
				}
			]
		},
		{
			"name": "Baaz Draconian",
			"source": "DSotDQ",
			"entries": [
				{
					"type": "entries",
					"entries": [
						"Baaz draconians are fanatical foot soldiers that emerge from the eggs of brass dragons. They are the smallest of the draconians, and their slight wings are incapable of flight, though they do afford the draconians some control when falling. These wings are small enough to be hidden beneath a cloak or robe, and baaz draconians disguise themselves to spy for the Dragon Armies. The sight of dragons drives baaz draconians into a deadly furor. When baaz draconians die, their bodies turn to stone and unleash clouds of petrifying gas that turn their corpses and any nearby creatures into stone."
					]
				},
				{
					"type": "section",
					"entries": [
						{
							"type": "entries",
							"name": "Draconians",
							"entries": [
								"Draconians are bipedal monsters born from metallic dragon eggs that have been corrupted by a combination of warped alchemy and the Dragon Queen's foul magic. The Dragon Armies closely guard the secret of the draconians' creation, allowing Krynn's metallic dragons to continue to think their eggs are being held hostage so they don't oppose the Dragon Queen's conquests."
							]
						}
					]
				}
			],
			"images": [
				{
					"type": "image",
					"href": {
						"type": "internal",
						"path": "bestiary/DSotDQ/Baaz Draconian.webp"
					}
				}
			]
		},
		{
			"name": "Bakaris the Younger",
			"source": "DSotDQ",
			"images": [
				{
					"type": "image",
					"href": {
						"type": "internal",
						"path": "bestiary/DSotDQ/041-03-004.bakaris-the-younger.webp"
					}
				}
			]
		},
		{
			"name": "Bakaris Uth Estide",
			"source": "DSotDQ",
			"images": [
				{
					"type": "image",
					"href": {
						"type": "internal",
						"path": "bestiary/DSotDQ/056-04-002.bakaris.webp"
					}
				}
			]
		},
		{
			"name": "Becklin Uth Viharin",
			"source": "DSotDQ",
			"images": [
				{
					"type": "image",
					"href": {
						"type": "internal",
						"path": "bestiary/DSotDQ/039-03-002.berklin-uth-viharin.webp"
					}
				}
			]
		},
		{
			"name": "Belephaion",
			"source": "DSotDQ",
			"images": [
				{
					"type": "image",
					"href": {
						"type": "internal",
						"path": "bestiary/DSotDQ/109-06-007.belephaion-true-form.webp"
					}
				}
			]
		},
		{
			"name": "Bozak Draconian",
			"source": "DSotDQ",
			"entries": [
				{
					"type": "entries",
					"entries": [
						"Bozak draconians are born from bronze dragon eggs and wield magic to aid their allies in battle. Their wings aren't strong enough for full flight, but bozaks can use them to glide during a fall. When bozaks die, their flesh shrivels away before their bones explode, sending a shower of magical splinters in all directions."
					]
				},
				{
					"type": "section",
					"entries": [
						{
							"type": "entries",
							"name": "Draconians",
							"entries": [
								"Draconians are bipedal monsters born from metallic dragon eggs that have been corrupted by a combination of warped alchemy and the Dragon Queen's foul magic. The Dragon Armies closely guard the secret of the draconians' creation, allowing Krynn's metallic dragons to continue to think their eggs are being held hostage so they don't oppose the Dragon Queen's conquests."
							]
						}
					]
				}
			],
			"images": [
				{
					"type": "image",
					"href": {
						"type": "internal",
						"path": "bestiary/DSotDQ/Bozak Draconian.webp"
					}
				}
			]
		},
		{
			"name": "Captain Hask",
			"source": "DSotDQ",
			"images": [
				{
					"type": "image",
					"href": {
						"type": "internal",
						"path": "bestiary/DSotDQ/102-06-004.captain-hask.webp"
					}
				}
			]
		},
		{
			"name": "Caradoc",
			"source": "DSotDQ",
			"entries": [
				{
					"type": "entries",
					"entries": [
						"Seneschal of Lord Soth and a former Knight of Solamnia, Caradoc burned when Dargaard Keep was consumed in the fires of the Cataclysm. As with many of Soth's retainers, Caradoc was cursed with undeath. Being duplicitous and cowardly at his core, the seneschal didn't return as a skeletal knight but rather as an intangible spirit. Caradoc's Undead form suits him well, allowing him to possess the living and use unwilling tongues to spread his lies. However, Caradoc is tethered to his scorched bones, which collect dust in Dargaard Keep. He can leave the accursed castle while possessing the body of a Humanoid, but he's swiftly pulled back if caught beyond its walls without a host."
					]
				}
			],
			"images": [
				{
					"type": "image",
					"href": {
						"type": "internal",
						"path": "bestiary/DSotDQ/Caradoc.webp"
					}
				}
			]
		},
		{
			"name": "Clystran",
			"source": "DSotDQ",
			"images": [
				{
					"type": "image",
					"href": {
						"type": "internal",
						"path": "bestiary/DSotDQ/085-05-007.clystran.webp"
					}
				}
			]
		},
		{
			"name": "Cudgel Ironsmile",
			"source": "DSotDQ",
			"images": [
				{
					"type": "image",
					"href": {
						"type": "internal",
						"path": "bestiary/DSotDQ/040-03-003.cudgel-and-becklin.webp"
					}
				}
			]
		},
		{
			"name": "Dalamar",
			"source": "DSotDQ",
			"images": [
				{
					"type": "image",
					"href": {
						"type": "internal",
						"path": "bestiary/DSotDQ/073-05-003.dalamar.webp"
					}
				}
			]
		},
		{
			"name": "Darrett Highwater",
			"source": "DSotDQ",
			"images": [
				{
					"type": "image",
					"href": {
						"type": "internal",
						"path": "bestiary/DSotDQ/042-03-005.darrett-highwater.webp"
					}
				},
				{
					"type": "image",
					"href": {
						"type": "internal",
						"path": "bestiary/DSotDQ/112-07-002.darrett-highwater.webp"
					}
				}
			]
		},
		{
			"name": "Demelin",
			"source": "DSotDQ",
			"images": [
				{
					"type": "image",
					"href": {
						"type": "internal",
						"path": "bestiary/DSotDQ/096-06-002.demelin.webp"
					}
				}
			]
		},
		{
			"name": "Dracophage Subject",
			"source": "DSotDQ",
			"entries": [
				{
					"type": "entries",
					"entries": [
						"Kapak draconians are created using copper dragon eggs. These cunning opponents relish striking foes who are distracted or unaware. Kapaks often coat their weapons with their paralytic saliva, making them formidable assassins as well. Their small wings don't allow kapaks to fly, but they do help the draconians turn a fall into a rough glide. When they die, kapaks dissolve into acid that can splash onto nearby creatures."
					]
				},
				{
					"type": "section",
					"entries": [
						{
							"type": "entries",
							"name": "Draconians",
							"entries": [
								"Draconians are bipedal monsters born from metallic dragon eggs that have been corrupted by a combination of warped alchemy and the Dragon Queen's foul magic. The Dragon Armies closely guard the secret of the draconians' creation, allowing Krynn's metallic dragons to continue to think their eggs are being held hostage so they don't oppose the Dragon Queen's conquests."
							]
						}
					]
				}
			]
		},
		{
			"name": "Dragon Army Dragonnel",
			"source": "DSotDQ",
			"entries": [
				{
					"type": "entries",
					"entries": [
						"Dragonnels from the volcanic mountains surrounding Sanction are closely related to red dragons, resembling them in scale coloration and general shape. They are cruel and selfish creatures trained by the Dragon Armies to serve as mounts for trusted officers. While they lack a red dragon's destructive breath, these dragonnels are inured to fire, and their vicious teeth and claws flare with embers."
					]
				},
				{
					"type": "section",
					"entries": [
						{
							"type": "entries",
							"name": "Dragonnels",
							"entries": [
								"Dragonnels are distantly related to chromatic and metallic dragons and resemble them in basic form. Intelligent enough to understand speech but incapable of speaking themselves, they are willful creatures largely motivated by the desire for food."
							]
						}
					]
				}
			],
			"images": [
				{
					"type": "image",
					"href": {
						"type": "internal",
						"path": "bestiary/DSotDQ/Dragon Army Dragonnel.webp"
					}
				}
			]
		},
		{
			"name": "Dragon Army Officer",
			"source": "DSotDQ",
			"entries": [
				{
					"type": "entries",
					"entries": [
						"The Dragon Armies gather fanatical followers to their ranks. Recruits are indoctrinated to revere the Dragon Queen and view dragons as her favored servants. Troops in the Dragon Army wield weapons blessed by Takhisis to strike with the power of the dragons they fight alongside."
					]
				},
				{
					"type": "section",
					"entries": [
						{
							"type": "entries",
							"name": "Dragon Army Weapons",
							"entries": [
								"The weapons of Dragon Army troops are blessed with an infusion of dragon breath. The type of damage these weapons deal depends on the specific army. The stat blocks presented here represent Red Dragon Army troops with weapons infused by the fire of red dragons. You can represent followers of other chromatic dragons by changing the fire damage to match the damage type associated with those dragons' breath weapons."
							]
						}
					]
				}
			]
		},
		{
			"name": "Dragon Army Soldier",
			"source": "DSotDQ",
			"entries": [
				{
					"type": "entries",
					"entries": [
						"The Dragon Armies gather fanatical followers to their ranks. Recruits are indoctrinated to revere the Dragon Queen and view dragons as her favored servants. Troops in the Dragon Army wield weapons blessed by Takhisis to strike with the power of the dragons they fight alongside."
					]
				},
				{
					"type": "section",
					"entries": [
						{
							"type": "entries",
							"name": "Dragon Army Weapons",
							"entries": [
								"The weapons of Dragon Army troops are blessed with an infusion of dragon breath. The type of damage these weapons deal depends on the specific army. The stat blocks presented here represent Red Dragon Army troops with weapons infused by the fire of red dragons. You can represent followers of other chromatic dragons by changing the fire damage to match the damage type associated with those dragons' breath weapons."
							]
						}
					]
				}
			],
			"images": [
				{
					"type": "image",
					"href": {
						"type": "internal",
						"path": "bestiary/DSotDQ/Dragon Army Soldier.webp"
					}
				}
			]
		},
		{
			"name": "Durstan Rial",
			"source": "DSotDQ",
			"images": [
				{
					"type": "image",
					"href": {
						"type": "internal",
						"path": "bestiary/DSotDQ/064-04-006.caradoc.webp"
					}
				}
			]
		},
		{
			"name": "Duskwalker",
			"source": "DSotDQ",
			"images": [
				{
					"type": "image",
					"href": {
						"type": "internal",
						"path": "bestiary/DSotDQ/105-06-005.duskwalker.webp"
					}
				}
			]
		},
		{
			"name": "Fewmaster Gholcag",
			"source": "DSotDQ",
			"entries": [
				{
					"type": "entries",
					"entries": [
						"Fewmaster Gholcag is a low-ranking commander in the Red Dragon Army and the leader of the raid on Vogler.",
						"Ogres are hulking giants notorious for their quick tempers. When its rage is incited, an ogre lashes out in a frustrated tantrum until it runs out of objects or creatures to smash."
					]
				}
			],
			"images": [
				{
					"type": "image",
					"href": {
						"type": "internal",
						"path": "bestiary/DSotDQ/Fewmaster Gholcag.webp"
					}
				}
			]
		},
		{
			"name": "Greater Death Dragon",
			"source": "DSotDQ",
			"entries": [
				{
					"type": "entries",
					"entries": [
						"Some death dragons manage to retain almost all of their former selves, albeit twisted by their state of being. These greater death dragons scheme to achieve their ends, all the while amassing and jealously guarding treasure hoards as they did in life. In battle, they are deadly foes, channeling the Cataclysmic fire that limns their bones and fuels their breath. They take cruel delight in snatching foes in their jaws, rushing into the air, then dropping the snared creatures to their doom."
					]
				},
				{
					"type": "section",
					"entries": [
						{
							"type": "entries",
							"name": "Death Dragons",
							"entries": [
								"Death dragons are the Undead skeletal remains of metallic or chromatic dragons, infused with the lingering fires of the Cataclysm by foul magic. Rarely, death dragons arise when a dragon meets its end in a way that torments its soul and consumes it with a need for vengeance. Regardless of how it arose, a death dragon retains a shadow of its former personality. The stronger the death dragon, the more it fights the hate consuming it, holding on to some vestige of its memories.",
								"A death dragon's bones burn with violet Cataclysmic fire, which it can unleash in a horrific mockery of the breath weapon it possessed in life. The breath snuffs out life force and infuses undeath into corpses it touches. These zombies burn with Cataclysmic fire and serve the death dragon's will, typically going on rampages to destroy all living creatures in sight."
							]
						}
					]
				}
			],
			"images": [
				{
					"type": "image",
					"href": {
						"type": "internal",
						"path": "bestiary/DSotDQ/Greater Death Dragon.webp"
					}
				}
			]
		},
		{
			"name": "Hrigg Roundrook",
			"source": "DSotDQ",
			"entries": [
				"{@creature Hrigg Roundrook|DSotDQ|Hrigg} is a gregarious dwarf who laughs heartily and lives to feast on the finest food and fight the vilest evil. He is one of five siblings, each of whom were chosen by Kiri-Jolith, the god of war, to receive his divine power. From their homeland of Kayolin, the five siblings each set out on their own path to bring Kiri-Jolith's message directly to the Dragon Armies. Hrigg's path brought him to Kalaman, where he happily finds himself on the front line of an invasion."
			],
			"images": [
				{
					"type": "image",
					"href": {
						"type": "internal",
						"path": "bestiary/DSotDQ/Hrigg Roundrook.webp"
					}
				},
				{
					"type": "image",
					"href": {
						"type": "internal",
						"path": "bestiary/DSotDQ/Hrigg Roundrook Sketch.webp"
					}
				}
			]
		},
		{
			"name": "Ignia",
			"source": "DSotDQ",
			"images": [
				{
					"type": "image",
					"href": {
						"type": "internal",
						"path": "bestiary/DSotDQ/129-07-011.dragon-highmaster-kansaldi.webp"
					}
				}
			]
		},
		{
			"name": "Iriad",
			"source": "DSotDQ",
			"entries": [
				"{@creature Iriad|DSotDQ} is a Kagonesti elf from the lush woodlands of Southern Ergoth, where she learned to move undetected across the terrain. When Silvanesti elves began arriving at Southern Ergoth as refugees, she decided to lend her skills in the fight against the Dragon Armies before they can invade her homeland. She is a talented spy and scout who isn't afraid to bring her blades to bear if the situation demands it."
			],
			"images": [
				{
					"type": "image",
					"href": {
						"type": "internal",
						"path": "bestiary/DSotDQ/Iriad.webp"
					}
				},
				{
					"type": "image",
					"href": {
						"type": "internal",
						"path": "bestiary/DSotDQ/Iriad Sketch.webp"
					}
				}
			]
		},
		{
			"name": "Ishvern",
			"source": "DSotDQ",
			"images": [
				{
					"type": "image",
					"href": {
						"type": "internal",
						"path": "bestiary/DSotDQ/074-05-004.ishvern.webp"
					}
				}
			]
		},
		{
			"name": "Istarian Drone",
			"source": "DSotDQ",
			"entries": [
				{
					"type": "entries",
					"entries": [
						"Istarian drones are ancient Constructs made of marble and gleaming metal inlaid with crystals that flash with sparks of electricity. Created to build the fantastic structures that once marked the glory of Istar, these drones resemble short, stout mantises. They have four scuttling insectile legs and barbed, scythe-shaped arms for carrying and placing building materials. The drones create a viscous gel that hardens into crystalline mortar, which they can repurpose to restrain attackers."
					]
				}
			],
			"images": [
				{
					"type": "image",
					"href": {
						"type": "internal",
						"path": "bestiary/DSotDQ/Istarian Drone.webp"
					}
				}
			]
		},
		{
			"name": "Jeyev Veldrews",
			"source": "DSotDQ",
			"images": [
				{
					"type": "image",
					"href": {
						"type": "internal",
						"path": "bestiary/DSotDQ/047-03-008.jeyev-veldrews.webp"
					}
				}
			]
		},
		{
			"name": "Kalaman Soldier",
			"source": "DSotDQ",
			"entries": [
				{
					"type": "entries",
					"entries": [
						"Kalaman soldiers are the rank-and-file troops of the army of Kalaman. They are trained to fight defensively, bolstering one another in battle."
					]
				}
			]
		},
		{
			"name": "Kansaldi Fire-Eyes",
			"source": "DSotDQ",
			"entries": [
				{
					"type": "entries",
					"entries": [
						"High Master Kansaldi Fire-Eyes leads the Red Dragon Army's offensive in Solamnia. A fanatical adherent of the Dragon Queen, Kansaldi was indoctrinated into the god's worship by Dragon High Lord Verminaard. During a test of faith from her mentor, Kansaldi replaced her left eye with a gem of seeing. This gem smolders and glows red whenever Kansaldi uses her magic, and her followers claim it allows her to see through any lie.",
						"Highlord Verminaard follows visions from the Dragon Queen on a campaign south. In his absence, he left a powerful contingent of the Red Dragon Army under Kansaldi's command and ordered her to claim the Kalaman region in the Dragon Queen's name. Kansaldi pursues these orders with a fanatic's zeal. For her, there is no possibility of defeat\u2014there is only the Dragon Queen's will."
					]
				}
			],
			"images": [
				{
					"type": "image",
					"href": {
						"type": "internal",
						"path": "bestiary/DSotDQ/Kansaldi Fire-Eyes.webp"
					}
				}
			]
		},
		{
			"name": "Kapak Draconian",
			"source": "DSotDQ",
			"entries": [
				{
					"type": "entries",
					"entries": [
						"Kapak draconians are created using copper dragon eggs. These cunning opponents relish striking foes who are distracted or unaware. Kapaks often coat their weapons with their paralytic saliva, making them formidable assassins as well. Their small wings don't allow kapaks to fly, but they do help the draconians turn a fall into a rough glide. When they die, kapaks dissolve into acid that can splash onto nearby creatures."
					]
				},
				{
					"type": "section",
					"entries": [
						{
							"type": "entries",
							"name": "Draconians",
							"entries": [
								"Draconians are bipedal monsters born from metallic dragon eggs that have been corrupted by a combination of warped alchemy and the Dragon Queen's foul magic. The Dragon Armies closely guard the secret of the draconians' creation, allowing Krynn's metallic dragons to continue to think their eggs are being held hostage so they don't oppose the Dragon Queen's conquests."
							]
						}
					]
				}
			],
			"images": [
				{
					"type": "image",
					"href": {
						"type": "internal",
						"path": "bestiary/DSotDQ/Kapak Draconian.webp"
					}
				}
			]
		},
		{
			"name": "Karavarix",
			"source": "DSotDQ",
			"images": [
				{
					"type": "image",
					"href": {
						"type": "internal",
						"path": "bestiary/DSotDQ/128-07-010.karavarix.webp"
					}
				}
			]
		},
		{
			"name": "Kender Skirmisher",
			"source": "DSotDQ",
			"entries": [
				{
					"type": "entries",
					"entries": [
						"Kender skirmishers are fearless fighters who use stealth and wiliness to defend their friends and homes. They excel at disrupting their enemies by sabotaging crucial equipment or by taunting opponents into making rash decisions. They wield the signature kender weapon: the hoopak, a combination spear and sling staff."
					]
				},
				{
					"type": "section",
					"entries": [
						{
							"type": "entries",
							"name": "Kender Taunts",
							"entries": [
								"Roll on or choose an entry from the Kender Taunts table to determine how a kender skirmisher infuriates an opponent in battle.",
								{
									"type": "table",
									"colLabels": [
										"d4",
										"Taunt"
									],
									"colStyles": [
										"col-2 text-center",
										"col-10"
									],
									"rows": [
										[
											"1",
											"\"Should I pretend to be scared? You seem like you really need this.\""
										],
										[
											"2",
											"\"I wish I could be like you and just not care how I look... or smell... or dress. So brave.\""
										],
										[
											"3",
											"\"Did the Cataclysm have a face? Because I think you might be twins!\""
										],
										[
											"4",
											"Energetically points at their foe with both hands and loudly repeats the word \"bonk.\""
										]
									]
								}
							]
						}
					]
				}
			],
			"images": [
				{
					"type": "image",
					"href": {
						"type": "internal",
						"path": "bestiary/DSotDQ/Kender Skirmisher.webp"
					}
				}
			]
		},
		{
			"name": "Leedara",
			"source": "DSotDQ",
			"entries": [
				{
					"type": "entries",
					"entries": [
						"Leedara died during the Cataclysm over three hundred years ago. Once an elven priest, Leedara witnessed her companion and fellow priest, Isolde, drawn into the grim fate of the wicked Knight of Solamnia, Lord Loren Soth. When Soth failed his gods-given quest to prevent the Cataclysm, he became cursed to exist forever as a death knight. As part of his curse, Leedara and several of her companions returned as deathless spirits devoted to ensuring Soth never finds peace."
					]
				}
			],
			"images": [
				{
					"type": "image",
					"href": {
						"type": "internal",
						"path": "bestiary/DSotDQ/Leedara.webp"
					}
				}
			]
		},
		{
			"name": "Lesser Death Dragon",
			"source": "DSotDQ",
			"entries": [
				{
					"type": "entries",
					"entries": [
						"Most death dragons are pale imitations of their former selves. They remember flashes and echoes, and sometimes things or creatures they encounter painfully remind them of what they once had. These fleeting moments of lucidity quickly burn away in rage and anguish, driving the dragons to destroy the would-be memento."
					]
				},
				{
					"type": "section",
					"entries": [
						{
							"type": "entries",
							"name": "Death Dragons",
							"entries": [
								"Death dragons are the Undead skeletal remains of metallic or chromatic dragons, infused with the lingering fires of the Cataclysm by foul magic. Rarely, death dragons arise when a dragon meets its end in a way that torments its soul and consumes it with a need for vengeance. Regardless of how it arose, a death dragon retains a shadow of its former personality. The stronger the death dragon, the more it fights the hate consuming it, holding on to some vestige of its memories.",
								"A death dragon's bones burn with violet Cataclysmic fire, which it can unleash in a horrific mockery of the breath weapon it possessed in life. The breath snuffs out life force and infuses undeath into corpses it touches. These zombies burn with Cataclysmic fire and serve the death dragon's will, typically going on rampages to destroy all living creatures in sight."
							]
						}
					]
				}
			],
			"images": [
				{
					"type": "image",
					"href": {
						"type": "internal",
						"path": "bestiary/DSotDQ/Lesser Death Dragon.webp"
					}
				}
			]
		},
		{
			"name": "Levna Drakehorn",
			"source": "DSotDQ",
			"entries": [
				"Though a recent inductee into the Order of the Rose, {@creature Levna Drakehorn|DSotDQ|Levna} is a confident, experienced Solamnic knight. She is brave, decisive, and deadly with her two-handed sword. After a chance encounter with agents of the Blue Dragon Army, Levna was left with a distinctive, branching scar. She claims it came from the breath of a blue dragon, but few of her fellow Knights of Solamnia believe her."
			],
			"images": [
				{
					"type": "image",
					"href": {
						"type": "internal",
						"path": "bestiary/DSotDQ/Levna Drakehorn.webp"
					}
				},
				{
					"type": "image",
					"href": {
						"type": "internal",
						"path": "bestiary/DSotDQ/Levna Drakehorn Sketch.webp"
					}
				}
			]
		},
		{
			"name": "Lohezet",
			"source": "DSotDQ",
			"entries": [
				{
					"type": "entries",
					"entries": [
						"A black-robed member of the Mages of High Sorcery, Lohezet is a scholar obsessed with extinct creatures and fallen empires. He views the Dragon Army as a way to recreate the glories of Ansalon's past. During the Dragon Armies' invasions of Khur and Kendermore, Lohezet's investigations of Istarian ruins revealed the location of the flying city of Onyari. He now travels with the Red Dragon Army, intent on finding the City of Lost Names and restoring it to the skies.",
						"Lohezet employs the strategies of extinct poisonous predators in battle. His magical toxins wear down even the strongest foes, providing him with the opportunity to escape or reducing his enemies to discolored corpses."
					]
				}
			],
			"images": [
				{
					"type": "image",
					"href": {
						"type": "internal",
						"path": "bestiary/DSotDQ/Lohezet.webp"
					}
				}
			]
		},
		{
			"name": "Lord Soth",
			"source": "DSotDQ",
			"entries": [
				{
					"type": "entries",
					"entries": [
						"Lord Soth is the most powerful death knight on Krynn. Once a Solamnic Knight of the Order of the Rose, Soth was a paragon of virtue and justice who allowed his pride to lead him down an evil path. The gods gave Soth a chance at redemption, charging him with confronting the Kingpriest of Istar and averting the Cataclysm. However, he was undone by his pride, abandoned his quest, and allowed the Cataclysm to devastate Krynn. Soth perished during the Cataclysm but then rose from the ashes as an Undead horror. In his cursed castle, Dargaard Keep, Soth long ignored the ruined world, but the Dragon Queen's summons has called his evil forth once more.",
						"In battle, Soth is a terror, wielding the last remnant of the Cataclysm's fires to devastating effect. He usually uses his spellcasting ability only as part of his legendary actions."
					]
				}
			],
			"images": [
				{
					"type": "image",
					"href": {
						"type": "internal",
						"path": "bestiary/DSotDQ/Lord Soth.webp"
					}
				}
			]
		},
		{
			"name": "Lorry Wanwillow",
			"source": "DSotDQ",
			"images": [
				{
					"type": "image",
					"href": {
						"type": "internal",
						"path": "bestiary/DSotDQ/121-07-007.lorry-wanwillow.webp"
					}
				}
			]
		},
		{
			"name": "Raven Uth Vogler",
			"source": "DSotDQ",
			"images": [
				{
					"type": "image",
					"href": {
						"type": "internal",
						"path": "bestiary/DSotDQ/044-03-007.raven-uth-vogler.webp"
					}
				}
			]
		},
		{
			"name": "Red Ruin",
			"source": "DSotDQ",
			"entries": [
				{
					"type": "entries",
					"entries": [
						"Known for her incredible awareness and reflexes, the dragonnel-flying ace Red Ruin leads the Red Dragon Army's airborne forces. Her actual name is unknown, leading her allies to refer to her merely as \"commander\" or \"Red Ruin\"\u2014a sobriquet earned after razing numerous targets from the air. She rarely removes her distinctive dragonnel-shaped helmet, leading to speculation about her actual identity. She also speaks little, relying on sharp hand gestures to direct dragonnel-riders in flight."
					]
				}
			],
			"images": [
				{
					"type": "image",
					"href": {
						"type": "internal",
						"path": "bestiary/DSotDQ/Red Ruin.webp"
					}
				}
			]
		},
		{
			"name": "Sarlamir",
			"source": "DSotDQ",
			"images": [
				{
					"type": "image",
					"href": {
						"type": "internal",
						"path": "bestiary/DSotDQ/068-04-008.knight-sarlamir.webp"
					}
				}
			]
		},
		{
			"name": "Sea Elf Scout",
			"source": "DSotDQ",
			"images": [
				{
					"type": "image",
					"href": {
						"type": "internal",
						"path": "bestiary/DSotDQ/Sea Elf Scout.webp"
					}
				}
			]
		},
		{
			"name": "Sivak Draconian",
			"source": "DSotDQ",
			"entries": [
				{
					"type": "entries",
					"entries": [
						"Sivak draconians are fearsome brutes created from the eggs of silver dragons. They fly on mighty wings over battlefields wherever the fighting is the fiercest, making them effective shock troops. Sivaks can magically change their features to mimic the appearance of those they've slain. This allows these cunning soldiers to sow confusion and despair among their enemies. When sivaks are killed, their crumbling bodies mimic the form of their killers and shriek in agony."
					]
				},
				{
					"type": "section",
					"entries": [
						{
							"type": "entries",
							"name": "Draconians",
							"entries": [
								"Draconians are bipedal monsters born from metallic dragon eggs that have been corrupted by a combination of warped alchemy and the Dragon Queen's foul magic. The Dragon Armies closely guard the secret of the draconians' creation, allowing Krynn's metallic dragons to continue to think their eggs are being held hostage so they don't oppose the Dragon Queen's conquests."
							]
						}
					]
				}
			],
			"images": [
				{
					"type": "image",
					"href": {
						"type": "internal",
						"path": "bestiary/DSotDQ/Sivak Draconian.webp"
					}
				}
			]
		},
		{
			"name": "Skeletal Knight",
			"source": "DSotDQ",
			"entries": [
				{
					"type": "entries",
					"entries": [
						"Skeletal knights are powerful Undead that arise to serve even more wicked beings\u2014often death knights. Those who become skeletal knights were typically virtuous in life but betrayed their oaths and died in disgrace. Unable to rest, they are now unswervingly loyal to the villains they serve. Should a skeletal knight's master be destroyed, the knight regains its will and is free to pursue its own ends.",
						"Skeletal knights are relentless in battle and difficult to destroy. They cling to the sins that curse them, and they fight until their skulls are reduced to shards. Their blades deal lingering wounds that sap their victims' life force and leave blackened scars even after magical healing."
					]
				}
			],
			"images": [
				{
					"type": "image",
					"href": {
						"type": "internal",
						"path": "bestiary/DSotDQ/Skeletal Knight.webp"
					}
				}
			]
		},
		{
			"name": "Tatina Rookledust",
			"source": "DSotDQ",
			"images": [
				{
					"type": "image",
					"href": {
						"type": "internal",
						"path": "bestiary/DSotDQ/058-04-004.tatina-defense.webp"
					}
				}
			]
		},
		{
			"name": "Tem Temble",
			"source": "DSotDQ",
			"entries": [
				"{@creature Tem Temble|DSotDQ|Tem} has the soul of a wanderer, though her feet most often take her deep into the wild and forgotten places of the world. Early in her travels, she befriended a winged lizard she named Melon, and the two have become inseparable. She fights the Dragon Armies' advance, channeling the rejuvenating magic of nature through her trusty hoopak to bolster her allies. Tem's mannerisms are similar to a cat's, as she disregards personal space and forever seeks to curl up in warm spots."
			],
			"images": [
				{
					"type": "image",
					"href": {
						"type": "internal",
						"path": "bestiary/DSotDQ/Tem Temble.webp"
					}
				},
				{
					"type": "image",
					"href": {
						"type": "internal",
						"path": "bestiary/DSotDQ/Tem Temble Sketch.webp"
					}
				}
			]
		},
		{
			"name": "Virruza",
			"source": "DSotDQ",
			"entries": [
				{
					"type": "entries",
					"entries": [
						"Changed by days of strange experiments involving draconian blood and exposure to the Spawning Shard, Virruza now looks like a tumescent draconian with warty green skin and an overly large mouth."
					]
				}
			]
		},
		{
			"name": "Wasteland Dragonnel",
			"source": "DSotDQ",
			"entries": [
				{
					"type": "entries",
					"entries": [
						"The Northern Wastes of Ansalon are home to wasteland dragonnels, draconic creatures closely related to copper dragons. Wasteland dragonnels are lithe and quick, with scales the color of dull copper. These playful creatures defend their territory by flying out of a foe's reach and spitting potent acid, in an approximation of their copper dragon relatives."
					]
				},
				{
					"type": "section",
					"entries": [
						{
							"type": "entries",
							"name": "Dragonnels",
							"entries": [
								"Dragonnels are distantly related to chromatic and metallic dragons and resemble them in basic form. Intelligent enough to understand speech but incapable of speaking themselves, they are willful creatures largely motivated by the desire for food."
							]
						}
					]
				}
			]
		},
		{
			"name": "Wersten Kern",
			"source": "DSotDQ",
			"entries": [
				{
					"type": "entries",
					"entries": [
						"Wersten Kern is Lord Soth's standard bearer and champion. As with many of Soth's knights, she died alongside her liege during the Cataclysm and was cursed with undeath. In battle, she wields a wicked pike that flies Soth's black rose standard, and her cries can stop mighty warriors' hearts. Wersten staunchly follows Soth's commands, and she will serve him until she faces a second doom."
					]
				}
			],
			"images": [
				{
					"type": "image",
					"href": {
						"type": "internal",
						"path": "bestiary/DSotDQ/Wersten Kern.webp"
					}
				}
			]
		},
		{
			"name": "Wyhan",
			"source": "DSotDQ",
			"images": [
				{
					"type": "image",
					"href": {
						"type": "internal",
						"path": "bestiary/DSotDQ/057-04-003.wyhan.webp"
					}
				}
			]
		}
	]
}
