{
	"spellFluff": [
		{
			"name": "Ambush Prey",
			"source": "HWCS",
			"images": [
				{
					"type": "image",
					"href": {
						"type": "internal",
						"path": "spells/HWCS/Ambush-Prey.webp"
					}
				}
			]
		},
		{
			"name": "Elevated Sight",
			"source": "HWCS",
			"images": [
				{
					"type": "image",
					"href": {
						"type": "internal",
						"path": "spells/HWCS/Elevated-Sight.webp"
					}
				}
			]
		},
		{
			"name": "Feathered Reach",
			"source": "HWCS",
			"images": [
				{
					"type": "image",
					"href": {
						"type": "internal",
						"path": "spells/HWCS/Feathered-Reach.webp"
					}
				}
			]
		},
		{
			"name": "Globe of Twilight",
			"source": "HWCS",
			"images": [
				{
					"type": "image",
					"href": {
						"type": "internal",
						"path": "spells/HWCS/Globe-of-Twilight.webp"
					}
				}
			]
		},
		{
			"name": "Gust Barrier",
			"source": "HWCS",
			"images": [
				{
					"type": "image",
					"href": {
						"type": "internal",
						"path": "spells/HWCS/Gust-Barrier.webp"
					}
				}
			]
		},
		{
			"name": "Invoke the Amaranthine",
			"source": "HWCS",
			"images": [
				{
					"type": "image",
					"href": {
						"type": "internal",
						"path": "spells/HWCS/Invoke-the-Amaranthine.webp"
					}
				}
			]
		},
		{
			"name": "Shape Plants",
			"source": "HWCS",
			"images": [
				{
					"type": "image",
					"href": {
						"type": "internal",
						"path": "spells/HWCS/Shape-Plants.webp"
					}
				}
			]
		},
		{
			"name": "Spiny Shield",
			"source": "HWCS",
			"images": [
				{
					"type": "image",
					"href": {
						"type": "internal",
						"path": "spells/HWCS/Spiny-Shield.webp"
					}
				}
			]
		},
		{
			"name": "Stellar Bodies",
			"source": "HWCS",
			"images": [
				{
					"type": "image",
					"href": {
						"type": "internal",
						"path": "spells/HWCS/Stellar-Bodies.webp"
					}
				}
			]
		},
		{
			"name": "Veil of Dusk",
			"source": "HWCS",
			"images": [
				{
					"type": "image",
					"href": {
						"type": "internal",
						"path": "spells/HWCS/Veil-of-Dusk.webp"
					}
				}
			]
		}
	]
}
