{
	"spellFluff": [
		{
			"name": "Animate Objects",
			"source": "XPHB",
			"images": [
				{
					"type": "image",
					"href": {
						"type": "internal",
						"path": "spells/XPHB/Animate Objects.webp"
					},
					"credit": "David Auden Nash"
				}
			]
		},
		{
			"name": "Armor of Agathys",
			"source": "XPHB",
			"images": [
				{
					"type": "image",
					"href": {
						"type": "internal",
						"path": "spells/XPHB/Armor of Agathys.webp"
					},
					"credit": "Tuan Duong Chu"
				}
			]
		},
		{
			"name": "Arms of Hadar",
			"source": "XPHB",
			"images": [
				{
					"type": "image",
					"href": {
						"type": "internal",
						"path": "spells/XPHB/Arms of Hadar.webp"
					},
					"credit": "Tuan Duong Chu"
				}
			]
		},
		{
			"name": "Bigby's Hand",
			"source": "XPHB",
			"images": [
				{
					"type": "image",
					"href": {
						"type": "internal",
						"path": "spells/XPHB/Bigby's Hand.webp"
					},
					"credit": "Brian Valeza"
				}
			]
		},
		{
			"name": "Chromatic Orb",
			"source": "XPHB",
			"images": [
				{
					"type": "image",
					"href": {
						"type": "internal",
						"path": "spells/XPHB/Chromatic Orb.webp"
					},
					"credit": "Zuzanna Wužyk"
				}
			]
		},
		{
			"name": "Cone of Cold",
			"source": "XPHB",
			"images": [
				{
					"type": "image",
					"href": {
						"type": "internal",
						"path": "spells/XPHB/Cone of Cold.webp"
					},
					"credit": "Randy Vargas"
				}
			]
		},
		{
			"name": "Control Weather",
			"source": "XPHB",
			"images": [
				{
					"type": "image",
					"href": {
						"type": "internal",
						"path": "spells/XPHB/Control Weather.webp"
					},
					"credit": "Alexandre Honoré"
				}
			]
		},
		{
			"name": "Daylight",
			"source": "XPHB",
			"images": [
				{
					"type": "image",
					"href": {
						"type": "internal",
						"path": "spells/XPHB/Daylight.webp"
					},
					"credit": "David Astruga"
				}
			]
		},
		{
			"name": "Dispel Evil and Good",
			"source": "XPHB",
			"images": [
				{
					"type": "image",
					"href": {
						"type": "internal",
						"path": "spells/XPHB/Dispel Evil and Good.webp"
					},
					"credit": "Javier Charro"
				}
			]
		},
		{
			"name": "Divine Smite",
			"source": "XPHB",
			"images": [
				{
					"type": "image",
					"href": {
						"type": "internal",
						"path": "spells/XPHB/Divine Smite.webp"
					},
					"credit": "Bryan Sola"
				}
			]
		},
		{
			"name": "Druidcraft",
			"source": "XPHB",
			"images": [
				{
					"type": "image",
					"href": {
						"type": "internal",
						"path": "spells/XPHB/Druidcraft.webp"
					},
					"credit": "Olga Drebas"
				}
			]
		},
		{
			"name": "Entangle",
			"source": "XPHB",
			"images": [
				{
					"type": "image",
					"href": {
						"type": "internal",
						"path": "spells/XPHB/Entangle.webp"
					},
					"credit": "Brian Valeza"
				}
			]
		},
		{
			"name": "Evard's Black Tentacles",
			"source": "XPHB",
			"images": [
				{
					"type": "image",
					"href": {
						"type": "internal",
						"path": "spells/XPHB/Evard's Black Tentacles.webp"
					},
					"credit": "Craig J Spearing"
				}
			]
		},
		{
			"name": "Find Familiar",
			"source": "XPHB",
			"images": [
				{
					"type": "image",
					"href": {
						"type": "internal",
						"path": "spells/XPHB/Find Familiar.webp"
					},
					"credit": "Brian Valeza"
				}
			]
		},
		{
			"name": "Fireball",
			"source": "XPHB",
			"images": [
				{
					"type": "image",
					"href": {
						"type": "internal",
						"path": "spells/XPHB/Fireball.webp"
					},
					"credit": "Yuhong Ding"
				}
			]
		},
		{
			"name": "Gate",
			"source": "XPHB",
			"images": [
				{
					"type": "image",
					"href": {
						"type": "internal",
						"path": "spells/XPHB/Gate.webp"
					},
					"credit": "Michele Giorgi"
				}
			]
		},
		{
			"name": "Guardian of Faith",
			"source": "XPHB",
			"images": [
				{
					"type": "image",
					"href": {
						"type": "internal",
						"path": "spells/XPHB/Guardian of Faith.webp"
					},
					"credit": "Rina Nordsol"
				}
			]
		},
		{
			"name": "Heroes' Feast",
			"source": "XPHB",
			"images": [
				{
					"type": "image",
					"href": {
						"type": "internal",
						"path": "spells/XPHB/Heroes' Feast.webp"
					},
					"credit": "Raluca Marinescu"
				}
			]
		},
		{
			"name": "Hunger of Hadar",
			"source": "XPHB",
			"images": [
				{
					"type": "image",
					"href": {
						"type": "internal",
						"path": "spells/XPHB/Hunger of Hadar.webp"
					},
					"credit": "Joseph Weston"
				}
			]
		},
		{
			"name": "Ice Knife",
			"source": "XPHB",
			"images": [
				{
					"type": "image",
					"href": {
						"type": "internal",
						"path": "spells/XPHB/Ice Knife.webp"
					},
					"credit": "Calder Moore"
				}
			]
		},
		{
			"name": "Jallarzi's Storm of Radiance",
			"source": "XPHB",
			"images": [
				{
					"type": "image",
					"href": {
						"type": "internal",
						"path": "spells/XPHB/Jallarzi's Storm of Radiance.webp"
					},
					"credit": "Joseph Weston"
				}
			]
		},
		{
			"name": "Lesser Restoration",
			"source": "XPHB",
			"images": [
				{
					"type": "image",
					"href": {
						"type": "internal",
						"path": "spells/XPHB/Lesser Restoration.webp"
					},
					"credit": "Martin Mottet"
				}
			]
		},
		{
			"name": "Mage Armor",
			"source": "XPHB",
			"images": [
				{
					"type": "image",
					"href": {
						"type": "internal",
						"path": "spells/XPHB/Mage Armor.webp"
					},
					"credit": "Aaron J. Riley"
				}
			]
		},
		{
			"name": "Magic Missile",
			"source": "XPHB",
			"images": [
				{
					"type": "image",
					"href": {
						"type": "internal",
						"path": "spells/XPHB/Magic Missile.webp"
					},
					"credit": "Aaron J. Riley"
				}
			]
		},
		{
			"name": "Melf's Acid Arrow",
			"source": "XPHB",
			"images": [
				{
					"type": "image",
					"href": {
						"type": "internal",
						"path": "spells/XPHB/Melf's Acid Arrow.webp"
					},
					"credit": "Martin Mottet"
				}
			]
		},
		{
			"name": "Mordenkainen's Magnificent Mansion",
			"source": "XPHB",
			"images": [
				{
					"type": "image",
					"href": {
						"type": "internal",
						"path": "spells/XPHB/Mordenkainen's Magnificent Mansion.webp"
					},
					"credit": "Helge C. Balzer"
				}
			]
		},
		{
			"name": "Phantom Steed",
			"source": "XPHB",
			"images": [
				{
					"type": "image",
					"href": {
						"type": "internal",
						"path": "spells/XPHB/Phantom Steed.webp"
					},
					"credit": "Nikki Dawes"
				}
			]
		},
		{
			"name": "Programmed Illusion",
			"source": "XPHB",
			"images": [
				{
					"type": "image",
					"href": {
						"type": "internal",
						"path": "spells/XPHB/Programmed Illusion.webp"
					},
					"credit": "Justine Cruz"
				}
			]
		},
		{
			"name": "Raise Dead",
			"source": "XPHB",
			"images": [
				{
					"type": "image",
					"href": {
						"type": "internal",
						"path": "spells/XPHB/Raise Dead.webp"
					},
					"credit": "Polar Engine"
				}
			]
		},
		{
			"name": "Scrying",
			"source": "XPHB",
			"images": [
				{
					"type": "image",
					"href": {
						"type": "internal",
						"path": "spells/XPHB/Scrying.webp"
					},
					"credit": "Gaboleps"
				}
			]
		},
		{
			"name": "Shapechange",
			"source": "XPHB",
			"images": [
				{
					"type": "image",
					"href": {
						"type": "internal",
						"path": "spells/XPHB/Shapechange.webp"
					},
					"credit": "Michael Broussard"
				}
			]
		},
		{
			"name": "Silent Image",
			"source": "XPHB",
			"images": [
				{
					"type": "image",
					"href": {
						"type": "internal",
						"path": "spells/XPHB/Silent Image.webp"
					},
					"credit": "Calder Moore"
				}
			]
		},
		{
			"name": "Speak with Animals",
			"source": "XPHB",
			"images": [
				{
					"type": "image",
					"href": {
						"type": "internal",
						"path": "spells/XPHB/Speak with Animals.webp"
					},
					"credit": "Jesper Ejsing"
				}
			]
		},
		{
			"name": "Spiritual Weapon",
			"source": "XPHB",
			"images": [
				{
					"type": "image",
					"href": {
						"type": "internal",
						"path": "spells/XPHB/Spiritual Weapon.webp"
					},
					"credit": "Justine Cruz"
				}
			]
		},
		{
			"name": "Summon Aberration",
			"source": "XPHB",
			"images": [
				{
					"type": "image",
					"href": {
						"type": "internal",
						"path": "spells/XPHB/Summon Aberration.webp"
					},
					"credit": "Justine Cruz"
				}
			]
		},
		{
			"name": "Summon Celestial",
			"source": "XPHB",
			"images": [
				{
					"type": "image",
					"href": {
						"type": "internal",
						"path": "spells/XPHB/Summon Celestial.webp"
					},
					"credit": "Eric Belisle"
				}
			]
		},
		{
			"name": "Summon Construct",
			"source": "XPHB",
			"images": [
				{
					"type": "image",
					"href": {
						"type": "internal",
						"path": "spells/XPHB/Summon Construct.webp"
					},
					"credit": "Hector Ortiz"
				}
			]
		},
		{
			"name": "Summon Dragon",
			"source": "XPHB",
			"images": [
				{
					"type": "image",
					"href": {
						"type": "internal",
						"path": "spells/XPHB/Summon Dragon.webp"
					},
					"credit": "Polar Engine"
				}
			]
		},
		{
			"name": "Summon Fey",
			"source": "XPHB",
			"images": [
				{
					"type": "image",
					"href": {
						"type": "internal",
						"path": "spells/XPHB/Summon Fey.webp"
					},
					"credit": "Joseph Weston"
				}
			]
		},
		{
			"name": "Summon Fiend",
			"source": "XPHB",
			"images": [
				{
					"type": "image",
					"href": {
						"type": "internal",
						"path": "spells/XPHB/Summon Fiend.webp"
					},
					"credit": "Alexandre Honore"
				}
			]
		},
		{
			"name": "Summon Undead",
			"source": "XPHB",
			"images": [
				{
					"type": "image",
					"href": {
						"type": "internal",
						"path": "spells/XPHB/Summon Undead.webp"
					},
					"credit": "Ustin Sweet"
				}
			]
		},
		{
			"name": "Tasha's Bubbling Cauldron",
			"source": "XPHB",
			"images": [
				{
					"type": "image",
					"href": {
						"type": "internal",
						"path": "spells/XPHB/Tasha's Bubbling Cauldron.webp"
					},
					"credit": "Linda Lithen"
				}
			]
		},
		{
			"name": "Tenser's Floating Disk",
			"source": "XPHB",
			"images": [
				{
					"type": "image",
					"href": {
						"type": "internal",
						"path": "spells/XPHB/Tenser's Floating Disk.webp"
					},
					"credit": "Ralph Horsley"
				}
			]
		},
		{
			"name": "Transport via Plants",
			"source": "XPHB",
			"images": [
				{
					"type": "image",
					"href": {
						"type": "internal",
						"path": "spells/XPHB/Transport via Plants.webp"
					},
					"credit": "Rob Alexander"
				}
			]
		},
		{
			"name": "Tree Stride",
			"source": "XPHB",
			"images": [
				{
					"type": "image",
					"href": {
						"type": "internal",
						"path": "spells/XPHB/Tree Stride.webp"
					},
					"credit": "Rob Alexander"
				}
			]
		},
		{
			"name": "Vicious Mockery",
			"source": "XPHB",
			"images": [
				{
					"type": "image",
					"href": {
						"type": "internal",
						"path": "spells/XPHB/Vicious Mockery.webp"
					},
					"credit": "Igor Grechanyi"
				}
			]
		},
		{
			"name": "Vitriolic Sphere",
			"source": "XPHB",
			"images": [
				{
					"type": "image",
					"href": {
						"type": "internal",
						"path": "spells/XPHB/Vitriolic Sphere.webp"
					},
					"credit": "Ignatius Budi"
				}
			]
		},
		{
			"name": "Water Breathing",
			"source": "XPHB",
			"images": [
				{
					"type": "image",
					"href": {
						"type": "internal",
						"path": "spells/XPHB/Water Breathing.webp"
					},
					"credit": "Andrew Mar"
				}
			]
		},
		{
			"name": "Water Walk",
			"source": "XPHB",
			"images": [
				{
					"type": "image",
					"href": {
						"type": "internal",
						"path": "spells/XPHB/Water Walk.webp"
					},
					"credit": "Andrew Mar"
				}
			]
		},
		{
			"name": "Witch Bolt",
			"source": "XPHB",
			"images": [
				{
					"type": "image",
					"href": {
						"type": "internal",
						"path": "spells/XPHB/Witch Bolt.webp"
					},
					"credit": "Helge C. Balzer"
				}
			]
		},
		{
			"name": "Yolande's Regal Presence",
			"source": "XPHB",
			"images": [
				{
					"type": "image",
					"href": {
						"type": "internal",
						"path": "spells/XPHB/Yolande's Regal Presence.webp"
					},
					"credit": "April Prime"
				}
			]
		}
	]
}
