{
	"spellFluff": [
		{
			"name": "Contaminated Power",
			"source": "DoDk",
			"entries": [
				{
					"type": "entries",
					"entries": [
						{
							"type": "entries",
							"entries": [
								{
									"type": "entries",
									"name": "Discovering the Spell.",
									"entries": [
										"A character who can cast 8th level spells, knows every other contaminated spell, and has cast each of them at least once can research contaminated power. {@note See {@adventure Appendix D|DoDk|13|Spells}.}"
									]
								}
							]
						}
					]
				}
			]
		},
		{
			"name": "Contamination Immunity",
			"source": "DoDk",
			"entries": [
				{
					"type": "entries",
					"entries": [
						{
							"type": "entries",
							"entries": [
								{
									"type": "entries",
									"name": "Researching the Spell.",
									"entries": [
										"A character who can cast 7th level spells, knows the {@spell neutralizing field|DoDk} spell, and who has visited the Delerium Heart can research contamination immunity. {@note See {@adventure Appendix D|DoDk|13|Spells}.}"
									]
								}
							]
						}
					]
				}
			]
		},
		{
			"name": "Neutralizing Field",
			"source": "DoDk",
			"entries": [
				{
					"type": "entries",
					"entries": [
						{
							"type": "entries",
							"entries": [
								{
									"type": "entries",
									"name": "Discovering the Spell.",
									"entries": [
										"A character who can cast 5th level spells, knows the {@spell purge contamination|DoDk} spell, and has created at least 1 dose of aqua expurgo may research neutralizing field. {@note See {@adventure Appendix D|DoDk|13|Spells}.}"
									]
								}
							]
						}
					]
				}
			]
		},
		{
			"name": "Siphon Contamination",
			"source": "DoDk",
			"entries": [
				{
					"type": "entries",
					"entries": [
						{
							"type": "entries",
							"entries": [
								{
									"type": "entries",
									"name": "Researching the Spell.",
									"entries": [
										"A character who can cast 6th level spells who knows the spells {@spell forced evolution|DoDk} and {@spell neutralizing field|DoDk}, and has witnessed another creature undergo a monstrous transformation may research siphon contamination. {@note See {@adventure Appendix D|DoDk|13|Spells}.}"
									]
								}
							]
						}
					]
				}
			]
		}
	]
}
