{
	"spell": [
		{
			"name": "Pact Familiar",
			"source": "HMB",
			"level": 0,
			"school": "C",
			"time": [
				{
					"number": 1,
					"unit": "hour"
				}
			],
			"range": {
				"type": "point",
				"distance": {
					"type": "feet",
					"amount": 10
				}
			},
			"components": {
				"v": true,
				"s": true
			},
			"duration": [
				{
					"type": "instant"
				}
			],
			"entries": [
				"You summon an unearthly entity to serve you. It manifests in an unoccupied space of your choice within range. This creature uses the Pact Familiar stat block. If you already have a familiar from this spell, that familiar transforms into the new one but retains its memories; you don’t get a second Pact Familiar. Whenever you cast the spell, choose the familiar’s creature type: Aberration (flumph or knot of tentacles), Celestial (owl, raven, or other bird), Dragon (pseudodragon or similar dragonet), Fey (pixie or sprite), Fiend (imp or quasit), or Undead (shadow or skull). This choice affects the familiar’s default appearance, as noted in the parentheses, and it determines certain traits in its stat block. You can alter details of the creature’s appearance each time you summon it.",
				{
					"type": "entries",
					"name": "Combat",
					"entries": [
						"The familiar is an ally to you and your companions, and it obeys you. In combat, it shares your Initiative count, but it takes its turn immediately after yours. On its turn, the familiar takes the Dodge action and uses its Move to avoid danger, unless you use your Reaction to command it to attack instead."
					]
				},
				{
					"type": "entries",
					"name": "Disappearance of the Familiar",
					"entries": [
						"The familiar disappears if it drops to 0 Hit Points, if you dismiss it as a Bonus Action, or if you die. When it disappears, it leaves behind anything it was wearing or carrying. If you cast this spell again, you decide whether you summon the familiar that disappeared or a different one."
					]
				},
				{
					"type": "entries",
					"name": "Remote Viewing",
					"entries": [
						"As a Magic action, you can see what your familiar sees and hear what it hears until the end of your next turn."
					]
				}
			],
			"entriesHigherLevel": [
				{
					"type": "entries",
					"name": "Cantrip Upgrade",
					"entries": [
						"Starting when you reach 5th level as a Warlock, you can communicate telepathically with your familiar as long as you two are on the same plane of existence. Additionally, while perceiving through your familiar’s senses, you can also speak through your familiar in your own voice."
					]
				}
			]
		},
		{
			"name": "Pact Book",
			"source": "HMB",
			"level": 0,
			"school": "C",
			"time": [
				{
					"number": 1,
					"unit": "hour"
				}
			],
			"range": {
				"type": "point",
				"distance": {
					"type": "self"
				}
			},
			"components": {
				"v": true,
				"s": true
			},
			"duration": [
				{
					"type": "instant"
				}
			],
			"entries": [
				"Stitching together strands of shadow, you conjure forth a book in your hand. The book contains eldritch magic that only you can access, granting you the following benefits:",
				{
					"type": "entries",
					"name": "Cantrips and Rituals",
					"entries": [
						"When the book appears, choose two cantrips, and choose two 1st-level spells that have the Ritual tag. The spells can be from any spell lists, and they must be spells you don’t already have prepared. While the book is on your person, you have the chosen spells prepared."
					]
				},
				{
					"type": "entries",
					"name": "Spellcasting Focus",
					"entries": [
						"You can use the book as a Spellcasting Focus. The book disappears if you cast this spell again or die."
					]
				}
			],
			"entriesHigherLevel": [
				{
					"type": "entries",
					"name": "Cantrip Upgrade",
					"entries": [
						"When you reach 5th level as a Warlock, this spell also enhances other cantrips while the book is on your person; you can add your Warlock spellcasting ability modifier to the damage rolls of any cantrip you cast that doesn’t already have that modifier added to its damage roll."
					]
				}
			]
		},
		{
			"name": "Pact Weapon",
			"source": "HMB",
			"level": 0,
			"school": "C",
			"time": [
				{
					"number": 1,
					"unit": "action"
				}
			],
			"range": {
				"type": "point",
				"distance": {
					"type": "self"
				}
			},
			"components": {
				"s": true
			},
			"duration": [
				{
					"type": "timed",
					"duration": {
						"type": "hours",
						"amount": 24
					}
				}
			],
			"entries": [
				"Tracing arcane sigils in the air, you conjure a Simple or Martial melee weapon of your choice in your outstretched hand, or you create a bond with a magic weapon you touch. The weapon you conjure or touch must lack the Heavy property, and the spell fails if you touch a magic item that is attuned to someone else. For the duration, the weapon grants you the following benefits:",
				{
					"type": "entries",
					"name": "Eldritch Warrior",
					"entries": [
						"When you attack with the weapon, you can use your spellcasting ability modifier for the attack and damage rolls, instead of using Strength or Dexterity. Additionally you are proficient with medium armor for the duration."
					]
				},
				{
					"type": "entries",
					"name": "Proficiency",
					"entries": [
						"You have proficiency with the weapon."
					]
				},
				{
					"type": "entries",
					"name": "Returning Weapon",
					"entries": [
						"If the weapon has the Thrown property, the weapon returns to your hand immediately after hitting or missing a target. The spell ends early if you cast the spell again or die. When it ends, a conjured weapon disappears, or your bond with a magic weapon stops."
					]
				}
			],
			"entriesHigherLevel": [
				{
					"type": "entries",
					"name": "Cantrip Upgrade",
					"entries": [
						"When you reach 5th level as a Warlock, you gain the Extra Attack feature for the conjured or magic weapon only. With that feature, you can attack twice with the weapon, instead of once, when you take the Attack action on your turn"
					]
				}
			]
		},
		{
			"name": "Arcane Weapon",
			"source": "HMB",
			"level": 0,
			"school": "T",
			"time": [
				{
					"number": 1,
					"unit": "action"
				}
			],
			"range": {
				"type": "point",
				"distance": {
					"type": "feet",
					"amount": 120
				}
			},
			"components": {
				"v": true,
				"s": true
			},
			"duration": [
				{
					"type": "instant"
				}
			],
			"entries": [
				"You channel arcane energy into one Artificer Spellcasting Focus you're holding, and choose one damage type: acid, cold, fire, lightning, poison, or thunder. You make a ranged spell attack against a creature in the range, dealing 1d8 damage of the chosen type to any target you hit."
			],
			"entriesHigherLevel": [
				{
					"type": "entries",
					"name": "Cantrip Upgrade",
					"entries": [
						"This spell's damage increases by 1d8 when you reach 5th level (2d8), 11th level (3d8), and 17th level (4d8)."
					]
				}
			]
		},
		{
			"name": "Sorcerous Burst",
			"source": "HMB",
			"level": 0,
			"school": "V",
			"time": [
				{
					"number": 1,
					"unit": "action"
				}
			],
			"range": {
				"type": "point",
				"distance": {
					"type": "feet",
					"amount": 120
				}
			},
			"components": {
				"v": true,
				"s": true
			},
			"duration": [
				{
					"type": "instant"
				}
			],
			"entries": [
				"You cast sorcerous energy at one creature or object within range. Make a ranged attack roll against the target. On a hit, the target takes 1d6 damage. If you roll a 6 on a d6 for this spell, you can roll another d6, and add it to the damage. Whenever you cast this spell, the maximum number of these d6s you can add to the spell’s damage equals your spellcasting ability modifier.",
				"When you cast the spell you roll 1d6 to determine the damage from the following list: Acid, Cold, Fire, Lightning, Psychic, or Thunder."
			],
			"entriesHigherLevel": [
				{
					"type": "entries",
					"name": "Cantrip Upgrade",
					"entries": [
						"This spell’s damage increases by 1d6 when you reach certain Sorcerer levels: 5th level (2d6), 11th level (3d6), and 17th level (4d6)."
					]
				}
			]
		},
		{
			"name": "Arcane Eruption",
			"source": "HMB",
			"level": 4,
			"school": "V",
			"time": [
				{
					"number": 1,
					"unit": "action"
				}
			],
			"range": {
				"type": "point",
				"distance": {
					"type": "feet",
					"amount": 120
				}
			},
			"components": {
				"v": true,
				"s": true
			},
			"duration": [
				{
					"type": "instant"
				}
			],
			"entries": [
				"Churning magical energy explodes in a 20-foot radius sphere centered on a point you choose within range. When you cast the spell, you select the type of damage dealt by the explosion: Acid, Cold, Fire, Lightning, Poison, Psychic, or Thunder. Each creature in the sphere must make a Constitution saving throw. On a failed save, a creature takes 6d6 damage of the chosen type.",
				"On a successful save, a creature takes half as much damage. Choose one of those d6s. The number rolled on that die determines a condition that’s applied to each creature that failed the save, as shown below. A creature has the condition until the end of your next turn.",
				{
					"type": "table",
					"caption": "Arcane Eruption Effect",
					"colLabels": [
						"{@dice d6}",
						"Additional Effect"
					],
					"colStyles": [
						"col-1 text-center",
						"col-11"
					],
					"rows": [
						[
							{
								"type": "cell",
								"roll": {
									"exact": 1
								}
							},
							"Incapacitated."
						],
						[
							{
								"type": "cell",
								"roll": {
									"exact": 2
								}
							},
							"Blinded."
						],
						[
							{
								"type": "cell",
								"roll": {
									"exact": 3
								}
							},
							"Frightened."
						],
						[
							{
								"type": "cell",
								"roll": {
									"exact": 4
								}
							},
							"Poisoned."
						],
						[
							{
								"type": "cell",
								"roll": {
									"exact": 5
								}
							},
							"Charmed."
						],
						[
							{
								"type": "cell",
								"roll": {
									"exact": 6
								}
							},
							"Deafened."
						]
					]
				}
			],
			"entriesHigherLevel": [
				{
					"type": "entries",
					"name": "At Higher Levels",
					"entries": [
						"When you cast this spell using a Spell Slot of 5th level or higher, the damage increases by 1d6 for each slot level above 4th."
					]
				}
			]
		}
	]
}
