{
	"_meta": {
		"dependencies": {
			"subclass": [
				"generic"
			]
		}
	},
	"class": [
		{
			"name": "Sorcerer",
			"source": "PHB",
			"page": 99,
			"srd": true,
			"hd": {
				"number": 1,
				"faces": 6
			},
			"proficiency": [
				"con",
				"cha"
			],
			"spellcastingAbility": "cha",
			"casterProgression": "full",
			"cantripProgression": [
				4,
				4,
				4,
				5,
				5,
				5,
				5,
				5,
				5,
				6,
				6,
				6,
				6,
				6,
				6,
				6,
				6,
				6,
				6,
				6
			],
			"optionalfeatureProgression": [
				{
					"name": "Metamagic",
					"featureType": [
						"MM"
					],
					"progression": {
						"2": 3,
						"7": 3,
						"11": 2,
						"15": 2,
						"18": 1
					}
				}
			],
			"startingProficiencies": {
				"weapons": [
					"{@item dagger|phb|daggers}",
					"{@item dart|phb|darts}",
					"{@item sling|phb|slings}",
					"{@item quarterstaff|phb|quarterstaffs}",
					"{@item light crossbow|phb|light crossbows}"
				],
				"skills": [
					{
						"choose": {
							"from": [
								"arcana",
								"deception",
								"insight",
								"intimidation",
								"persuasion",
								"religion"
							],
							"count": 2
						}
					}
				]
			},
			"startingEquipment": {
				"additionalFromBackground": true,
				"default": [
					"(a) a {@item light crossbow|phb} and {@item crossbow bolts (20)|phb|20 bolts} or (b) any {@filter simple weapon|items|source=phb|category=basic|type=simple weapon}",
					"(a) a {@item component pouch|phb} or (b) an {@item arcane focus|phb}",
					"(a) a {@item dungeoneer's pack|phb} or (b) an {@item explorer's pack|phb}",
					"Two {@item dagger|phb|daggers}"
				],
				"goldAlternative": "{@dice 3d4 × 10|3d4 × 10|Starting Gold}",
				"defaultData": [
					{
						"a": [
							"light crossbow|phb",
							"crossbow bolts (20)|phb"
						],
						"b": [
							{
								"equipmentType": "weaponSimple"
							}
						]
					},
					{
						"a": [
							"component pouch|phb"
						],
						"b": [
							"arcane focus|phb"
						]
					},
					{
						"a": [
							"dungeoneer's pack|phb"
						],
						"b": [
							"explorer's pack|phb"
						]
					},
					{
						"_": [
							{
								"item": "dagger|phb",
								"quantity": 2
							}
						]
					}
				]
			},
			"multiclassing": {
				"requirements": {
					"cha": 13
				}
			},
			"classTableGroups": [
				{
					"colLabels": [
						"{@filter Cantrips Known|spells|level=0|class=sorcerer}",
						"Spell Points",
						"Max Spell Level"
					],
					"rows": [
						[
							4,
							4,
							"{@filter 1st|spells|class=sorcerer;warlock;wizard|school=A;I;T;E;V|level=1}"
						],
						[
							4,
							6,
							"{@filter 1st|spells|class=sorcerer;warlock;wizard|school=A;I;T;E;V|level=1}"
						],
						[
							4,
							14,
							"{@filter 2nd|spells|class=sorcerer;warlock;wizard|school=A;I;T;E;V|level=2}"
						],
						[
							5,
							17,
							"{@filter 2nd|spells|class=sorcerer;warlock;wizard|school=A;I;T;E;V|level=2}"
						],
						[
							5,
							27,
							"{@filter 3rd|spells|class=sorcerer;warlock;wizard|school=A;I;T;E;V|level=3}"
						],
						[
							5,
							32,
							"{@filter 3rd|spells|class=sorcerer;warlock;wizard|school=A;I;T;E;V|level=3}"
						],
						[
							5,
							38,
							"{@filter 4th|spells|class=sorcerer;warlock;wizard|school=A;I;T;E;V|level=4}"
						],
						[
							5,
							44,
							"{@filter 4th|spells|class=sorcerer;warlock;wizard|school=A;I;T;E;V|level=4}"
						],
						[
							5,
							57,
							"{@filter 5th|spells|class=sorcerer;warlock;wizard|school=A;I;T;E;V|level=5}"
						],
						[
							6,
							64,
							"{@filter 5th|spells|class=sorcerer;warlock;wizard|school=A;I;T;E;V|level=5}"
						],
						[
							6,
							73,
							"{@filter 6th|spells|class=sorcerer;warlock;wizard|school=A;I;T;E;V|level=6}"
						],
						[
							6,
							73,
							"{@filter 6th|spells|class=sorcerer;warlock;wizard|school=A;I;T;E;V|level=6}"
						],
						[
							6,
							83,
							"{@filter 7th|spells|class=sorcerer;warlock;wizard|school=A;I;T;E;V|level=7}"
						],
						[
							6,
							83,
							"{@filter 7th|spells|class=sorcerer;warlock;wizard|school=A;I;T;E;V|level=7}"
						],
						[
							6,
							94,
							"{@filter 8th|spells|class=sorcerer;warlock;wizard|school=A;I;T;E;V|level=8}"
						],
						[
							6,
							94,
							"{@filter 8th|spells|class=sorcerer;warlock;wizard|school=A;I;T;E;V|level=8}"
						],
						[
							6,
							107,
							"{@filter 9th|spells|class=sorcerer;warlock;wizard|school=A;I;T;E;V|level=9}"
						],
						[
							6,
							114,
							"{@filter 9th|spells|class=sorcerer;warlock;wizard|school=A;I;T;E;V|level=9}"
						],
						[
							6,
							123,
							"{@filter 9th|spells|class=sorcerer;warlock;wizard|school=A;I;T;E;V|level=9}"
						],
						[
							6,
							133,
							"{@filter 9th|spells|class=sorcerer;warlock;wizard|school=A;I;T;E;V|level=9}"
						]
					]
				}
			],
			"classFeatures": [
				"Spellcasting|Sorcerer||1",
				{
					"classFeature": "Sorcerous Origin|Sorcerer||1",
					"gainSubclassFeature": true
				},

				"Metamagic|Sorcerer||2",

				"Magical Guidance|Sorcerer||3|TCE",

				"Ability Score Improvement|Sorcerer||4",

				"Sorcerous Restoration (1d6)|Sorcerer||5",
				"Sorcerous Vitality|Sorcerer||5",

				{
					"classFeature": "Sorcerous Origin feature|Sorcerer||6",
					"gainSubclassFeature": true
				},

				"Arcane Eruption|Sorcerer||7",
				"Metamagic|Sorcerer||7",

				"Ability Score Improvement|Sorcerer||8",

				"Arcane Secrets|Sorcerer||9",
				"Sorcerous Vitality Improvement|Sorcerer||9",
				
				"Sorcery Incarnate|Sorcerer||10",
				
				"Metamagic|Sorcerer||11",
				"Sorcerous Restoration Improvement (1d12)|Sorcerer||11",
				
				"Ability Score Improvement|Sorcerer||12",
				
				"Arcane Secrets|Sorcerer||13",
				
				{
					"classFeature": "Sorcerous Origin feature|Sorcerer||14",
					"gainSubclassFeature": true
				},

				"Arcane Secrets|Sorcerer||15",
				"Metamagic|Sorcerer||15",
				
				"Ability Score Improvement|Sorcerer||16",
				
				"Sorcerous Restoration Improvement (2d12)|Sorcerer||17",

				"Metamagic|Sorcerer||18",

				"Ability Score Improvement|Sorcerer||19",

				"Arcane Apotheosis|Sorcerer||20"
			],
			"subclassTitle": "Sorcerous Origin",
			"fluff": [
				{
					"name": "Sorcerer",
					"type": "section",
					"entries": [
						"Golden eyes flashing, a human stretches out her hand and unleashes the dragonfire that burns in her veins. As an inferno rages around her foes, leathery wings spread from her back and she takes to the air.",
						"Long hair whipped by a conjured wind, a half-elf spreads his arms wide and throws his head back. Lifting him momentarily off the ground, a wave of magic surges up in him, through him, and out from him in a mighty blast of lightning.",
						"Crouching behind a stalagmite, a halfling points a finger at a charging troglodyte. A blast of fire springs from her finger to strike the creature. She ducks back behind the rock formation with a grin, unaware that her wild magic has turned her skin bright blue.",
						"Sorcerers carry a magical birthright conferred upon them by an exotic bloodline, some otherworldly influence, or exposure to unknown cosmic forces. One can't study sorcery as one learns a language, any more than one can learn to live a legendary life. No one chooses sorcery; the power chooses the sorcerer.",
						{
							"type": "entries",
							"name": "Raw Magic",
							"entries": [
								"Magic is a part of every sorcerer, suffusing body, mind, and spirit with a latent power that waits to be tapped. Some sorcerers wield magic that springs from an ancient bloodline infused with the magic of dragons. Others carry a raw, uncontrolled magic within them, a chaotic storm that manifests in unexpected ways.",
								"The appearance of sorcerous powers is wildly unpredictable. Some draconic bloodlines produce exactly one sorcerer in every generation, but in other lines of descent every individual is a sorcerer. Most of the time, the talents of sorcery appear as apparent flukes. Some sorcerers can't name the origin of their power, while others trace it to strange events in their own lives. The touch of a demon, the blessing of a dryad at a baby's birth, or a taste of the water from a mysterious spring might spark the gift of sorcery. So too might the gift of a deity of magic, exposure to the elemental forces of the Inner Planes or the maddening chaos of Limbo, or a glimpse into the inner workings of reality.",
								"Sorcerers have no use for the spellbooks and ancient tomes of magic lore that wizards rely on, nor do they rely on a patron to grant their spells as warlocks do. By learning to harness and channel their own inborn magic, they can discover new and staggering ways to unleash that power."
							]
						},
						{
							"type": "entries",
							"name": "Unexplained Powers",
							"entries": [
								"Sorcerers are rare in the world, and it's unusual to find a sorcerer who is not involved in the adventuring life in some way. People with magical power seething in their veins soon discover that the power doesn't like to stay quiet. A sorcerer's magic wants to be wielded, and it has a tendency to spill out in unpredictable ways if it isn't called on.",
								"Sorcerers often have obscure or quixotic motivations driving them to adventure. Some seek a greater understanding of the magical force that infuses them, or the answer to the mystery of its origin. Others hope to find a way to get rid of it, or to unleash its full potential. Whatever their goals, sorcerers are every bit as useful to an adventuring party as wizards, making up for a comparative lack of breadth in their magical knowledge with enormous flexibility in using the spells they know."
							]
						},
						{
							"type": "entries",
							"name": "Creating a Sorcerer",
							"entries": [
								"The most important question to consider when creating your sorcerer is the origin of your power. As a starting character, you'll choose an origin that ties to a draconic bloodline or the influence of wild magic, but the exact source of your power is up to you to decide. Is it a family curse, passed down to you from distant ancestors? Or did some extraordinary event leave you blessed with inherent magic but perhaps scarred as well?",
								"How do you feel about the magical power coursing through you? Do you embrace it, try to master it, or revel in its unpredictable nature? Is it a blessing or a curse? Did you seek it out, or did it find you? Did you have the option to refuse it, and do you wish you had? What do you intend to do with it? Perhaps you feel like you've been given this power for some lofty purpose. Or you might decide that the power gives you the right to do what you want, to take what you want from those who lack such power. Perhaps your power links you to a powerful individual in the world\u2014the fey creature that blessed you at birth, the dragon who put a drop of its blood into your veins, the lich who created you as an experiment, or the deity who chose you to carry this power.",
								{
									"type": "entries",
									"name": "Quick Build",
									"entries": [
										"You can make a sorcerer quickly by following these suggestions. First, Charisma should be your highest ability score, followed by Constitution. Second, choose the hermit background. Third, choose the {@spell light}, {@spell prestidigitation}, {@spell ray of frost}, and {@spell shocking grasp} cantrips, along with the 1st-level spells {@spell shield} and {@spell magic missile}."
									]
								}
							]
						}
					],
					"page": 99,
					"source": "PHB"
				},
				{
					"type": "section",
					"entries": [
						{
							"type": "quote",
							"entries": [
								"Practice and study are for amateurs. True power is a birthright."
							],
							"by": "Hennet, scion of Tiamat"
						},
						"When it comes to drawing forth their abilities in times of need, sorcerers have it easy compared to other characters. Their power not only rests within them, but it likely takes some effort to keep it at bay. Every sorcerer is born to the role, or stumbles into it through cosmic chance. Unlike other characters, who must actively learn, embrace, and pursue their talents, sorcerers have their power thrust upon them.",
						"Because the idea of an innately magical being traveling among them does not sit well with many folk, sorcerers tend to breed mistrust and suspicion in others they come across. Nonetheless, many sorcerers succeed in overcoming that prejudice through deeds that benefit their less magically gifted contemporaries.",
						"Sorcerers are often defined by the events surrounding the manifestation of their power. For those who receive it as an expected birthright, its appearance is a cause for celebration. Other sorcerers are treated as outcasts, banished from their homes after the sudden, terrifying arrival of their abilities.",
						"Playing a sorcerer character can be as rewarding as it is challenging. The sections below offer suggestions on how to flesh out and personalize your persona.",
						{
							"type": "entries",
							"name": "Arcane Origins",
							"entries": [
								"Some sorcerers understand where their power came from, based on how their abilities manifested. Others can only speculate, since their powers came to them in a way that suggests no particular cause.",
								"Does your character know the source of your magical power? Does it tie back to some distant relative, a cosmic event, or blind chance? If your sorcerer doesn't know where their power arose from, your DM can use this table (or select an origin) and reveal it to you when the information plays a role in the campaign.",
								{
									"type": "table",
									"caption": "Arcane Origins",
									"colLabels": [
										"{@dice d6}",
										"Origin"
									],
									"colStyles": [
										"col-1 text-center",
										"col-11"
									],
									"rows": [
										[
											{
												"type": "cell",
												"roll": {
													"exact": 1
												}
											},
											"Your power arises from your family's bloodline. You are related to some powerful creature, or you inherited a blessing or a curse."
										],
										[
											{
												"type": "cell",
												"roll": {
													"exact": 2
												}
											},
											"You are the reincarnation of a being from another plane of existence."
										],
										[
											{
												"type": "cell",
												"roll": {
													"exact": 3
												}
											},
											"A powerful entity entered the world. Its magic changed you."
										],
										[
											{
												"type": "cell",
												"roll": {
													"exact": 4
												}
											},
											"Your birth was prophesied in an ancient text, and you are foretold to use your power for terrible ends."
										],
										[
											{
												"type": "cell",
												"roll": {
													"exact": 5
												}
											},
											"You are the product of generations of careful, selective breeding."
										],
										[
											{
												"type": "cell",
												"roll": {
													"exact": 6
												}
											},
											"You were made in a vat by an alchemist."
										]
									]
								}
							]
						},
						{
							"type": "entries",
							"name": "Reaction",
							"entries": [
								"When a new sorcerer enters the world, either at birth or later when one's power becomes evident, the consequences of that event depend greatly on how its witnesses react to what they have seen.",
								"When your sorcerer's powers appeared, how did the world around you respond? Were other people supportive, fearful, or somewhere in between?",
								{
									"type": "table",
									"caption": "Reactions",
									"colLabels": [
										"{@dice d6}",
										"Reaction"
									],
									"colStyles": [
										"col-1 text-center",
										"col-11"
									],
									"rows": [
										[
											{
												"type": "cell",
												"roll": {
													"exact": 1
												}
											},
											"Your powers are seen as a great blessing by those around you, and you are expected to use them in service to your community."
										],
										[
											{
												"type": "cell",
												"roll": {
													"exact": 2
												}
											},
											"Your powers caused destruction and even a death when they became evident, and you were treated as a criminal."
										],
										[
											{
												"type": "cell",
												"roll": {
													"exact": 3
												}
											},
											"Your neighbors hate and fear your power, causing them to shun you."
										],
										[
											{
												"type": "cell",
												"roll": {
													"exact": 4
												}
											},
											"You came to the attention of a sinister cult that plans on exploiting your abilities."
										],
										[
											{
												"type": "cell",
												"roll": {
													"exact": 5
												}
											},
											"People around you believe that your powers are a curse levied on your family for a past transgression."
										],
										[
											{
												"type": "cell",
												"roll": {
													"exact": 6
												}
											},
											"Your powers are believed to be tied to an ancient line of mad kings that supposedly ended in a bloody revolt over a century ago."
										]
									]
								}
							]
						},
						{
							"type": "entries",
							"name": "Supernatural Mark",
							"entries": [
								"A sorcerer at rest is almost indistinguishable from a normal person; it's only when their magic flies forth that sorcerers reveal their true nature. Even so, many sorcerers have a subtle but telling physical trait that sets them apart from other folk.",
								"If your sorcerer has a supernatural mark, it might be one that's easily concealed, or it could be a source of pride that you keep on constant display.",
								{
									"type": "table",
									"caption": "Supernatural Marks",
									"colLabels": [
										"{@dice d6}",
										"Mark"
									],
									"colStyles": [
										"col-1 text-center",
										"col-11"
									],
									"rows": [
										[
											{
												"type": "cell",
												"roll": {
													"exact": 1
												}
											},
											"Your eyes are an unusual color, such as red."
										],
										[
											{
												"type": "cell",
												"roll": {
													"exact": 2
												}
											},
											"You have an extra toe on one foot."
										],
										[
											{
												"type": "cell",
												"roll": {
													"exact": 3
												}
											},
											"One of your ears is noticeably larger than the other."
										],
										[
											{
												"type": "cell",
												"roll": {
													"exact": 4
												}
											},
											"Your hair grows at a prodigious rate."
										],
										[
											{
												"type": "cell",
												"roll": {
													"exact": 5
												}
											},
											"You wrinkle your nose repeatedly while you are chewing."
										],
										[
											{
												"type": "cell",
												"roll": {
													"exact": 6
												}
											},
											"A red splotch appears on your neck once a day, then vanishes after an hour."
										]
									]
								}
							]
						},
						{
							"type": "entries",
							"name": "Signs of Sorcery",
							"entries": [
								"As the world well knows, some sorcerers are better than others at controlling their spellcasting. Sometimes a wild display of magic gone awry emanates from a sorcerer who casts a spell. But even when one's magic goes off as planned, the act of casting is often accompanied by a telltale sign that makes it clear where that magical energy came from.",
								"When your sorcerer character casts a spell, does the effort reveal itself in a sign of sorcery? Is this sign tied to your origin or some other aspect of who you are, or is it a seemingly random phenomenon?",
								{
									"type": "table",
									"caption": "Signs of Sorcery",
									"colLabels": [
										"{@dice d6}",
										"Sign"
									],
									"colStyles": [
										"col-1 text-center",
										"col-11"
									],
									"rows": [
										[
											{
												"type": "cell",
												"roll": {
													"exact": 1
												}
											},
											"You deliver the verbal components of your spells in the booming voice of a titan."
										],
										[
											{
												"type": "cell",
												"roll": {
													"exact": 2
												}
											},
											"For a moment after you cast a spell, the area around you grows dark and gloomy."
										],
										[
											{
												"type": "cell",
												"roll": {
													"exact": 3
												}
											},
											"You sweat profusely while casting a spell and for a few seconds thereafter."
										],
										[
											{
												"type": "cell",
												"roll": {
													"exact": 4
												}
											},
											"Your hair and garments are briefly buffeted about, as if by a breeze, whenever you call forth a spell."
										],
										[
											{
												"type": "cell",
												"roll": {
													"exact": 5
												}
											},
											"If you are standing when you cast a spell, you rise six inches into the air and gently float back down."
										],
										[
											{
												"type": "cell",
												"roll": {
													"exact": 6
												}
											},
											"Illusory blue flames wreathe your head as you begin your casting, then abruptly disappear."
										]
									]
								}
							]
						}
					],
					"page": 48,
					"source": "XGE"
				}
			]
		}
	],
	"subclass": [
		{
			"name": "Divine Soul",
			"shortName": "Divine Soul",
			"source": "XGE",
			"className": "Sorcerer",
			"classSource": "PHB",
			"page": 50,
			"additionalSpells": [
				{
					"name": "Good",
					"known": {
						"1": [
							"bless",
							"cure wounds"
						],
						"3": [
							"lesser restoration",
							"spiritual weapon"
						],
						"5": [
							"beacon of hope",
							"revivify"
						],
						"7": [
							"death ward",
							"guardian of faith"
						],
						"9": [
							"mass cure wounds",
							"raise dead"
						]
					},
					"expanded": {
						"1": [
							{
								"all": "level=0|class=Cleric"
							},
							{
								"all": "level=1|class=Cleric"
							}
						],
						"3": [
							{
								"all": "level=2|class=Cleric"
							}
						],
						"5": [
							{
								"all": "level=3|class=Cleric"
							}
						],
						"7": [
							{
								"all": "level=4|class=Cleric"
							}
						],
						"9": [
							{
								"all": "level=5|class=Cleric"
							}
						],
						"11": [
							{
								"all": "level=6|class=Cleric"
							}
						],
						"13": [
							{
								"all": "level=7|class=Cleric"
							}
						],
						"15": [
							{
								"all": "level=8|class=Cleric"
							}
						],
						"17": [
							{
								"all": "level=9|class=Cleric"
							}
						]
					}
				},
				{
					"name": "Evil",
					"known": {
						"1": [
							"false life",
							"ray of sickness"
						],
						"3": [
							"blindness/deafness",
							"ray of enfeeblement"
						],
						"5": [
							"animate dead",
							"vampiric touch"
						],
						"7": [
							"blight",
							"death ward"
						],
						"9": [
							"antilife shell",
							"cloudkill"
						]
					},
					"expanded": {
						"1": [
							{
								"all": "level=0|class=Cleric"
							},
							{
								"all": "level=1|class=Cleric"
							}
						],
						"3": [
							{
								"all": "level=2|class=Cleric"
							}
						],
						"5": [
							{
								"all": "level=3|class=Cleric"
							}
						],
						"7": [
							{
								"all": "level=4|class=Cleric"
							}
						],
						"9": [
							{
								"all": "level=5|class=Cleric"
							}
						],
						"11": [
							{
								"all": "level=6|class=Cleric"
							}
						],
						"13": [
							{
								"all": "level=7|class=Cleric"
							}
						],
						"15": [
							{
								"all": "level=8|class=Cleric"
							}
						],
						"17": [
							{
								"all": "level=9|class=Cleric"
							}
						]
					}
				},
				{
					"name": "Neutrality",
					"known": {
						"1": [
							"heroism",
							"sanctuary"
						],
						"3": [
							"aid",
							"warding bond"
						],
						"5": [
							"beacon of hope",
							"sending"
						],
						"7": [
							"aura of purity",
							"Otiluke's resilient sphere"
						],
						"9": [
							"greater restoration",
							"Rary's telepathic bond"
						]
					},
					"expanded": {
						"1": [
							{
								"all": "level=0|class=Cleric"
							},
							{
								"all": "level=1|class=Cleric"
							}
						],
						"3": [
							{
								"all": "level=2|class=Cleric"
							}
						],
						"5": [
							{
								"all": "level=3|class=Cleric"
							}
						],
						"7": [
							{
								"all": "level=4|class=Cleric"
							}
						],
						"9": [
							{
								"all": "level=5|class=Cleric"
							}
						],
						"11": [
							{
								"all": "level=6|class=Cleric"
							}
						],
						"13": [
							{
								"all": "level=7|class=Cleric"
							}
						],
						"15": [
							{
								"all": "level=8|class=Cleric"
							}
						],
						"17": [
							{
								"all": "level=9|class=Cleric"
							}
						]
					}
				}
			],
			"subclassFeatures": [
				"Divine Soul|Sorcerer||Divine Soul|XGE|1",
				"Empowered Healing|Sorcerer||Divine Soul|XGE|6",
				"Divine Incarnation|Sorcerer||Divine Soul|XGE|14"
			]
		},
		{
			"name": "Shadow Magic",
			"shortName": "Shadow",
			"source": "XGE",
			"className": "Sorcerer",
			"classSource": "PHB",
			"page": 50,
			"additionalSpells": [
				{
	
					"known": {
						"1": [
							"faerie fire",
							"sleep"
						],
						"3": [
							"invisibility",
							"darkness"
						],
						"5": [
							"gaseous form",
							"vampiric touch"
						],
						"7": [
							"greater invisibility",
							"stone shape"
						],
						"9": [
							"cloudkill",
							"insect plague"
						]
					}
				}
			],
			"subclassFeatures": [
				"Shadow Magic|Sorcerer||Shadow|XGE|1",
				"Hound of Ill Omen|Sorcerer||Shadow|XGE|6",
				"Shadow Incarnation|Sorcerer||Shadow|XGE|14"
			]
		},
		{
			"name": "Aberrant Mind",
			"shortName": "Aberrant Mind",
			"source": "TCE",
			"className": "Sorcerer",
			"classSource": "PHB",
			"page": 66,
			"additionalSpells": [
				{
					"known": {
						"1": [
							"mind sliver|tce#c",
							"arms of Hadar",
							"dissonant whispers"
						],
						"3": [
							"calm emotions",
							"detect thoughts"
						],
						"5": [
							"hunger of Hadar",
							"sending"
						],
						"7": [
							"Evard's black tentacles",
							"summon aberration|TCE"
						],
						"9": [
							"Rary's telepathic bond",
							"telekinesis"
						]
					}
				}
			],
			"subclassFeatures": [
				"Aberrant Mind|Sorcerer||Aberrant Mind|TCE|1",
				"Psionic Sorcery|Sorcerer||Aberrant Mind|TCE|6",
				"Psychic Defenses|Sorcerer||Aberrant Mind|TCE|6",
				"Aberrant Incarnation|Sorcerer||Aberrant Mind|TCE|14"
			]
		}
	],
	"classFeature": [
		{
			"name": "Sorcerous Origin",
			"source": "PHB",
			"page": 99,
			"srd": true,
			"className": "Sorcerer",
			"classSource": "PHB",
			"level": 1,
			"entries": [
				"Choose a sorcerous origin, which describes the source of your innate magical power, from the list of available origins.",
				"Your choice grants you features when you choose it at 1st level and again at 6th and 14th level."
			]
		},
		{
			"name": "Spellcasting",
			"source": "PHB",
			"page": 99,
			"srd": true,
			"className": "Sorcerer",
			"classSource": "PHB",
			"level": 1,
			"entries": [
				"An event in your past, or in the life of a parent or ancestor, left an indelible mark on you, infusing you with arcane magic. This font of magic, whatever its origin, fuels your spells. See {@book chapter 10|PHB|10} for the general rules of spellcasting and {@book chapter 11|PHB|11} for the {@filter sorcerer spell list|spells|class=sorcerer}.",
				{
					"type": "entries",
					"name": "Cantrips",
					"entries": [
						"You learn cantrips from the Sorcerer Spell List as the sorcerer class table stays. Additionally, you learn the cantrip {@spell sorcerous burst|HMB} that doesn’t count to your Cantrips Knows.",
						"Whenever you reach a level in this class that grants the Ability Score Improvement feature, you can replace one cantrip you learned from this class's Spellcasting feature with another cantrip from this class spell list."
					]
				},
				{
					"type": "entries",
					"name": "Spell Points",
					"entries": [
						"Instead of gaining a number of spell slots to cast your spells from the Spellcasting feature, you gain a pool of spell points instead. You expend a number of spell points to create a spell slot of a given level, and then use that slot to cast a spell. You can't reduce your spell points total to less than 0, and you regain all spent spell points when you finish a long rest.",
						"Spells of 6th level and higher are particularly taxing to cast. You can use spell points to create one slot of each level of 6th or higher. You can't create another slot of the same level until you finish a long rest.",
						"The number of spell points you have to spend is based on your level as a spellcaster, as shown in the Spell Points by Level table. Your level also determines the maximum-level spell slot you can create. Even though you might have enough points to create a slot above this maximum, you can't do so.",
						{
							"type": "table",
							"caption": "Spell Point Cost",
							"colLabels": [
								"Spell Level",
								"Point Cost"
							],
							"colStyles": [
								"col-2 text-center",
								"col-10"
							],
							"rows": [
								[
									"1st",
									"2"
								],
								[
									"2nd",
									"3"
								],
								[
									"3rd",
									"5"
								],
								[
									"4th",
									"6"
								],
								[
									"5th",
									"7"
								],
								[
									"6th",
									"9"
								],
								[
									"7th",
									"10"
								],
								[
									"8th",
									"11"
								],
								[
									"9th",
									"13"
								]
							]
						}
					]
				},
				{
					"type": "entries",
					"name": "Preparing and Casting Spells",
					"entries": [
						"Whenever you finish a Long Rest, you can replace any Spell you have prepared for this Class with another  Spell from the {@filter Sorcerer, Warlock or Wizard spell lists, that isn’t from the schools of Conjuration, Divination and Necromancy|spells|class=sorcerer;warlock;wizard|school=A;I;T;E;V|level=1;2;3;4;5;6;7;8;9}. At higher levels in this Class, you can prepare more Spells. The amount of spells you can prepare is equal to your Charisma modifier + your Sorcerer level (minimum of 1)."
					]
				},
				{
					"type": "entries",
					"name": "Spellcasting Ability",
					"entries": [
						"Charisma is your spellcasting ability for your sorcerer spells, since the power of your magic relies on your ability to project your will into the world. You use your Charisma whenever a spell refers to your spellcasting ability. In addition, you use your Charisma modifier when setting the saving throw DC for a sorcerer spell you cast and when making an attack roll with one.",
						{
							"type": "abilityDc",
							"name": "Spell",
							"attributes": [
								"cha"
							]
						},
						{
							"type": "abilityAttackMod",
							"name": "Spell",
							"attributes": [
								"cha"
							]
						}
					]
				},
				{
					"type": "entries",
					"name": "Spellcasting Focus",
					"entries": [
						"You can use an {@item arcane focus|phb} as a spellcasting focus for your sorcerer spells."
					]
				},
				{
					"type": "entries",
					"name": "Ritual Casting",
					"entries": [
						"You can cast any spell from your Prepared Spells of this class as a ritual if that spell has the ritual tag."
					]
				}
			]
		},
		{
			"name": "Metamagic",
			"source": "PHB",
			"page": 99,
			"srd": true,
			"className": "Sorcerer",
			"classSource": "PHB",
			"level": 2,
			"entries": [
				"At 2nd level, you gain access to the following metamagics:",
				{
					"entries": [
						{
							"type": "refOptionalfeature",
							"optionalfeature": "Distant Spell"
						},
						{
							"type": "refOptionalfeature",
							"optionalfeature": "Subtle Spell"
						},
						{
							"type": "refOptionalfeature",
							"optionalfeature": "Transmuted Spell"
						}
					]
				}
			]
		},
		{
			"name": "Sorcery Points",
			"source": "PHB",
			"page": 99,
			"srd": true,
			"className": "Sorcerer",
			"classSource": "PHB",
			"level": 2,
			"header": 1,
			"entries": [
				"You have 2 sorcery points, and you gain one additional point every time you level up, to a maximum of 20 at level 20. You can never have more sorcery points than shown on the table for your level. You regain all spent sorcery points when you finish a long rest."
			]
		},
		{
			"name": "Magical Guidance",
			"source": "TCE",
			"page": 65,
			"className": "Sorcerer",
			"classSource": "PHB",
			"level": 3,
			"consumes": {
				"name": "Sorcery Point"
			},
			"entries": [
				"At 3rd level you can tap into your inner wellspring of magic to try to conjure success from failure. When you make an ability check that fails, you can reroll the d20, and you must use the new roll, potentially turning the failure into a success. This trait can be used a number of time equal to your Charisma modifier, and you regain the uses when you finish a long rest."
			]
		},
		{
			"name": "Ability Score Improvement",
			"source": "PHB",
			"page": 99,
			"srd": true,
			"className": "Sorcerer",
			"classSource": "PHB",
			"level": 4,
			"entries": [
				"When you reach 4th level, you can increase one ability score of your choice by 2, or you can increase two ability scores of your choice by 1. As normal, you can't increase an ability score above 20 using this feature.",
				"If your DM allows the use of feats, you may instead take a {@5etools feat|feats.html}."
			]
		},
		{
			"name": "Sorcerous Restoration (1d6)",
			"source": "PHB",
			"page": 99,
			"srd": true,
			"className": "Sorcerer",
			"classSource": "PHB",
			"level": 5,
			"entries": [
				"At 5th level, you regain 1d6 spell points plus your proficiency bonus, whenever you finish a short rest."
			]
		},
		{
			"name": "Sorcerous Vitality",
			"source": "PHB",
			"page": 99,
			"srd": true,
			"className": "Sorcerer",
			"classSource": "PHB",
			"level": 5,
			"entries": [
				"At 5th level, you can use your innate magic to heal yourself. As an action, you can heal yourself by an amount equal to a roll of d6, the number of d6 is your proficiency bonus",
				"You can use this trait once, and you use it again when you finish a short or long rest"
			]
		},
		{
			"name": "Sorcerous Origin feature",
			"source": "PHB",
			"page": 99,
			"srd": true,
			"className": "Sorcerer",
			"classSource": "PHB",
			"level": 6,
			"entries": [
				"At 6th level, you gain a feature granted by your Sorcerous Origin."
			]
		},
		{
			"name": "Arcane Eruption",
			"source": "PHB",
			"page": 99,
			"srd": true,
			"className": "Sorcerer",
			"classSource": "PHB",
			"level": 7,
			"entries": [
				"At 7th level, you can now unleash magical energy that roils inside you; you always have the {@spell arcane eruption|HMB} spell prepared and doesn’t count for your number of spells prepared for this class."
			]
		},
		{
			"name": "Metamagic",
			"source": "PHB",
			"page": 99,
			"srd": true,
			"className": "Sorcerer",
			"classSource": "PHB",
			"level": 7,
			"entries": [
				"At 7th level, you learn the following metamagic options:",
				{
					"entries": [
						{
							"type": "refOptionalfeature",
							"optionalfeature": " Quickened Spell"
						},
						{
							"type": "refOptionalfeature",
							"optionalfeature": "Careful Spell"
						},
						{
							"type": "refOptionalfeature",
							"optionalfeature": "Extended Spell"
						}
					]
				}
			]
		},

		{
			"name": "Ability Score Improvement",
			"source": "PHB",
			"page": 99,
			"srd": true,
			"className": "Sorcerer",
			"classSource": "PHB",
			"level": 8,
			"entries": [
				"When you reach 8th level, you can increase one ability score of your choice by 2, or you can increase two ability scores of your choice by 1. As normal, you can't increase an ability score above 20 using this feature.",
				"If your DM allows the use of feats, you may instead take a {@5etools feat|feats.html}."
			]
		},
		{
			"name": "Arcane Secrets",
			"source": "PHB",
			"page": 99,
			"srd": true,
			"className": "Sorcerer",
			"classSource": "PHB",
			"level": 9,
			"entries": [
				"At 9th level, you gain one slot from your prepared spells, which you can use to choose a spell from the Schools of Conjuration, Divination and Necromancy."
			]
		},
		{
			"name": "Sorcerous Vitality Improvement",
			"source": "PHB",
			"page": 99,
			"srd": true,
			"className": "Sorcerer",
			"classSource": "PHB",
			"level": 9,
			"entries": [
				"At 9th level now you can heal one of the following conditions when you use your Sorcerous Vitality: Blinded, Deafened, and Poisoned. Additionally, instead of one of the conditions you can choose to not heal and reduce your exhaustion level by one."
			]
		},
		{
			"name": "Sorcery Incarnate",
			"source": "PHB",
			"page": 99,
			"srd": true,
			"className": "Sorcerer",
			"classSource": "PHB",
			"level": 10,
			"entries": [
				"At 10th level, fueled by the arcane power within, you can transform yourself into magical energy; As a bonus action and during 1 minute (count as you were concentrating an spell) you gain the following benefits:",
				{
					"type": "list",
					"items":[
						"You can use up to two of your Metamagic options on each spell you cast, provided you pay the Sorcery Point costs.",
						"You have Advantage on the attack rolls of every spell you cast."
					]
				},
				"You can use this trait a number of times equal to half your proficiency bonus (rounded down), and you regain all expended uses when you finish a Long Rest."
			]
		},
		{
			"name": "Metamagic",
			"source": "PHB",
			"page": 99,
			"srd": true,
			"className": "Sorcerer",
			"classSource": "PHB",
			"level": 11,
			"entries": [
				"At 11th level, you learn the following metamagic options:",
				{
					"entries": [
						{
							"type": "refOptionalfeature",
							"optionalfeature": " Heightened Spell"
						},
						{
							"type": "refOptionalfeature",
							"optionalfeature": "Twinned Spell"
						}
					]
				}
			]
		},
		{
			"name": "Sorcerous Restoration Improvement (1d12)",
			"source": "PHB",
			"page": 99,
			"srd": true,
			"className": "Sorcerer",
			"classSource": "PHB",
			"level": 11,
			"entries": [
				"At 11th level, instead of regaining 1d6 spell points plus your proficiency bonus you regain 1d12 spell points plus your proficiency bonus."
			]
		},
		{
			"name": "Ability Score Improvement",
			"source": "PHB",
			"page": 99,
			"srd": true,
			"className": "Sorcerer",
			"classSource": "PHB",
			"level": 12,
			"entries": [
				"When you reach 12th level, you can increase one ability score of your choice by 2, or you can increase two ability scores of your choice by 1. As normal, you can't increase an ability score above 20 using this feature.",
				"If your DM allows the use of feats, you may instead take a {@5etools feat|feats.html}."
			]
		},
		{
			"name": "Arcane Secrets",
			"source": "PHB",
			"page": 99,
			"srd": true,
			"className": "Sorcerer",
			"classSource": "PHB",
			"level": 13,
			"entries": [
				"At 13th level, you gain one slot from your prepared spells, which you can use to choose a spell from the Schools of Conjuration, Divination and Necromancy."
			]
		},
		{
			"name": "Sorcerous Origin feature",
			"source": "PHB",
			"page": 99,
			"srd": true,
			"className": "Sorcerer",
			"classSource": "PHB",
			"level": 14,
			"entries": [
				"At 14th level, you gain a feature granted by your Sorcerous Origin."
			]
		},
		{
			"name": "Arcane Secrets",
			"source": "PHB",
			"page": 99,
			"srd": true,
			"className": "Sorcerer",
			"classSource": "PHB",
			"level": 15,
			"entries": [
				"At 13th level, you gain one slot from your prepared spells, which you can use to choose a spell from the Schools of Conjuration, Divination and Necromancy."
			]
		},
		{
			"name": "Metamagic",
			"source": "PHB",
			"page": 99,
			"srd": true,
			"className": "Sorcerer",
			"classSource": "PHB",
			"level": 15,
			"entries": [
				"At 15th level, you learn the following metamagic options:",
				{
					"entries": [
						{
							"type": "refOptionalfeature",
							"optionalfeature": "Empowered Spell"
						},
						{
							"type": "refOptionalfeature",
							"optionalfeature": "Seeking Spell"
						}
					]
				}
			]
		},
		{
			"name": "Ability Score Improvement",
			"source": "PHB",
			"page": 99,
			"srd": true,
			"className": "Sorcerer",
			"classSource": "PHB",
			"level": 16,
			"entries": [
				"When you reach 16th level, you can increase one ability score of your choice by 2, or you can increase two ability scores of your choice by 1. As normal, you can't increase an ability score above 20 using this feature.",
				"If your DM allows the use of feats, you may instead take a {@5etools feat|feats.html}."
			]
		},
		{
			"name": "Sorcerous Restoration Improvement (2d12)",
			"source": "PHB",
			"page": 99,
			"srd": true,
			"className": "Sorcerer",
			"classSource": "PHB",
			"level": 17,
			"entries": [
				"At 17th level, instead of regain 1d12 spell points plus your proficiency bonus you regain 2d12 spell points plus your proficiency bonus."
			]
		},
		{
			"name": "Metamagic",
			"source": "PHB",
			"page": 99,
			"srd": true,
			"className": "Sorcerer",
			"classSource": "PHB",
			"level": 18,
			"entries": [
				"At 18th level, you learn the following metamagic options: Autonomous Spell.",
				{
					"entries": [
						{
							"type": "refOptionalfeature",
							"optionalfeature": " Autonomous Spell"
						}
					]
				}
			]
		},
		{
			"name": "Ability Score Improvement",
			"source": "PHB",
			"page": 99,
			"srd": true,
			"className": "Sorcerer",
			"classSource": "PHB",
			"level": 19,
			"entries": [
				"When you reach 19th level, you can increase one ability score of your choice by 2, or you can increase two ability scores of your choice by 1. As normal, you can't increase an ability score above 20 using this feature.",
				"If your DM allows the use of feats, you may instead take a {@5etools feat|feats.html}."
			]
		},
		{
			"name": "Arcane Apotheosis",
			"source": "PHB",
			"page": 99,
			"srd": true,
			"className": "Sorcerer",
			"classSource": "PHB",
			"level": 20,
			"entries": [
				"At 20th level, you are now so suffused with magic that you can alter reality itself. You always have the {@spell wish} spell prepared, and if you undergo the spell’s casting stress, you have no chance of losing the ability to cast the spell.",
				"In addition, you can cast Wish to replicate a spell of 1st through 8th level without expending a 9th-level Spell Slot. You instead expend a slot of the replicated spell’s level. Once you use Wish in this way, you can’t do so again until you finish a Long Rest."
			]
		}
	],
	"subclassFeature": [
		{
			"name": "Aberrant Mind",
			"source": "TCE",
			"page": 66,
			"className": "Sorcerer",
			"classSource": "PHB",
			"subclassShortName": "Aberrant Mind",
			"subclassSource": "TCE",
			"level": 1,
			"entries": [
				"An alien influence has wrapped its tendrils around your mind, giving you psionic power. You can now touch other minds with that power and alter the world around you by using it to control the magical energy of the multiverse. Will this power shine from you as a hopeful beacon to others? Or will you be a source of terror to those who feel the stab of your mind and witness the strange manifestations of your might?",
				"As an Aberrant Mind sorcerer, you decide how you acquired your powers. Were you born with them? Or did an event later in life leave you shining with psionic awareness? Consult the Aberrant Origins table for a possible origin of your power.",
				{
					"type": "table",
					"caption": "Aberrant Origins",
					"colLabels": [
						"d6",
						"Origin"
					],
					"colStyles": [
						"col-2 text-center",
						"col-10"
					],
					"rows": [
						[
							"1",
							"You were exposed to the Far Realm's warping influence. You are convinced that a tentacle is now growing on you, but no one else can see it."
						],
						[
							"2",
							"A psychic wind from the Astral Plane carried psionic energy to you. When you use your powers, faint motes of light sparkle around you."
						],
						[
							"3",
							"You once suffered the dominating powers of an aboleth, leaving a psychic splinter in your mind."
						],
						[
							"4",
							"You were implanted with a mind flayer tadpole, but the ceremorphosis never completed. And now its psionic power is yours. When you use it, your flesh shines with a strange mucus."
						],
						[
							"5",
							"As a child, you had an imaginary friend that looked like a flumph or a strange platypus-like creature. One day, it gifted you with psionic powers, which have ended up being not so imaginary."
						],
						[
							"6",
							"Your nightmares whisper the truth to you: your psionic powers are not your own. You draw them from your parasitic twin!"
						]
					]
				},
				{
					"type": "refSubclassFeature",
					"subclassFeature": "Psionic Spells|Sorcerer||Aberrant Mind|TCE|1"
				},
				{
					"type": "refSubclassFeature",
					"subclassFeature": "Telepathic Speech|Sorcerer||Aberrant Mind|TCE|1"
				}
			]
		},
		{
			"name": "Psionic Spells",
			"source": "TCE",
			"page": 66,
			"className": "Sorcerer",
			"classSource": "PHB",
			"subclassShortName": "Aberrant Mind",
			"subclassSource": "TCE",
			"level": 1,
			"header": 1,
			"entries": [
				"You learn additional spells when you reach certain levels in this class, as shown on the Psionic Spells table. Each of these spells counts as a sorcerer spell for you, but it doesn't count against the number of sorcerer spells you know.",
				"Whenever you gain a sorcerer level, you can replace one spell you gained from this feature with another spell of the same level. The new spell must be a {@filter divination or an enchantment spell from the sorcerer, warlock, or wizard spell list|spells|class=sorcerer;warlock;wizard|school=D;E|level=1;2;3;4;5}.",
				{
					"type": "table",
					"caption": "Psionic Spells",
					"colLabels": [
						"Sorcerer Level",
						"Spells"
					],
					"colStyles": [
						"col-2 text-center",
						"col-10"
					],
					"rows": [
						[
							"1st",
							"{@spell arms of Hadar}, {@spell dissonant whispers}, {@spell mind sliver|tce}"
						],
						[
							"3rd",
							"{@spell calm emotions}, {@spell detect thoughts}"
						],
						[
							"5th",
							"{@spell hunger of Hadar}, {@spell sending}"
						],
						[
							"7th",
							"{@spell Evard's black tentacles}, {@spell summon aberration|TCE}"
						],
						[
							"9th",
							"{@spell Rary's telepathic bond}, {@spell telekinesis}"
						]
					]
				}
			]
		},
		{
			"name": "Telepathic Speech",
			"source": "TCE",
			"page": 66,
			"className": "Sorcerer",
			"classSource": "PHB",
			"subclassShortName": "Aberrant Mind",
			"subclassSource": "TCE",
			"level": 1,
			"header": 1,
			"entries": [
				"You can form a telepathic connection between your mind and the mind of another. As a bonus action, choose one creature you can see within 30 feet of you. You and the chosen creature can speak telepathically with each other while the two of you are within a number of miles of each other equal to your Charisma modifier (minimum of 1 mile). To understand each other, you each must speak mentally in a language the other knows.",
				"The telepathic connection lasts for a number of minutes equal to your sorcerer level. It ends early if you are {@condition incapacitated} or die or if you use this ability to form a connection with a different creature."
			]
		},
		{
			"name": "Psionic Sorcery",
			"source": "TCE",
			"page": 66,
			"className": "Sorcerer",
			"classSource": "PHB",
			"subclassShortName": "Aberrant Mind",
			"subclassSource": "TCE",
			"level": 6,
			"header": 2,
			"entries": [
				"When you cast any spell of 1st level or higher from your Psionic Spells feature, you can cast it by expending a spell slot as normal or by spending a number of sorcery points equal to the spell's level.",
				"If you cast the spell using sorcery points, it requires no verbal or somatic components, and it requires no material components, unless they are consumed by the spell."
			]
		},
		{
			"name": "Psychic Defenses",
			"source": "TCE",
			"page": 66,
			"className": "Sorcerer",
			"classSource": "PHB",
			"subclassShortName": "Aberrant Mind",
			"subclassSource": "TCE",
			"level": 6,
			"header": 2,
			"entries": [
				"You gain resistance to psychic damage, and you have advantage on saving throws against being {@condition charmed} or {@condition frightened}."
			]
		},
		{
			"name": "Aberrant Incarnation",
			"source": "TCE",
			"page": 66,
			"className": "Sorcerer",
			"classSource": "PHB",
			"subclassShortName": "Aberrant Mind",
			"subclassSource": "TCE",
			"level": 14,
			"header": 2,
			"entries": [
				"You can unleash the aberrant truth hidden within yourself. As a bonus action, you can spend 1 or more sorcery points to magically transform your body for 10 minutes. For each sorcery point you spend, you can gain one of the following benefits of your choice, the effects of which last until the transformation ends:",
				{
					"type": "list",
					"items": [
						"You can see any {@condition invisible} creature within 60 feet of you, provided it isn't behind total cover. Your eyes also turn black or become writhing sensory tendrils.",
						"You gain a flying speed equal to your walking speed, and you can hover. As you fly, your skin glistens with mucus or shines with an otherworldly light.",
						"You gain a swimming speed equal to twice your walking speed, and you can breathe underwater. Moreover, gills grow from your neck or fan out from behind your ears, your fingers become webbed, or you grow writhing cilia that extend through your clothing.",
						"Your body, along with any equipment you are wearing or carrying, becomes slimy and pliable. You can move through any space as narrow as 1 inch without squeezing, and you can spend 5 feet of movement to escape from nonmagical restraints or being {@condition grappled}."
					]
				}
			]
		},
		{
			"name": "Divine Soul",
			"source": "XGE",
			"page": 50,
			"className": "Sorcerer",
			"classSource": "PHB",
			"subclassShortName": "Divine Soul",
			"subclassSource": "XGE",
			"level": 1,
			"entries": [
				"Sometimes the spark of magic that fuels a sorcerer comes from a divine source that glimmers within the soul. Having such a blessed soul is a sign that your innate magic might come from a distant but powerful familial connection to a divine being. Perhaps your ancestor was an angel, transformed into a mortal and sent to fight in a god's name.",
				"Or your birth might align with an ancient prophecy, marking you as a servant of the gods or a chosen vessel of divine magic.",
				"A Divine Soul, with a natural magnetism, is seen as a threat by some religious hierarchies. As an outsider who commands sacred power, a Divine Soul can undermine an existing order by claiming a direct tie to the divine.",
				"In some cultures, only those who can claim the power of a Divine Soul may command religious power. In these lands, ecclesiastical positions are dominated by a few bloodlines and preserved over generations.",
				{
					"type": "refSubclassFeature",
					"subclassFeature": "Divine Magic|Sorcerer||Divine Soul|XGE|1"
				},
				{
					"type": "refSubclassFeature",
					"subclassFeature": "Favored by the Gods|Sorcerer||Divine Soul|XGE|1"
				}
			]
		},
		{
			"name": "Divine Magic",
			"source": "XGE",
			"page": 50,
			"className": "Sorcerer",
			"classSource": "PHB",
			"subclassShortName": "Divine Soul",
			"subclassSource": "XGE",
			"level": 1,
			"header": 1,
			"entries": [
				"Your link to the divine allows you to learn spells from the cleric class. When your Spellcasting feature lets you learn or replace a sorcerer cantrip or a sorcerer spell of 1st level or higher, you can choose the new spell from the cleric spell list or the sorcerer spell list. You must otherwise obey all the restrictions for selecting the spell, and it becomes a sorcerer spell for you.",
				"In addition, choose an affinity for the source of your divine power: good, evil, law, chaos, or neutrality. You learn an additional spell based on that affinity, as shown below. It is a sorcerer spell for you, but it doesn't count against your number of sorcerer spells known. If you later replace this spell, you must replace it with a spell from the cleric spell list.",
				{
					"type": "table",
					"colLabels": [
						"Affinity",
						"Spell List"
					],
					"colStyles": [
						"col-6",
						"col-6"
					],
					"rows": [
						[
							"Good",
							"Life Domain Spells"
						],
						[
							"Evil",
							"Death Domain Spells"
						],
						[
							"Neutrality",
							"Peace Domain Spells"
						]
					]
				}
			]
		},
		{
			"name": "Favored by the Gods",
			"source": "XGE",
			"page": 50,
			"className": "Sorcerer",
			"classSource": "PHB",
			"subclassShortName": "Divine Soul",
			"subclassSource": "XGE",
			"level": 1,
			"header": 1,
			"entries": [
				"Starting at 1st level, divine power guards your destiny. If you fail a saving throw or miss with an attack roll, you can roll {@dice 2d4} and add it to the total, possibly changing the outcome. Once you use this feature, you can't use it again until you finish a short or long rest."
			]
		},
		{
			"name": "Empowered Healing",
			"source": "XGE",
			"page": 50,
			"className": "Sorcerer",
			"classSource": "PHB",
			"subclassShortName": "Divine Soul",
			"subclassSource": "XGE",
			"level": 6,
			"header": 2,
			"entries": [
				"Starting at 6th level, the divine energy coursing through you can empower healing spells. When you cast a healing spell you can increase that healing by a roll by an amount equal to a roll of d6, the number of d6 is your Charisma modifier. You can use this trait a number of times equals to half your proficiency bonus (rounded down), and regain all spent uses when you finish a long rest."
			]
		},
		{
			"name": "Divine Incarnation",
			"source": "XGE",
			"page": 50,
			"className": "Sorcerer",
			"classSource": "PHB",
			"subclassShortName": "Divine Soul",
			"subclassSource": "XGE",
			"level": 14,
			"header": 2,
			"entries": [
				"At 14th level, while you are in your Sorcery Incarnate you gain the following benefits:",
				{
					"type": "list",
					"items": [
						"You have immunity to {@condition Charmed} and {@condition Frightened} condition.",
						"You have a Flying speed of 60 ft.",
						"You have advantage on saving throws against spells and other magical effects."
					]
				}
			]
		},
		{
			"name": "Shadow Magic",
			"source": "XGE",
			"page": 50,
			"className": "Sorcerer",
			"classSource": "PHB",
			"subclassShortName": "Shadow",
			"subclassSource": "XGE",
			"level": 1,
			"entries": [
				"You are a creature of shadow, for your innate magic comes from the Shadowfell itself. You might trace your lineage to an entity from that place, or perhaps you were exposed to its fell energy and transformed by it.",
				"The power of shadow magic casts a strange pall over your physical presence. The spark of life that sustains you is muffled, as if it struggles to remain viable against the dark energy that imbues your soul. At your option, you can pick from or roll on the Shadow Sorcerer Quirks table to create a quirk for your character.",
				{
					"type": "table",
					"caption": "Shadow Sorcerer Quirks",
					"colLabels": [
						"d6",
						"Quirk"
					],
					"colStyles": [
						"col-2 text-center",
						"col-10"
					],
					"rows": [
						[
							"1",
							"You are always icy cold to the touch."
						],
						[
							"2",
							"When you are asleep, you don't appear to breathe (though you must still breathe to survive)."
						],
						[
							"3",
							"You barely bleed, even when badly injured."
						],
						[
							"4",
							"Your heart beats once per minute. This event sometimes surprises you."
						],
						[
							"5",
							"You have trouble remembering that living creatures and corpses should be treated differently."
						],
						[
							"6",
							"You blinked. Once. Last week."
						]
					]
				},
				"You learn additional spells when you reach certain levels in this class, as shown on the Shadow Spells table. Each of these spells counts as a sorcerer spell for you, but it doesn't count against the number of sorcerer spells you know.",
				"Whenever you gain a sorcerer level, you can replace one spell you gained from this feature with another spell of the same level. The new spell must be an abjuration or an illusion spell from the sorcerer, warlock, or wizard spell list.",
				"Additionally, you learn how to speak and write Undercommon.",
				{
					"type": "table",
					"caption": "Shadow Spells Table",
					"colLabels": [
						"Sorcerer Level",
						"Spells"
					],
					"colStyles": [
						"col-2 text-center",
						"col-10"
					],
					"rows": [
						[
							"1st",
							"{@spell faerie fire}, {@spell sleep}"
						],
						[
							"3rd",
							"{@spell invsibility}, {@spell darkness}"
						],
						[
							"5th",
							"{@spell gaseous form}, {@spell vampiric touch}"
						],
						[
							"7th",
							"{@spell greater invisibility}, {@spell stone shape}"
						],
						[
							"9th",
							"{@spell cloudkill}, {@spell insect plague}"
						]
					]
				},
				{
					"type": "refSubclassFeature",
					"subclassFeature": "Eyes of the Dark|Sorcerer||Shadow|XGE|1"
				},
				{
					"type": "refSubclassFeature",
					"subclassFeature": "Strength of the Grave|Sorcerer||Shadow|XGE|1"
				}
			]
		},
		{
			"name": "Eyes of the Dark",
			"source": "XGE",
			"page": 50,
			"className": "Sorcerer",
			"classSource": "PHB",
			"subclassShortName": "Shadow",
			"subclassSource": "XGE",
			"level": 1,
			"header": 1,
			"entries": [
				"Starting at 1st level, you have {@sense darkvision} with a range of 120 feet.",
				"You can see through magical darkness."
			]
		},
		{
			"name": "Strength of the Grave",
			"source": "XGE",
			"page": 50,
			"className": "Sorcerer",
			"classSource": "PHB",
			"subclassShortName": "Shadow",
			"subclassSource": "XGE",
			"level": 1,
			"header": 1,
			"entries": [
				"Starting at 1st level, your existence in a twilight state between life and death makes you difficult to defeat. When you are reduced to 0 hit points but not killed outright, you can drop to 1 hit point instead. You can't use this feature again until you finish a long rest."
			]
		},
		{
			"name": "Hound of Ill Omen",
			"source": "XGE",
			"page": 50,
			"className": "Sorcerer",
			"classSource": "PHB",
			"subclassShortName": "Shadow",
			"subclassSource": "XGE",
			"level": 6,
			"header": 2,
			"entries": [
				"At 6th level, you gain the ability to call forth a howling creature of darkness to harass your foes. You learn the {@spell Summon Shadowspawn|TCE} spell, that doens't count against your prepared spells, and you can cast it without the material component, this summon must be with the Fury form only."
			]
		},
		{
			"name": "Shadow Incarnation",
			"source": "XGE",
			"page": 50,
			"className": "Sorcerer",
			"classSource": "PHB",
			"subclassShortName": "Shadow",
			"subclassSource": "XGE",
			"level": 14,
			"header": 2,
			"entries": [
				"At 14th level, while you are in your Sorcery Incarnate you gain the following benefits:",
				{
					"type": "list",
					"items": [
						"You have resistance to necrotic and poison damage.",
						"You are immune to poisoned and frightened conditions.",
						"As a bonus action, you can magically teleport up to 120 feet to an unoccupied space you can see, when you teleport you cast darkness in the space that you want to teleport and then teleport.",
						"You can move through other creatures and objects as if they were difficult terrain. You take 5 force damage if you end your turn inside an object."
					]
				}
			]
		}
	]
}
