{
	"AAG": "spells-aag.json",
	"AI": "spells-ai.json",
	"AitFR-AVT": "spells-aitfr-avt.json",
	"EGW": "spells-egw.json",
	"FTD": "spells-ftd.json",
	"GGR": "spells-ggr.json",
	"IDRotF": "spells-idrotf.json",
	"LLK": "spells-llk.json",
	"PHB": "spells-phb.json",
	"HMB": "spells-hmb.json",
	"SCC": "spells-scc.json",
	"TCE": "spells-tce.json",
	"TDCSR": "spells-tdcsr.json",
	"UA2020PsionicOptionsRevisited": "spells-ua-2020por.json",
	"UA2020SpellsAndMagicTattoos": "spells-ua-2020smt.json",
	"UA2021DraconicOptions": "spells-ua-2021do.json",
	"UA2022WondersOfTheMultiverse": "spells-ua-2022wotm.json",
	"UAArtificerRevisited": "spells-ua-ar.json",
	"UAFighterRogueWizard": "spells-ua-frw.json",
	"UAModernMagic": "spells-ua-mm.json",
	"UASorcererAndWarlock": "spells-ua-saw.json",
	"UAStarterSpells": "spells-ua-ss.json",
	"UAThatOldBlackMagic": "spells-ua-tobm.json",
	"XGE": "spells-xge.json"
}
