{
	"_meta": {
		"dependencies": {
			"monster": [
				"MM"
			]
		},
		"otherSources": {
			"monster": {
				"MM": "PaBTSO",
				"DoSI": "PaBTSO",
				"MOT": "PaBTSO",
				"MPMM": "PaBTSO"
			}
		},
		"internalCopies": [
			"monster"
		]
	},
	"monster": [
		{
			"name": "Aberrant Zealot",
			"source": "PaBTSO",
			"page": 203,
			"size": [
				"M"
			],
			"type": "aberration",
			"alignment": [
				"C",
				"E"
			],
			"alignmentPrefix": "typically ",
			"ac": [
				{
					"ac": 16,
					"from": [
						"{@item studded leather armor|PHB}"
					]
				}
			],
			"hp": {
				"average": 93,
				"formula": "17d8 + 17"
			},
			"speed": {
				"walk": 30
			},
			"str": 15,
			"dex": 18,
			"con": 12,
			"int": 13,
			"wis": 8,
			"cha": 19,
			"save": {
				"dex": "+7",
				"cha": "+7"
			},
			"skill": {
				"perception": "+5"
			},
			"senses": [
				"darkvision 60 ft.",
				"truesight 10 ft."
			],
			"passive": 15,
			"resist": [
				"psychic"
			],
			"conditionImmune": [
				"blinded",
				"charmed",
				"frightened",
				"grappled",
				"restrained"
			],
			"languages": [
				"Common",
				"Deep Speech"
			],
			"cr": "8",
			"spellcasting": [
				{
					"name": "Spellcasting (Psionics)",
					"headerEntries": [
						"The zealot casts one of the following spells, requiring no components and using Charisma as the spellcasting ability (spell save {@dc 15}):"
					],
					"will": [
						"{@spell detect thoughts}",
						"{@spell minor illusion}"
					],
					"daily": {
						"1e": [
							"{@spell arcane gate}",
							"{@spell hunger of Hadar}"
						]
					},
					"ability": "cha",
					"displayAs": "action"
				}
			],
			"trait": [
				{
					"name": "Aberrant Form",
					"entries": [
						"The zealot exudes the chaos of the Far Realm. Any non-Aberration creature that starts its turn within 5 feet of the zealot must succeed on a {@dc 15} Wisdom saving throw or take 7 ({@damage 2d6}) psychic damage."
					]
				},
				{
					"name": "Weirdly Pliable",
					"entries": [
						"The zealot, along with any equipment it is wearing or carrying, is unnaturally flexible. The zealot can move through any space as narrow as 1 inch without squeezing."
					]
				}
			],
			"action": [
				{
					"name": "Multiattack",
					"entries": [
						"The zealot makes one Psychic Rend attack and two Shortsword attacks."
					]
				},
				{
					"name": "Psychic Rend",
					"entries": [
						"{@atk ms,rs} {@hit 7} to hit, reach 15 ft. or range 120 ft., one target. {@h}14 ({@damage 3d6 + 4}) psychic damage, and the target must succeed on a {@dc 15} Wisdom saving throw or have the {@condition stunned} condition until the start of the zealot's next turn."
					]
				},
				{
					"name": "Shortsword",
					"entries": [
						"{@atk mw} {@hit 7} to hit, reach 15 ft., one target. {@h}7 ({@damage 1d6 + 4}) piercing damage plus 7 ({@damage 2d6}) psychic damage."
					]
				}
			],
			"bonus": [
				{
					"name": "Void Warp {@recharge 5}",
					"entries": [
						"The zealot teleports, along with any equipment it is wearing or carrying, to an unoccupied space it can see within 120 feet of itself, leaving a churning void in the space it left. Immediately after it teleports, each creature within 30 feet of the void other than the zealot must make a {@dc 15} Strength saving throw. On a failed save, a creature takes 18 ({@damage 4d8}) force damage and is pulled to the unoccupied space closest to the void. On a successful save, the creature takes half as much damage only. The void then disappears."
					]
				}
			],
			"attachedItems": [
				"shortsword|phb"
			],
			"senseTags": [
				"D",
				"U"
			],
			"actionTags": [
				"Multiattack"
			],
			"languageTags": [
				"C",
				"DS"
			],
			"damageTags": [
				"O",
				"P",
				"Y"
			],
			"damageTagsSpell": [
				"A",
				"C"
			],
			"spellcastingTags": [
				"P"
			],
			"miscTags": [
				"AOE",
				"MLW",
				"MW",
				"RCH"
			],
			"conditionInflict": [
				"stunned"
			],
			"conditionInflictSpell": [
				"blinded"
			],
			"savingThrowForced": [
				"strength",
				"wisdom"
			],
			"savingThrowForcedSpell": [
				"dexterity",
				"wisdom"
			],
			"hasFluff": true,
			"hasFluffImages": true,
			"hasToken": true
		},
		{
			"name": "Aberrant Zealot (Tentacled)",
			"source": "PaBTSO",
			"page": 181,
			"_copy": {
				"name": "Aberrant Zealot",
				"source": "PaBTSO",
				"_mod": {
					"action": {
						"mode": "appendArr",
						"items": {
							"name": "Mind Blast {@recharge 5}",
							"entries": [
								"The zealot magically emits psychic energy in a 60-foot cone. Each creature in that area must succeed on a {@dc 15} Intelligence saving throw or take 22 ({@damage 4d8 + 4}) psychic damage and have the {@condition stunned} condition for 1 minute. A target can repeat the saving throw at the end of each of its turns, ending the {@condition stunned} condition on itself on a success."
							]
						}
					}
				}
			},
			"hasToken": true
		},
		{
			"name": "Ash Zombie",
			"source": "PaBTSO",
			"_copy": {
				"name": "Zombie",
				"source": "MM",
				"_mod": {
					"trait": {
						"mode": "appendArr",
						"items": {
							"name": "Ash Cloud",
							"entries": [
								"When the zombie dies, it leaves a cloud of ash that lasts for 5 minutes but does not obscure vision."
							]
						}
					}
				}
			},
			"hasToken": true
		},
		{
			"name": "Brain Breaker",
			"source": "PaBTSO",
			"page": 199,
			"_copy": {
				"name": "Infected Elder Brain",
				"source": "PaBTSO",
				"_mod": {
					"*": {
						"mode": "replaceTxt",
						"replace": "elder brain",
						"with": "brain breaker"
					}
				}
			},
			"ac": [
				{
					"ac": 14,
					"from": [
						"{@item ring mail|PHB}"
					]
				}
			],
			"speed": {
				"walk": 30,
				"fly": {
					"number": 30,
					"condition": "(hover)"
				},
				"canHover": true
			},
			"cr": "12",
			"hasFluff": true,
			"hasToken": true
		},
		{
			"name": "Chishinix",
			"isNpc": true,
			"isNamedCreature": true,
			"source": "PaBTSO",
			"_copy": {
				"name": "Mind Flayer Clairvoyant",
				"source": "PaBTSO",
				"_mod": {
					"*": {
						"mode": "replaceTxt",
						"replace": "the mind flayer",
						"with": "Chishinix",
						"flags": "i"
					},
					"trait": {
						"mode": "appendArr",
						"items": {
							"name": "",
							"entries": [
								"Chishinix is always accompanied by a {@creature Chishinix' Head|PaBTSO|severed head}."
							]
						}
					}
				}
			},
			"hasToken": true
		},
		{
			"name": "Chishinix' Head",
			"isNpc": true,
			"isNamedCreature": true,
			"source": "PaBTSO",
			"_copy": {
				"name": "Encephalon Gemmule",
				"source": "PaBTSO",
				"_mod": {
					"*": {
						"mode": "replaceTxt",
						"replace": "gemmule",
						"with": "head"
					},
					"trait": {
						"mode": "removeArr",
						"names": "Encephalon Progeny"
					}
				}
			},
			"speed": {
				"walk": 10
			},
			"hasToken": true
		},
		{
			"name": "Cloaker Mutate",
			"source": "PaBTSO",
			"page": 212,
			"size": [
				"L"
			],
			"type": "aberration",
			"alignment": [
				"C",
				"N"
			],
			"alignmentPrefix": "typically ",
			"ac": [
				{
					"ac": 14,
					"from": [
						"natural armor"
					]
				}
			],
			"hp": {
				"average": 143,
				"formula": "22d10 + 22"
			},
			"speed": {
				"walk": 10,
				"fly": 30
			},
			"str": 19,
			"dex": 15,
			"con": 12,
			"int": 18,
			"wis": 13,
			"cha": 11,
			"skill": {
				"stealth": "+6"
			},
			"senses": [
				"darkvision 60 ft."
			],
			"passive": 11,
			"resist": [
				"necrotic",
				"poison",
				"psychic"
			],
			"conditionImmune": [
				"exhaustion",
				"poisoned"
			],
			"languages": [
				"Deep Speech",
				"telepathy 60 ft.",
				"Undercommon"
			],
			"cr": "10",
			"trait": [
				{
					"name": "Avoidance",
					"entries": [
						"If the mutate is subjected to an effect that allows it to make a saving throw to take only half damage, it instead takes no damage if it succeeds on the saving throw, and only half damage if it fails."
					]
				},
				{
					"name": "Light Sensitivity",
					"entries": [
						"While in bright light, the mutate has disadvantage on attack rolls."
					]
				}
			],
			"action": [
				{
					"name": "Multiattack",
					"entries": [
						"The mutate makes one Corpse Swipe attack and two Tail attacks, or it makes four Tail attacks."
					]
				},
				{
					"name": "Corpse Swipe",
					"entries": [
						"{@atk mw} {@hit 8} to hit, reach 5 ft., one target. {@h}20 ({@damage 3d10 + 4}) bludgeoning damage. If the target is a creature, it must succeed on a {@dc 16} Constitution saving throw or have the {@condition poisoned} condition for 1 minute. While {@condition poisoned} in this way, a creature can't regain hit points."
					]
				},
				{
					"name": "Tail",
					"entries": [
						"{@atk mw} {@hit 8} to hit, reach 10 ft., one target. {@h}13 ({@damage 2d8 + 4}) slashing damage."
					]
				}
			],
			"bonus": [
				{
					"name": "Phantasmal Duplicates",
					"entries": [
						"The mutate magically projects up to four illusory copies of itself. These duplicates make it difficult to ascertain the mutate's true location and last until the end of the mutate's next turn. While the copies exist, attack rolls against the mutate are made with disadvantage."
					]
				},
				{
					"name": "Psychic Moan {@recharge}",
					"entries": [
						"The mutate lets out a moan charged with psychic energy. Each creature within 60 feet of the mutate that isn't an Aberration must succeed on a {@dc 16} Wisdom saving throw or take 17 ({@damage 5d6}) psychic damage and have the {@condition frightened} condition until the end of the mutate's next turn."
					]
				}
			],
			"traitTags": [
				"Light Sensitivity"
			],
			"senseTags": [
				"D"
			],
			"actionTags": [
				"Multiattack"
			],
			"languageTags": [
				"DS",
				"TP",
				"U"
			],
			"damageTags": [
				"B",
				"S",
				"Y"
			],
			"miscTags": [
				"AOE",
				"MW",
				"RCH"
			],
			"conditionInflict": [
				"frightened"
			],
			"savingThrowForced": [
				"constitution",
				"wisdom"
			],
			"hasFluff": true,
			"hasFluffImages": true,
			"hasToken": true
		},
		{
			"name": "Dwarf Skeleton",
			"source": "PaBTSO",
			"page": 123,
			"size": [
				"M"
			],
			"type": "undead",
			"alignment": [
				"L",
				"E"
			],
			"ac": [
				{
					"ac": 13,
					"from": [
						"{@item chain shirt|phb}"
					]
				}
			],
			"hp": {
				"average": 26,
				"formula": "4d8 + 8"
			},
			"speed": {
				"walk": 25
			},
			"str": 16,
			"dex": 10,
			"con": 15,
			"int": 6,
			"wis": 8,
			"cha": 5,
			"senses": [
				"darkvision 60 ft."
			],
			"passive": 9,
			"immune": [
				"poison"
			],
			"vulnerable": [
				"bludgeoning"
			],
			"conditionImmune": [
				"exhaustion",
				"poisoned"
			],
			"languages": [
				"understands Dwarvish but can't speak"
			],
			"cr": "1/2",
			"trait": [
				{
					"name": "Sure-Footed",
					"entries": [
						"The skeleton has advantage on Strength and Dexterity saving throws made against effects that make it have the {@condition prone} condition."
					]
				}
			],
			"action": [
				{
					"name": "Battleaxe",
					"entries": [
						"{@atk mw} {@hit 5} to hit, reach 5 ft., one target. {@h}7 ({@damage 1d8 + 3}) slashing damage, or 8 ({@damage 1d10 + 3}) slashing damage if used with two hands."
					]
				}
			],
			"attachedItems": [
				"battleaxe|phb"
			],
			"senseTags": [
				"D"
			],
			"languageTags": [
				"CS",
				"D"
			],
			"damageTags": [
				"S"
			],
			"miscTags": [
				"MLW",
				"MW"
			],
			"hasToken": true
		},
		{
			"name": "Encephalon Cluster",
			"source": "PaBTSO",
			"page": 205,
			"size": [
				"L"
			],
			"type": "aberration",
			"alignment": [
				"U"
			],
			"ac": [
				{
					"ac": 13,
					"from": [
						"natural armor"
					]
				}
			],
			"hp": {
				"average": 110,
				"formula": "17d10 + 17"
			},
			"speed": {
				"walk": 20
			},
			"str": 23,
			"dex": 10,
			"con": 13,
			"int": 5,
			"wis": 17,
			"cha": 7,
			"senses": [
				"blindsight 60 ft. (can't see beyond this radius)"
			],
			"passive": 13,
			"resist": [
				"psychic"
			],
			"conditionImmune": [
				"blinded"
			],
			"cr": "10",
			"trait": [
				{
					"name": "Legendary Resistance (3/Day)",
					"entries": [
						"If the cluster fails a saving throw, it can choose to succeed instead."
					]
				},
				{
					"name": "Magic Resistance",
					"entries": [
						"The cluster has advantage on saving throws against spells and other magical effects."
					]
				}
			],
			"action": [
				{
					"name": "Multiattack",
					"entries": [
						"The cluster makes two Slam attacks. It can replace one of these attacks with Spawn Progeny if available."
					]
				},
				{
					"name": "Slam",
					"entries": [
						"{@atk mw} {@hit 10} to hit, reach 5 ft., one target. {@h}17 ({@damage 2d10 + 6}) bludgeoning damage plus 10 ({@damage 3d6}) psychic damage, and if the target is a creature, the target must succeed on a {@dc 18} Strength saving throw or have the {@condition prone} condition. If this attack reduces the target to 0 hit points, the target immediately dies and is consumed by the cluster."
					]
				},
				{
					"name": "Spawn Progeny (Recharges after a Short or Long Rest)",
					"entries": [
						"The cluster bulges and spews {@dice 1d4} mature eggs. Each egg lands in an unoccupied space of the cluster's choice within 30 feet of itself and immediately transforms into an {@creature encephalon gemmule|PaBTSO}. The gemmules obey the cluster's commands and take their turns immediately after it."
					]
				}
			],
			"reaction": [
				{
					"name": "Aggressive Hunger",
					"entries": [
						"Immediately after being hit by an attack, the cluster moves up to its speed toward the attacker. This movement doesn't provoke opportunity attacks. If the cluster ends this movement within 5 feet of the attacker, it then makes one Slam attack against that attacker."
					]
				}
			],
			"traitTags": [
				"Legendary Resistances",
				"Magic Resistance"
			],
			"senseTags": [
				"B"
			],
			"actionTags": [
				"Multiattack"
			],
			"damageTags": [
				"B",
				"Y"
			],
			"miscTags": [
				"MW"
			],
			"conditionInflict": [
				"prone"
			],
			"savingThrowForced": [
				"strength"
			],
			"hasFluff": true,
			"hasFluffImages": true,
			"hasToken": true
		},
		{
			"name": "Encephalon Gemmule",
			"source": "PaBTSO",
			"page": 206,
			"size": [
				"T"
			],
			"type": "aberration",
			"alignment": [
				"U"
			],
			"ac": [
				14
			],
			"hp": {
				"average": 54,
				"formula": "12d4 + 24"
			},
			"speed": {
				"walk": 40
			},
			"str": 1,
			"dex": 18,
			"con": 14,
			"int": 5,
			"wis": 12,
			"cha": 7,
			"senses": [
				"blindsight 30 ft. (can't see beyond this radius)"
			],
			"passive": 11,
			"resist": [
				"psychic"
			],
			"conditionImmune": [
				"blinded"
			],
			"cr": "3",
			"trait": [
				{
					"name": "Encephalon Progeny",
					"entries": [
						"The gemmule matures into an encephalon cluster if not killed within 30 ({@dice 4d12 + 4}) days of its creation."
					]
				},
				{
					"name": "Magic Resistance",
					"entries": [
						"The gemmule has advantage on saving throws against spells and other magical effects."
					]
				}
			],
			"action": [
				{
					"name": "Psychic Slam",
					"entries": [
						"{@atk mw} {@hit 6} to hit, reach 5 ft., one target. {@h}16 ({@damage 3d10}) psychic damage."
					]
				}
			],
			"bonus": [
				{
					"name": "Leech",
					"entries": [
						"The gemmule targets one creature within 5 feet of itself and forces the target to make a {@dc 14} Dexterity saving throw. On a failed save, the gemmule enters the target's space and attaches to the target. While the gemmule is attached, the target takes 7 ({@damage 3d4}) piercing damage at the start of each of its turns, and the gemmule can't use Leech again until it detaches. It can detach itself by spending 5 feet of its movement. As an action, the target or a creature within 5 feet of the target can detach the gemmule by succeeding on a {@dc 15} Strength check."
					]
				}
			],
			"traitTags": [
				"Magic Resistance"
			],
			"senseTags": [
				"B"
			],
			"damageTags": [
				"P",
				"Y"
			],
			"miscTags": [
				"MW"
			],
			"savingThrowForced": [
				"dexterity"
			],
			"hasFluff": true,
			"hasFluffImages": true,
			"hasToken": true
		},
		{
			"name": "Feral Ashenwight",
			"source": "PaBTSO",
			"page": 204,
			"size": [
				"M"
			],
			"type": "undead",
			"alignment": [
				"N",
				"E"
			],
			"alignmentPrefix": "typically ",
			"ac": [
				{
					"ac": 16,
					"from": [
						"natural armor"
					]
				}
			],
			"hp": {
				"average": 65,
				"formula": "10d8 + 20"
			},
			"speed": {
				"walk": 25
			},
			"str": 19,
			"dex": 13,
			"con": 15,
			"int": 4,
			"wis": 14,
			"cha": 6,
			"save": {
				"str": "+7",
				"con": "+5"
			},
			"senses": [
				"darkvision 120 ft."
			],
			"passive": 12,
			"resist": [
				"necrotic",
				"poison"
			],
			"conditionImmune": [
				"charmed",
				"exhaustion",
				"frightened",
				"paralyzed",
				"poisoned",
				"unconscious"
			],
			"languages": [
				"understands the languages it knew in life but can't speak"
			],
			"cr": "5",
			"action": [
				{
					"name": "Multiattack",
					"entries": [
						"The ashenwight makes two Necrotic Shard attacks."
					]
				},
				{
					"name": "Necrotic Shard",
					"entries": [
						"{@atk mw,rw} {@hit 7} to hit, reach 5 ft. or range 60 ft., one target. {@h}7 ({@damage 1d6 + 4}) necrotic damage. If the target is a creature, it has disadvantage on the next attack roll it makes before the end of its next turn."
					]
				}
			],
			"senseTags": [
				"SD"
			],
			"actionTags": [
				"Multiattack"
			],
			"languageTags": [
				"CS",
				"LF"
			],
			"damageTags": [
				"N"
			],
			"miscTags": [
				"MW",
				"RW"
			],
			"hasFluff": true,
			"hasFluffImages": true,
			"hasToken": true
		},
		{
			"name": "Fiendish Auger",
			"source": "PaBTSO",
			"page": 206,
			"size": [
				"H"
			],
			"type": "construct",
			"alignment": [
				"N",
				"E"
			],
			"alignmentPrefix": "typically ",
			"ac": [
				{
					"ac": 15,
					"from": [
						"natural armor"
					]
				}
			],
			"hp": {
				"average": 85,
				"formula": "9d12 + 27"
			},
			"speed": {
				"walk": 40,
				"burrow": 30
			},
			"str": 23,
			"dex": 10,
			"con": 17,
			"int": 6,
			"wis": 12,
			"cha": 5,
			"senses": [
				"blindsight 60 ft. (can't see beyond this radius)"
			],
			"passive": 11,
			"immune": [
				"fire",
				"poison"
			],
			"conditionImmune": [
				"blinded",
				"charmed",
				"exhaustion",
				"frightened",
				"paralyzed",
				"petrified",
				"poisoned",
				"unconscious"
			],
			"cr": "5",
			"trait": [
				{
					"name": "Siege Monster",
					"entries": [
						"The auger deals double damage to objects and structures."
					]
				},
				{
					"name": "Tunneler",
					"entries": [
						"The auger can burrow through solid rock at half its burrow speed and leaves a 10-foot-diameter tunnel in its wake."
					]
				}
			],
			"action": [
				{
					"name": "Flaming Drill",
					"entries": [
						"{@atk mw} {@hit 9} to hit, reach 5 ft., one target. {@h}17 ({@damage 2d10 + 6}) piercing damage plus 7 ({@damage 2d6}) fire damage. If the auger moves at least 20 feet in a straight line toward the target immediately before the hit, the target takes an additional 11 ({@damage 2d10}) piercing damage, and if the target is a creature, it must succeed on a {@dc 17} Strength saving throw or have the {@condition prone} condition."
					]
				}
			],
			"bonus": [
				{
					"name": "Burst of Heat {@recharge 5}",
					"entries": [
						"The auger releases an intense burst of heat in a 30-foot-radius sphere centered on itself. This heat spreads around corners. Each creature in this area must make a {@dc 17} Constitution saving throw, taking 13 ({@damage 3d8}) fire damage on a failed save, or half as much damage on a successful one."
					]
				}
			],
			"traitTags": [
				"Siege Monster",
				"Tunneler"
			],
			"senseTags": [
				"B"
			],
			"damageTags": [
				"F",
				"P"
			],
			"miscTags": [
				"AOE",
				"MW"
			],
			"conditionInflict": [
				"prone"
			],
			"savingThrowForced": [
				"constitution",
				"strength"
			],
			"hasFluff": true,
			"hasFluffImages": true,
			"hasToken": true
		},
		{
			"name": "Flesh Meld",
			"source": "PaBTSO",
			"page": 207,
			"size": [
				"H"
			],
			"type": "aberration",
			"alignment": [
				"C",
				"E"
			],
			"alignmentPrefix": "typically ",
			"ac": [
				12
			],
			"hp": {
				"average": 95,
				"formula": "10d12 + 30"
			},
			"speed": {
				"walk": 30,
				"climb": 30
			},
			"str": 21,
			"dex": 14,
			"con": 17,
			"int": 7,
			"wis": 13,
			"cha": 5,
			"save": {
				"str": "+8",
				"dex": "+5"
			},
			"senses": [
				"blindsight 60 ft. (can't see beyond this radius)"
			],
			"passive": 11,
			"conditionImmune": [
				"blinded",
				"prone"
			],
			"languages": [
				"understands all but can't speak"
			],
			"cr": "7",
			"trait": [
				{
					"name": "Amorphous",
					"entries": [
						"The flesh meld can move through a space as narrow as 1 inch without squeezing."
					]
				},
				{
					"name": "Aura of Death",
					"entries": [
						"At the start of each of the flesh meld's turns, each creature within 5 feet of it must succeed on a {@dc 15} Constitution saving throw or take 3 ({@damage 1d6}) necrotic damage and have the {@condition poisoned} condition until the start of the flesh meld's next turn."
					]
				},
				{
					"name": "Magic Resistance",
					"entries": [
						"The flesh meld has advantage on saving throws against spells and other magical effects."
					]
				},
				{
					"name": "Spider Climb",
					"entries": [
						"The flesh meld can climb difficult surfaces, including ceilings, without needing to make an ability check."
					]
				}
			],
			"action": [
				{
					"name": "Multiattack",
					"entries": [
						"The flesh meld makes two Bite attacks."
					]
				},
				{
					"name": "Bite",
					"entries": [
						"{@atk mw} {@hit 8} to hit, reach 30 ft., one target. {@h}16 ({@damage 2d10 + 5}) piercing damage, and if the target is a Large or smaller creature, it has the {@condition grappled} condition (escape {@dc 15}) and is pulled up to 15 feet toward the flesh meld."
					]
				}
			],
			"bonus": [
				{
					"name": "Consume Creature",
					"entries": [
						"The flesh meld targets one Large or smaller creature within 5 feet of itself that it's grappling. The target must succeed on a {@dc 15} Dexterity saving throw or be swallowed by the flesh meld. The flesh meld can have one creature swallowed at a time.",
						"A swallowed creature no longer has the {@condition grappled} condition. While swallowed, it has the {@condition blinded} and {@condition restrained} conditions, has total cover against attacks and other effects outside the flesh meld, and takes 10 ({@damage 3d6}) necrotic damage at the start of each of the flesh meld's turns. If this damage reduces a swallowed creature to 0 hit points, the creature dies, and the flesh meld consumes its body.",
						"If the flesh meld takes 30 damage or more on a single turn from the swallowed creature, the flesh meld must succeed on a {@dc 15} Constitution saving throw at the end of that turn or regurgitate the creature, which falls with the {@condition prone} condition in a space within 5 feet of the flesh meld. If the flesh meld dies, the swallowed creature is no longer {@condition restrained} by it and can escape from the corpse by using 10 feet of movement, exiting with the {@condition prone} condition."
					]
				}
			],
			"traitTags": [
				"Amorphous",
				"Magic Resistance",
				"Spider Climb"
			],
			"senseTags": [
				"B"
			],
			"actionTags": [
				"Multiattack"
			],
			"languageTags": [
				"CS",
				"XX"
			],
			"damageTags": [
				"N",
				"P"
			],
			"miscTags": [
				"AOE",
				"MW",
				"RCH"
			],
			"conditionInflict": [
				"poisoned"
			],
			"savingThrowForced": [
				"constitution",
				"dexterity"
			],
			"hasFluff": true,
			"hasFluffImages": true,
			"hasToken": true
		},
		{
			"name": "Goblin Boss Archer",
			"source": "PaBTSO",
			"page": 60,
			"_copy": {
				"name": "Goblin Boss",
				"source": "MM",
				"_mod": {
					"action": {
						"mode": "replaceArr",
						"replace": "Javelin",
						"items": {
							"name": "Shortbow",
							"entries": [
								"{@atk rw} {@hit 4} to hit, range 80 ft./320 ft., one target. {@h}5 ({@damage 1d6 + 2}) piercing damage."
							]
						}
					}
				}
			},
			"hasToken": true
		},
		{
			"name": "Goblin Psi Brawler",
			"source": "PaBTSO",
			"page": 215,
			"size": [
				"S"
			],
			"type": {
				"type": "aberration",
				"tags": [
					"goblinoid"
				]
			},
			"alignment": [
				"A"
			],
			"ac": [
				{
					"ac": 15,
					"from": [
						"{@item studded leather armor|PHB}"
					]
				}
			],
			"hp": {
				"average": 31,
				"formula": "7d6 + 7"
			},
			"speed": {
				"walk": 30
			},
			"str": 9,
			"dex": 17,
			"con": 12,
			"int": 16,
			"wis": 15,
			"cha": 10,
			"save": {
				"int": "+5",
				"wis": "+4"
			},
			"skill": {
				"stealth": "+7"
			},
			"senses": [
				"darkvision 60 ft."
			],
			"passive": 12,
			"resist": [
				"psychic"
			],
			"languages": [
				"Common",
				"Goblin",
				"telepathy 30 ft."
			],
			"cr": "2",
			"trait": [
				{
					"name": "Mental Burst",
					"entries": [
						"When the goblin dies, its pent-up mental energy explodes in a psychic blast. Each creature within 5 feet of it must succeed on a {@dc 13} Intelligence saving throw or take 5 ({@damage 2d4}) psychic damage."
					]
				},
				{
					"name": "Mental Fortitude",
					"entries": [
						"The goblin has advantage on saving throws against effects that would make it have the {@condition charmed} or {@condition frightened} condition."
					]
				}
			],
			"action": [
				{
					"name": "Multiattack",
					"entries": [
						"The goblin makes two Unarmed Strike attacks."
					]
				},
				{
					"name": "Unarmed Strike",
					"entries": [
						"{@atk mw} {@hit 5} to hit, reach 5 ft., one target. {@h}5 ({@damage 1d4 + 3}) bludgeoning damage plus 3 ({@damage 1d6}) psychic damage."
					]
				}
			],
			"bonus": [
				{
					"name": "Nimble Escape",
					"entries": [
						"The goblin takes the Disengage or Hide action."
					]
				},
				{
					"name": "Telekinetic Shove",
					"entries": [
						"The goblin targets one creature it can see within 30 feet of itself with a thrust of telekinetic force. The target must succeed on a {@dc 13} Strength saving throw or have the {@condition prone} condition."
					]
				}
			],
			"senseTags": [
				"D"
			],
			"actionTags": [
				"Multiattack"
			],
			"languageTags": [
				"C",
				"GO",
				"TP"
			],
			"damageTags": [
				"B",
				"Y"
			],
			"miscTags": [
				"AOE",
				"MW"
			],
			"conditionInflict": [
				"prone"
			],
			"savingThrowForced": [
				"intelligence",
				"strength"
			],
			"hasFluff": true,
			"hasFluffImages": true,
			"hasToken": true
		},
		{
			"name": "Goblin Psi Commander",
			"source": "PaBTSO",
			"page": 216,
			"size": [
				"S"
			],
			"type": {
				"type": "aberration",
				"tags": [
					"goblinoid"
				]
			},
			"alignment": [
				"A"
			],
			"ac": [
				{
					"ac": 16,
					"from": [
						"{@item studded leather armor|PHB}"
					]
				}
			],
			"hp": {
				"average": 58,
				"formula": "13d6 + 13"
			},
			"speed": {
				"walk": 30
			},
			"str": 12,
			"dex": 19,
			"con": 13,
			"int": 17,
			"wis": 15,
			"cha": 10,
			"save": {
				"int": "+5",
				"wis": "+4"
			},
			"skill": {
				"stealth": "+8"
			},
			"senses": [
				"darkvision 60 ft."
			],
			"passive": 12,
			"resist": [
				"psychic"
			],
			"languages": [
				"Common",
				"Goblin",
				"telepathy 60 ft."
			],
			"cr": "4",
			"spellcasting": [
				{
					"name": "Spellcasting (Psionics)",
					"headerEntries": [
						"The goblin casts one of the following spells, requiring no spell components and using Intelligence as the spellcasting ability (spell save {@dc 13}):"
					],
					"will": [
						"{@spell mage hand} (the hand is invisible)",
						"{@spell minor illusion}"
					],
					"daily": {
						"1e": [
							"{@spell charm person}",
							"{@spell dissonant whispers}",
							"{@spell telekinesis}"
						]
					},
					"ability": "int",
					"displayAs": "action"
				}
			],
			"trait": [
				{
					"name": "Mental Burst",
					"entries": [
						"When the goblin dies, its pent-up mental energy explodes in a psychic blast. Each creature within 5 feet of it must succeed on a {@dc 13} Intelligence saving throw or take 10 ({@damage 4d4}) psychic damage."
					]
				},
				{
					"name": "Mental Fortitude",
					"entries": [
						"The goblin has advantage on saving throws against effects that would make it have the {@condition charmed} or {@condition frightened} conditions."
					]
				}
			],
			"action": [
				{
					"name": "Multiattack",
					"entries": [
						"The goblin makes three Psychic Blade attacks."
					]
				},
				{
					"name": "Psychic Blade",
					"entries": [
						"{@atk mw,rw} {@hit 6} to hit, reach 5 ft. or range 60 ft., one creature. {@h}11 ({@damage 2d6 + 4}) psychic damage, and the target must subtract {@dice 1d4} from the next attack roll or saving throw it makes before the end of the goblin's next turn."
					]
				},
				{
					"name": "Synaptic Rend {@recharge 5}",
					"entries": [
						"The goblin unleashes a 30-foot-radius sphere of psychic energy, centered on a point the goblin can see within 60 feet of itself. Each creature in that area must make a {@dc 13} Intelligence saving throw. On a failed save, a creature takes 14 ({@damage 4d6}) psychic damage and has the {@condition incapacitated} condition until the end of the goblin's next turn. On a successful save, a creature takes half as much damage only."
					]
				}
			],
			"reaction": [
				{
					"name": "Nimble Escape",
					"entries": [
						"The goblin takes the Disengage or Hide action."
					]
				},
				{
					"name": "Psionic Shield",
					"entries": [
						"When the goblin or one of its allies within 15 feet of it is hit by an attack roll, the goblin conjures a shield of force. The target of the attack gains a +3 bonus to its AC against the triggering attack roll, potentially causing it to miss."
					]
				}
			],
			"senseTags": [
				"D"
			],
			"actionTags": [
				"Multiattack"
			],
			"languageTags": [
				"C",
				"GO",
				"TP"
			],
			"damageTags": [
				"Y"
			],
			"damageTagsSpell": [
				"Y"
			],
			"spellcastingTags": [
				"P"
			],
			"miscTags": [
				"AOE",
				"MW",
				"RW"
			],
			"conditionInflict": [
				"incapacitated"
			],
			"conditionInflictSpell": [
				"charmed",
				"restrained"
			],
			"savingThrowForced": [
				"intelligence"
			],
			"savingThrowForcedSpell": [
				"wisdom"
			],
			"hasFluff": true,
			"hasFluffImages": true,
			"hasToken": true
		},
		{
			"name": "Grandlejaw",
			"isNpc": true,
			"isNamedCreature": true,
			"source": "PaBTSO",
			"_copy": {
				"name": "Hydra",
				"source": "MM",
				"_mod": {
					"*": {
						"mode": "replaceTxt",
						"replace": "the hydra",
						"with": "Grandlejaw",
						"flags": "i"
					}
				}
			},
			"hasToken": true
		},
		{
			"name": "Grell Psychic",
			"source": "PaBTSO",
			"page": 145,
			"size": [
				"M"
			],
			"type": "aberration",
			"alignment": [
				"C",
				"E"
			],
			"ac": [
				12,
				{
					"ac": 15,
					"condition": "with {@spell mage armor}",
					"braces": true
				}
			],
			"hp": {
				"average": 66,
				"formula": "12d8 + 12"
			},
			"speed": {
				"walk": 10,
				"fly": {
					"number": 30,
					"condition": "(hover)"
				},
				"canHover": true
			},
			"str": 17,
			"dex": 14,
			"con": 13,
			"int": 12,
			"wis": 11,
			"cha": 14,
			"skill": {
				"perception": "+4",
				"stealth": "+6"
			},
			"senses": [
				"blindsight 60 ft. (blind beyond this radius)"
			],
			"passive": 14,
			"immune": [
				"lightning"
			],
			"conditionImmune": [
				"blinded",
				"prone"
			],
			"languages": [
				"Deep Speech",
				"Grell"
			],
			"cr": "4",
			"spellcasting": [
				{
					"name": "Spellcasting (Psionics)",
					"headerEntries": [
						"The grell psychic casts one of the following spells, requiring no spell components and using Charisma as the spellcasting ability (spell save {@dc 12}):"
					],
					"will": [
						"{@spell detect thoughts}",
						"{@spell mage armor}",
						"{@spell mage hand} (the hand is invisible)"
					],
					"daily": {
						"1e": [
							"{@spell confusion}",
							"{@spell fear}"
						]
					},
					"ability": "cha",
					"displayAs": "action"
				}
			],
			"action": [
				{
					"name": "Multiattack",
					"entries": [
						"The grell psychic makes one Tentacle attack and one Beak attack."
					]
				},
				{
					"name": "Beak",
					"entries": [
						"{@atk mw} {@hit 5} to hit, reach 5 ft., one target. {@h}10 ({@damage 3d4 + 3}) piercing damage."
					]
				},
				{
					"name": "Tentacle",
					"entries": [
						"{@atk mw} {@hit 5} to hit, reach 10 ft., one target. {@h}8 ({@damage 1d10 + 3}) piercing damage, and the target must succeed on a {@dc 11} Constitution saving throw or have the {@condition poisoned} condition for 1 minute. While the target is {@condition poisoned}, it also has the {@condition paralyzed} condition. The target can repeat the saving throw at the end of each of its turns, ending the effect on itself on a success. The target also has the {@condition grappled} condition (escape {@dc 16}). While grappling the target, the grell can't make Tentacle attacks against other targets. When the grell moves, any Medium or smaller target it is grappling moves with it."
					]
				}
			],
			"senseTags": [
				"B"
			],
			"actionTags": [
				"Multiattack",
				"Tentacles"
			],
			"languageTags": [
				"DS",
				"OTH"
			],
			"damageTags": [
				"P"
			],
			"spellcastingTags": [
				"P"
			],
			"miscTags": [
				"MW",
				"RCH"
			],
			"conditionInflict": [
				"poisoned"
			],
			"conditionInflictSpell": [
				"frightened"
			],
			"savingThrowForced": [
				"constitution"
			],
			"savingThrowForcedSpell": [
				"wisdom"
			],
			"hasFluffImages": true,
			"hasToken": true
		},
		{
			"name": "Gundren Rockseeker",
			"isNpc": true,
			"isNamedCreature": true,
			"source": "PaBTSO",
			"_copy": {
				"name": "Commoner",
				"source": "MM",
				"_trait": {
					"name": "Mountain Dwarf",
					"source": "PHB"
				}
			},
			"hasToken": true
		},
		{
			"name": "Gwyn Oresong",
			"isNpc": true,
			"isNamedCreature": true,
			"source": "PaBTSO",
			"_copy": {
				"name": "Acolyte",
				"source": "MM",
				"_trait": {
					"name": "Mountain Dwarf",
					"source": "PHB"
				},
				"_mod": {
					"*": {
						"mode": "replaceTxt",
						"replace": "the acolyte",
						"with": "Gwyn",
						"flags": "i"
					}
				}
			},
			"alignment": [
				"N",
				"G"
			],
			"hasToken": true
		},
		{
			"name": "Hashutu",
			"isNpc": true,
			"isNamedCreature": true,
			"source": "PaBTSO",
			"_copy": {
				"name": "Mind Flayer Clairvoyant",
				"source": "PaBTSO",
				"_mod": {
					"*": {
						"mode": "replaceTxt",
						"replace": "the mind flayer",
						"with": "Hashutu",
						"flags": "i"
					}
				}
			},
			"senses": [
				"blindsight 60 ft.",
				"darkvision 120 ft.",
				"truesight 15 ft."
			],
			"hasToken": true
		},
		{
			"name": "Hjoldak Hollowhelm",
			"isNpc": true,
			"isNamedCreature": true,
			"source": "PaBTSO",
			"_copy": {
				"name": "Psionic Ashenwight",
				"source": "PaBTSO",
				"_mod": {
					"*": {
						"mode": "replaceTxt",
						"replace": "the ashenwight",
						"with": "Hjoldak",
						"flags": "i"
					}
				}
			},
			"alignment": [
				"N"
			],
			"hasToken": true
		},
		{
			"name": "Honna",
			"isNpc": true,
			"isNamedCreature": true,
			"source": "PaBTSO",
			"_copy": {
				"name": "Medusa",
				"source": "MM",
				"_mod": {
					"*": {
						"mode": "replaceTxt",
						"replace": "the medusa",
						"with": "Honna",
						"flags": "i"
					}
				}
			},
			"hasToken": true
		},
		{
			"name": "Humanoid Mutate",
			"source": "PaBTSO",
			"page": 212,
			"size": [
				"M"
			],
			"type": "aberration",
			"alignment": [
				"A"
			],
			"ac": [
				14
			],
			"hp": {
				"average": 65,
				"formula": "10d8 + 20"
			},
			"speed": {
				"walk": 30,
				"fly": 30
			},
			"str": 12,
			"dex": 18,
			"con": 14,
			"int": 11,
			"wis": 13,
			"cha": 15,
			"skill": {
				"perception": "+3",
				"stealth": "+6"
			},
			"senses": [
				"darkvision 120 ft."
			],
			"passive": 13,
			"resist": [
				"psychic"
			],
			"conditionImmune": [
				"charmed",
				"frightened"
			],
			"languages": [
				"Common",
				"telepathy 60 ft."
			],
			"cr": "4",
			"trait": [
				{
					"name": "Sunlight Sensitivity",
					"entries": [
						"While in sunlight, the mutate has disadvantage on attack rolls."
					]
				}
			],
			"action": [
				{
					"name": "Multiattack",
					"entries": [
						"The mutate makes two Unarmed Strike or Nightmare Blast attacks."
					]
				},
				{
					"name": "Unarmed Strike",
					"entries": [
						"{@atk mw} {@hit 6} to hit, reach 5 ft., one target. {@h}7 ({@damage 1d6 + 4}) bludgeoning damage plus 10 ({@damage 3d6}) psychic damage."
					]
				},
				{
					"name": "Nightmare Blast",
					"entries": [
						"{@atk rw} {@hit 6} to hit, range 60 ft., one creature. {@h}7 ({@damage 2d6}) psychic damage, and the target must succeed on a {@dc 12} Wisdom saving throw or have the {@condition frightened} condition until the start of the mutate's next turn."
					]
				}
			],
			"reaction": [
				{
					"name": "Defensive Flight",
					"entries": [
						"Immediately after taking damage, the mutate flies up to its speed. This movement doesn't provoke opportunity attacks."
					]
				}
			],
			"traitTags": [
				"Sunlight Sensitivity"
			],
			"senseTags": [
				"SD"
			],
			"actionTags": [
				"Multiattack"
			],
			"languageTags": [
				"C",
				"TP"
			],
			"damageTags": [
				"B",
				"Y"
			],
			"miscTags": [
				"MW",
				"RW"
			],
			"conditionInflict": [
				"frightened"
			],
			"savingThrowForced": [
				"wisdom"
			],
			"hasFluff": true,
			"hasFluffImages": true,
			"hasToken": true
		},
		{
			"name": "Iarno \"Glasstaff\" Albrek",
			"source": "PaBTSO",
			"page": 43,
			"size": [
				"M"
			],
			"type": {
				"type": "humanoid",
				"tags": [
					"human",
					"wizard"
				]
			},
			"alignment": [
				"L",
				"E"
			],
			"ac": [
				12,
				{
					"ac": 16,
					"condition": "with {@spell mage armor} and {@item staff of defense|PaBTSO}",
					"braces": true
				}
			],
			"hp": {
				"average": 22,
				"formula": "5d8"
			},
			"speed": {
				"walk": 30
			},
			"str": 9,
			"dex": 14,
			"con": 11,
			"int": 17,
			"wis": 12,
			"cha": 11,
			"save": {
				"int": "+5",
				"wis": "+3"
			},
			"skill": {
				"arcana": "+5",
				"history": "+5"
			},
			"passive": 11,
			"languages": [
				"Common",
				"Draconic",
				"Dwarvish",
				"Elvish"
			],
			"cr": "1",
			"spellcasting": [
				{
					"name": "Spellcasting",
					"headerEntries": [
						"Glasstaff casts one of the following spells, requiring no material components and using Intelligence as the spellcasting ability (spell save {@dc 13}):"
					],
					"will": [
						"{@spell light}",
						"{@spell mage hand}"
					],
					"daily": {
						"1e": [
							"{@spell charm person}",
							"{@spell hold person}",
							"{@spell magic missile}"
						]
					},
					"ability": "int",
					"displayAs": "action"
				}
			],
			"trait": [
				{
					"name": "Special Equipment",
					"entries": [
						"Glasstaff wields a staff of defense (see appendix B). With the staff in hand, he can use an action to cast the {@spell mage armor} spell and use his reaction to cast the {@spell shield} spell."
					]
				}
			],
			"action": [
				{
					"name": "Multiattack",
					"entries": [
						"Glasstaff makes two Shocking Burst attacks."
					]
				},
				{
					"name": "Shocking Burst",
					"entries": [
						"{@atk ms,rs} {@hit 5} to hit, reach 5 ft. or range 120 ft., one target. {@h}6 ({@damage 1d6 + 3}) lightning damage."
					]
				}
			],
			"bonus": [
				{
					"name": "Teleport (2/Day)",
					"entries": [
						"Glasstaff magically teleports, along with any equipment he is wearing or carrying, up to 30 feet to an unoccupied space he can see."
					]
				}
			],
			"actionTags": [
				"Multiattack"
			],
			"languageTags": [
				"C",
				"D",
				"DR",
				"E"
			],
			"damageTags": [
				"L"
			],
			"damageTagsSpell": [
				"O"
			],
			"spellcastingTags": [
				"O"
			],
			"conditionInflictSpell": [
				"charmed",
				"paralyzed"
			],
			"savingThrowForcedSpell": [
				"dexterity",
				"wisdom"
			],
			"hasFluff": true,
			"hasFluffImages": true,
			"hasToken": true
		},
		{
			"name": "Infected Elder Brain",
			"source": "PaBTSO",
			"page": 159,
			"size": [
				"L"
			],
			"type": {
				"type": "aberration",
				"tags": [
					"mind flayer"
				]
			},
			"alignment": [
				"L",
				"E"
			],
			"ac": [
				10
			],
			"hp": {
				"average": 189,
				"formula": "18d10 + 90"
			},
			"speed": {
				"walk": 5,
				"swim": 10
			},
			"str": 15,
			"dex": 10,
			"con": 20,
			"int": 21,
			"wis": 19,
			"cha": 20,
			"save": {
				"int": "+9",
				"wis": "+8",
				"cha": "+9"
			},
			"skill": {
				"arcana": "+9",
				"insight": "+12"
			},
			"senses": [
				"blindsight 120 ft."
			],
			"passive": 14,
			"languages": [
				"telepathy 1 mile; understands Common",
				"Deep Speech",
				"and Undercommon but can't speak"
			],
			"cr": "11",
			"spellcasting": [
				{
					"name": "Spellcasting (Psionics)",
					"headerEntries": [
						"The elder brain casts one of the following spells, requiring no spell components and using Intelligence as the spellcasting ability (spell save {@dc 17}):"
					],
					"will": [
						"{@spell detect thoughts}",
						"{@spell levitate}"
					],
					"ability": "int",
					"displayAs": "action"
				}
			],
			"trait": [
				{
					"name": "Creature Sense",
					"entries": [
						"The elder brain is aware of creatures within 1 mile of itself that have an Intelligence score of 4 or higher. It knows the distance and direction to each creature, as well as each one's Intelligence score, but can't sense anything else about it. A creature protected by a {@spell mind blank} spell, a {@spell nondetection} spell, or similar magic can't be perceived in this manner."
					]
				},
				{
					"name": "Magic Resistance",
					"entries": [
						"The elder brain has advantage on saving throws against spells and other magical effects."
					]
				},
				{
					"name": "Telepathic Hub",
					"entries": [
						"The elder brain can use its telepathy to initiate and maintain telepathic conversations with up to ten creatures at a time. The elder brain can let those creatures telepathically hear each other while connected in this way."
					]
				}
			],
			"action": [
				{
					"name": "Multiattack",
					"entries": [
						"The elder brain makes two Tentacle attacks."
					]
				},
				{
					"name": "Tentacle",
					"entries": [
						"{@atk mw} {@hit 6} to hit, reach 30 ft., one target. {@h}15 ({@damage 3d8 + 2}) bludgeoning damage. If the target is a Huge or smaller creature, it has the {@condition grappled} condition (escape {@dc 14}) and takes 9 ({@damage 1d8 + 5}) psychic damage at the start of each of its turns until the grapple ends. The elder brain can have up to four targets {@condition grappled} at a time."
					]
				},
				{
					"name": "Mind Blast {@recharge 5}",
					"entries": [
						"Creatures of the elder brain's choice within 60 feet of itself must succeed on a {@dc 17} Intelligence saving throw or take 32 ({@damage 5d10 + 5}) psychic damage and have the {@condition stunned} condition for 1 minute. A {@condition stunned} creature can repeat the saving throw at the end of each of its turns, ending the effect on itself on a success."
					]
				}
			],
			"bonus": [
				{
					"name": "Psychic Link",
					"entries": [
						"The elder brain targets one creature with the {@condition incapacitated} condition that the elder brain senses with its Creature Sense trait and establishes a psychic link with the target. Until the link ends, the elder brain can perceive everything the target senses. The target becomes aware that something is linked to its mind once it no longer has the {@condition incapacitated} condition, and the elder brain can terminate the link at any time (no action required). The target can use an action on its turn to attempt to break the link, doing so with a successful {@dc 17} Charisma check. If the target breaks the link this way, the target takes 10 ({@damage 3d6}) psychic damage. The link also ends if the target and the elder brain are more than 1 mile apart. The elder brain can form psychic links with up to ten creatures at a time."
					]
				}
			],
			"traitTags": [
				"Magic Resistance"
			],
			"senseTags": [
				"B"
			],
			"actionTags": [
				"Multiattack",
				"Tentacles"
			],
			"languageTags": [
				"C",
				"CS",
				"DS",
				"TP",
				"U"
			],
			"damageTags": [
				"B",
				"Y"
			],
			"spellcastingTags": [
				"P"
			],
			"miscTags": [
				"MW",
				"RCH"
			],
			"savingThrowForced": [
				"intelligence"
			],
			"savingThrowForcedSpell": [
				"constitution",
				"wisdom"
			],
			"hasFluff": true,
			"hasFluffImages": true,
			"hasToken": true
		},
		{
			"name": "Infected Townsperson",
			"source": "PaBTSO",
			"page": 139,
			"_copy": {
				"name": "Berserker",
				"source": "MM",
				"_mod": {
					"*": {
						"mode": "replaceTxt",
						"replace": "berserker",
						"with": "townsperson"
					},
					"action": {
						"mode": "replaceArr",
						"replace": "Greataxe",
						"items": {
							"name": "Psychic Slam",
							"entries": [
								"{@atk mw} {@hit 5} to hit, reach 5 ft., one target. {@h}6 ({@damage 1d6 + 3}) bludgeoning damage plus 3 ({@damage 1d6}) psychic damage."
							]
						}
					}
				}
			},
			"hasFluffImages": true,
			"hasToken": true
		},
		{
			"name": "Intellect Snare",
			"source": "PaBTSO",
			"page": 208,
			"size": [
				"S"
			],
			"type": "aberration",
			"alignment": [
				"N",
				"E"
			],
			"alignmentPrefix": "typically ",
			"ac": [
				14
			],
			"hp": {
				"average": 99,
				"formula": "18d6 + 36"
			},
			"speed": {
				"walk": 0,
				"fly": {
					"number": 45,
					"condition": "(hover)"
				},
				"canHover": true
			},
			"str": 13,
			"dex": 18,
			"con": 15,
			"int": 23,
			"wis": 17,
			"cha": 11,
			"save": {
				"int": "+9",
				"wis": "+6",
				"cha": "+3"
			},
			"senses": [
				"blindsight 120 ft. (can't see beyond this radius)"
			],
			"passive": 13,
			"immune": [
				"psychic"
			],
			"conditionImmune": [
				"blinded",
				"charmed",
				"frightened",
				"prone"
			],
			"languages": [
				"Deep Speech",
				"telepathy 120 ft."
			],
			"cr": "8",
			"trait": [
				{
					"name": "Cacophony of Minds",
					"entries": [
						"Any creature that starts its turn within 30 feet of the intellect snare must succeed on a {@dc 17} Wisdom saving throw or have the {@condition incapacitated} condition for 1 minute. An {@condition incapacitated} creature can repeat the saving throw at the start of each of its turns, ending the effect on itself on a success. A creature that succeeds on the saving throw is immune to this intellect snare's Cacophony of Minds for 24 hours."
					]
				},
				{
					"name": "Magic Resistance",
					"entries": [
						"The intellect snare has advantage on saving throws against spells and other magical effects."
					]
				}
			],
			"action": [
				{
					"name": "Multiattack",
					"entries": [
						"The intellect snare makes two Tentacle attacks."
					]
				},
				{
					"name": "Tentacle",
					"entries": [
						"{@atk mw} {@hit 9} to hit, reach 15 ft., one target. {@h}10 ({@damage 1d8 + 6}) force damage, and if the target is a Medium or smaller creature, the target has the {@condition grappled} condition (escape {@dc 17})."
					]
				}
			],
			"bonus": [
				{
					"name": "Siphon Thoughts",
					"entries": [
						"The intellect snare targets one creature it is grappling. The target must make a {@dc 17} Intelligence saving throw, taking 21 ({@damage 6d6}) psychic damage on a failed save, or half as much damage on a successful one. The intellect snare then regains a number of hit points equal to the amount of damage taken."
					]
				}
			],
			"traitTags": [
				"Magic Resistance"
			],
			"senseTags": [
				"B"
			],
			"actionTags": [
				"Multiattack",
				"Tentacles"
			],
			"languageTags": [
				"DS",
				"TP"
			],
			"damageTags": [
				"O",
				"Y"
			],
			"miscTags": [
				"MW",
				"RCH"
			],
			"savingThrowForced": [
				"intelligence",
				"wisdom"
			],
			"hasFluff": true,
			"hasFluffImages": true,
			"hasToken": true
		},
		{
			"name": "Kellikilli",
			"isNpc": true,
			"isNamedCreature": true,
			"source": "PaBTSO",
			"_copy": {
				"name": "Water Weird",
				"source": "MM",
				"_mod": {
					"*": {
						"mode": "replaceTxt",
						"replace": "the water weird",
						"with": "Kellikilli",
						"flags": "i"
					}
				}
			},
			"hasToken": true
		},
		{
			"name": "Lowarnizel",
			"isNpc": true,
			"isNamedCreature": true,
			"source": "PaBTSO",
			"page": 181,
			"size": [
				"L"
			],
			"type": {
				"type": "dragon",
				"tags": [
					"young gem"
				]
			},
			"alignment": [
				"N"
			],
			"ac": [
				{
					"ac": 18,
					"from": [
						"natural armor"
					]
				}
			],
			"hp": {
				"average": 168,
				"formula": "16d10 + 80"
			},
			"speed": {
				"walk": 40,
				"fly": {
					"number": 80,
					"condition": "(hover)"
				},
				"swim": 40,
				"canHover": true
			},
			"str": 21,
			"dex": 12,
			"con": 21,
			"int": 18,
			"wis": 15,
			"cha": 19,
			"save": {
				"dex": "+5",
				"con": "+9",
				"wis": "+6",
				"cha": "+8"
			},
			"skill": {
				"arcana": "+12",
				"perception": "+10",
				"persuasion": "+8",
				"stealth": "+5"
			},
			"senses": [
				"blindsight 30 ft.",
				"darkvision 120 ft."
			],
			"passive": 20,
			"resist": [
				"force",
				"psychic"
			],
			"conditionImmune": [
				"frightened",
				"prone"
			],
			"languages": [
				"Common",
				"Draconic",
				"telepathy 120 ft."
			],
			"cr": "9",
			"spellcasting": [
				{
					"name": "Spellcasting (Psionics)",
					"headerEntries": [
						"Lowarnizel casts one of the following spells, requiring no spell components and using Intelligence as the spellcasting ability (spell save {@dc 16}):"
					],
					"daily": {
						"1e": [
							"{@spell dispel magic}",
							"{@spell haste}",
							"{@spell protection from evil and good}",
							"{@spell sending}"
						]
					},
					"ability": "int",
					"displayAs": "action"
				}
			],
			"trait": [
				{
					"name": "Amphibious",
					"entries": [
						"Lowarnizel can breathe both air and water."
					]
				}
			],
			"action": [
				{
					"name": "Multiattack",
					"entries": [
						"Lowarnizel makes one Bite attack and two Claw attacks."
					]
				},
				{
					"name": "Bite",
					"entries": [
						"{@atk mw} {@hit 9} to hit, reach 10 ft., one target. {@h}16 ({@damage 2d10 + 5}) piercing damage plus 4 ({@damage 1d8}) force damage."
					]
				},
				{
					"name": "Claw",
					"entries": [
						"{@atk mw} {@hit 9} to hit, reach 5 ft., one target. {@h}9 ({@damage 1d8 + 5}) slashing damage."
					]
				},
				{
					"name": "Singularity Breath {@recharge 5}",
					"entries": [
						"Lowarnizel creates a shining bead of gravitational force, then releases the energy in a 30-foot cone. Each creature in that area must make a {@dc 17} Strength saving throw. On a failed save, a creature takes 36 ({@damage 8d8}) force damage, and its speed becomes 0 until the start of the dragon's next turn. On a successful save, a creature takes half as much damage only."
					]
				}
			],
			"bonus": [
				{
					"name": "Change Shape",
					"entries": [
						"Lowarnizel magically transforms into any creature that is Medium or Small, while retaining his game statistics (other than his size). This transformation ends if the dragon is reduced to 0 hit points or uses a bonus action to end it."
					]
				}
			],
			"traitTags": [
				"Amphibious"
			],
			"senseTags": [
				"B",
				"SD"
			],
			"actionTags": [
				"Breath Weapon",
				"Multiattack",
				"Shapechanger"
			],
			"languageTags": [
				"C",
				"DR",
				"TP"
			],
			"damageTags": [
				"O",
				"P",
				"S"
			],
			"spellcastingTags": [
				"P"
			],
			"miscTags": [
				"AOE",
				"MW",
				"RCH"
			],
			"savingThrowForced": [
				"strength"
			],
			"hasFluff": true,
			"hasFluffImages": true,
			"hasToken": true
		},
		{
			"name": "Malinia",
			"isNpc": true,
			"isNamedCreature": true,
			"source": "PaBTSO",
			"_copy": {
				"name": "Humanoid Mutate",
				"source": "PaBTSO",
				"_mod": {
					"*": {
						"mode": "replaceTxt",
						"replace": "the mutate",
						"with": "Malinia",
						"flags": "i"
					}
				}
			},
			"hasToken": true
		},
		{
			"name": "Mind Flayer Clairvoyant",
			"source": "PaBTSO",
			"page": 209,
			"size": [
				"M"
			],
			"type": "aberration",
			"alignment": [
				"L",
				"E"
			],
			"alignmentPrefix": "typically ",
			"ac": [
				{
					"ac": 15,
					"from": [
						"{@item breastplate|PHB}"
					]
				}
			],
			"hp": {
				"average": 156,
				"formula": "24d8 + 48"
			},
			"speed": {
				"walk": 30,
				"fly": {
					"number": 60,
					"condition": "(hover)"
				},
				"canHover": true
			},
			"str": 11,
			"dex": 12,
			"con": 15,
			"int": 21,
			"wis": 17,
			"cha": 18,
			"save": {
				"int": "+9",
				"wis": "+7",
				"cha": "+8"
			},
			"skill": {
				"arcana": "+9",
				"insight": "+7",
				"perception": "+7",
				"stealth": "+5"
			},
			"senses": [
				"darkvision 120 ft.",
				"truesight 15 ft."
			],
			"passive": 17,
			"resist": [
				"psychic"
			],
			"conditionImmune": [
				"blinded",
				"charmed",
				"frightened"
			],
			"languages": [
				"Deep Speech",
				"telepathy 120 ft.",
				"Undercommon"
			],
			"cr": "11",
			"spellcasting": [
				{
					"name": "Spellcasting (Psionics)",
					"headerEntries": [
						"The mind flayer casts one of the following spells, requiring no spell components and using Intelligence as the spellcasting ability (spell save {@dc 17}):"
					],
					"will": [
						"{@spell detect magic}",
						"{@spell detect thoughts}",
						"{@spell mage hand} (the hand is invisible)"
					],
					"daily": {
						"1": [
							"{@spell plane shift} (self only)"
						],
						"3e": [
							"{@spell clairvoyance} (as an action)",
							"{@spell dispel magic}"
						]
					},
					"ability": "int",
					"displayAs": "action"
				}
			],
			"trait": [
				{
					"name": "Legendary Resistance (3/Day)",
					"entries": [
						"If the mind flayer fails a saving throw, it can choose to succeed instead."
					]
				},
				{
					"name": "Magic Resistance",
					"entries": [
						"The mind flayer has advantage on saving throws against spells and other magical effects."
					]
				}
			],
			"action": [
				{
					"name": "Multiattack",
					"entries": [
						"The mind flayer makes two Tentacle attacks."
					]
				},
				{
					"name": "Tentacle",
					"entries": [
						"{@atk mw} {@hit 9} to hit, reach 5 ft., one creature. {@h}21 ({@damage 3d10 + 5}) psychic damage. If the target is Medium or smaller, it has the {@condition grappled} condition (escape {@dc 17}) and must succeed on a {@dc 17} Intelligence saving throw or have the {@condition incapacitated} condition until the grapple ends."
					]
				},
				{
					"name": "Extract Brain",
					"entries": [
						"{@atk mw} {@hit 9} to hit, reach 5 ft., one {@condition incapacitated} Humanoid {@condition grappled} by the mind flayer. {@h}55 ({@damage 10d10}) piercing damage. If this damage reduces the target to 0 hit points, the mind flayer kills it by extracting and devouring its brain."
					]
				},
				{
					"name": "Unleash Void {@recharge 5}",
					"entries": [
						"The mind flayer opens a rift into the Far Realm, centered on a point the mind flayer can see within 60 feet of itself, and a tentacle lashes across creatures near the rift. Each creature other than mind flayers within 30 feet of the rift must make a {@dc 17} Intelligence saving throw, after which the tentacle disappears and the rift closes. On a failed save, a creature takes 18 ({@damage 4d8}) cold damage from the rift plus 18 ({@damage 4d8}) psychic damage from the tentacle and has the {@condition stunned} condition for 1 minute. On a successful save, a creature takes half as much damage only. A {@condition stunned} creature can repeat the saving throw at the end of each of its turns, ending the effect on itself on a success."
					]
				}
			],
			"reaction": [
				{
					"name": "Warp Reality",
					"entries": [
						"When hit by an attack roll, the mind flayer gains a +4 bonus to its AC against that attack roll, potentially causing it to miss. Then the mind flayer, along with any equipment it is wearing or carrying, magically teleports up to 60 feet to an unoccupied space it can see."
					]
				}
			],
			"traitTags": [
				"Legendary Resistances",
				"Magic Resistance"
			],
			"senseTags": [
				"SD",
				"U"
			],
			"actionTags": [
				"Multiattack",
				"Tentacles"
			],
			"languageTags": [
				"DS",
				"TP",
				"U"
			],
			"damageTags": [
				"C",
				"P",
				"Y"
			],
			"spellcastingTags": [
				"P"
			],
			"miscTags": [
				"MW"
			],
			"conditionInflict": [
				"stunned"
			],
			"savingThrowForced": [
				"intelligence"
			],
			"savingThrowForcedSpell": [
				"charisma",
				"wisdom"
			],
			"hasFluff": true,
			"hasFluffImages": true,
			"hasToken": true
		},
		{
			"name": "Mind Flayer Nothic",
			"source": "PaBTSO",
			"page": 155,
			"_copy": {
				"name": "Nothic",
				"source": "MM",
				"_mod": {
					"action": {
						"mode": "replaceArr",
						"replace": "Rotting Gaze",
						"items": {
							"name": "Mind Blast {@recharge 5}",
							"entries": [
								"The nothic magically emits psychic energy in a 30-foot cone. Each creature in that area must succeed on a {@dc 12} Intelligence saving throw or take 10 ({@damage 2d8 + 1}) psychic damage and have the {@condition stunned} condition until the end of its next turn."
							]
						}
					}
				}
			},
			"hasFluff": true,
			"hasToken": true
		},
		{
			"name": "Mind Flayer Prophet",
			"source": "PaBTSO",
			"page": 210,
			"size": [
				"M"
			],
			"type": "aberration",
			"alignment": [
				"L",
				"E"
			],
			"alignmentPrefix": "typically ",
			"ac": [
				{
					"ac": 17,
					"from": [
						"natural armor"
					]
				}
			],
			"hp": {
				"average": 97,
				"formula": "15d8 + 30"
			},
			"speed": {
				"walk": 30
			},
			"str": 15,
			"dex": 14,
			"con": 14,
			"int": 20,
			"wis": 17,
			"cha": 17,
			"save": {
				"int": "+8",
				"wis": "+6",
				"cha": "+6"
			},
			"skill": {
				"arcana": "+8",
				"insight": "+6",
				"perception": "+6",
				"stealth": "+5"
			},
			"senses": [
				"darkvision 120 ft."
			],
			"passive": 16,
			"languages": [
				"Deep Speech",
				"telepathy 120 ft.",
				"Undercommon"
			],
			"cr": "8",
			"spellcasting": [
				{
					"name": "Spellcasting (Psionics)",
					"headerEntries": [
						"The mind flayer casts one of the following spells, requiring no spell components and using Intelligence as the spellcasting ability (spell save {@dc 16}):"
					],
					"will": [
						"{@spell detect magic}",
						"{@spell detect thoughts}",
						"{@spell levitate}"
					],
					"daily": {
						"1e": [
							"{@spell dominate monster}",
							"{@spell plane shift} (self only)",
							"{@spell true seeing}"
						]
					},
					"ability": "int",
					"displayAs": "action"
				}
			],
			"trait": [
				{
					"name": "Awareness",
					"entries": [
						"The mind flayer has advantage on initiative rolls and can't be surprised as long as it doesn't have the {@condition incapacitated} condition."
					]
				},
				{
					"name": "Magic Resistance",
					"entries": [
						"The mind flayer has advantage on saving throws against spells and other magical effects."
					]
				}
			],
			"action": [
				{
					"name": "Tentacles",
					"entries": [
						"{@atk mw} {@hit 8} to hit, reach 5 ft., one creature. {@h}16 ({@damage 2d10 + 5}) psychic damage. If the target is Medium or smaller, it has the {@condition grappled} condition (escape {@dc 16}) and must succeed on a {@dc 16} Intelligence saving throw or have the {@condition stunned} condition until the grapple ends."
					]
				},
				{
					"name": "Extract Brain",
					"entries": [
						"{@atk mw} {@hit 8} to hit, reach 5 ft., one Humanoid {@condition grappled} by the mind flayer. {@h}55 ({@damage 10d10}) piercing damage. If this damage reduces the target to 0 hit points, the mind flayer kills it by extracting and devouring its brain."
					]
				},
				{
					"name": "Mind Whip {@recharge 5}",
					"entries": [
						"The mind flayer lashes out with psychic energy, targeting up to two creatures it can see within 60 feet of itself. Each target must succeed on a {@dc 16} Intelligence saving throw or take 23 ({@damage 4d8 + 5}) psychic damage and have the {@condition stunned} condition for 1 minute. A {@condition stunned} target can repeat the saving throw at the end of each of its turns, ending the effect on itself on a success."
					]
				}
			],
			"traitTags": [
				"Magic Resistance"
			],
			"senseTags": [
				"SD"
			],
			"actionTags": [
				"Tentacles"
			],
			"languageTags": [
				"DS",
				"TP",
				"U"
			],
			"damageTags": [
				"P",
				"Y"
			],
			"spellcastingTags": [
				"P"
			],
			"miscTags": [
				"MLW",
				"MW"
			],
			"conditionInflict": [
				"stunned"
			],
			"conditionInflictSpell": [
				"charmed"
			],
			"savingThrowForced": [
				"intelligence"
			],
			"savingThrowForcedSpell": [
				"charisma",
				"constitution",
				"wisdom"
			],
			"hasFluff": true,
			"hasFluffImages": true,
			"hasToken": true
		},
		{
			"name": "Mormesk the Wraith",
			"isNpc": true,
			"isNamedCreature": true,
			"source": "PaBTSO",
			"_copy": {
				"name": "Wraith",
				"source": "MM",
				"_mod": {
					"*": {
						"mode": "replaceTxt",
						"replace": "the wraith",
						"with": "Mormesk",
						"flags": "i"
					}
				}
			},
			"hasToken": true
		},
		{
			"name": "Nellik",
			"isNpc": true,
			"isNamedCreature": true,
			"source": "PaBTSO",
			"page": 193,
			"_copy": {
				"name": "Nycaloth",
				"source": "MM",
				"_mod": {
					"*": {
						"mode": "replaceTxt",
						"replace": "the nycaloth",
						"with": "Nellik",
						"flags": "i"
					},
					"action": {
						"mode": "replaceArr",
						"replace": "Greataxe",
						"items": {
							"name": "Greataxe",
							"entries": [
								"{@atk mw} {@hit 10} to hit, reach 5 ft., one target. {@h}19 ({@damage 2d12 + 6}) slashing damage; if the target is an Aberration, it takes an additional 6 ({@damage 1d12}) slashing damage, and if it is grappling a creature, it must succeed on a {@dc 15} Strength saving throw or its grapple ends."
							]
						}
					}
				}
			},
			"hasToken": true
		},
		{
			"name": "Nezznar the Spider",
			"isNpc": true,
			"isNamedCreature": true,
			"source": "PaBTSO",
			"page": 74,
			"size": [
				"M"
			],
			"type": {
				"type": "humanoid",
				"tags": [
					"elf",
					"wizard"
				]
			},
			"alignment": [
				"N",
				"E"
			],
			"ac": [
				11,
				{
					"ac": 14,
					"condition": "with {@spell mage armor}",
					"braces": true
				}
			],
			"hp": {
				"average": 27,
				"formula": "6d8"
			},
			"speed": {
				"walk": 30
			},
			"str": 9,
			"dex": 13,
			"con": 10,
			"int": 16,
			"wis": 14,
			"cha": 13,
			"save": {
				"int": "+5",
				"wis": "+4"
			},
			"skill": {
				"arcana": "+5",
				"perception": "+4",
				"stealth": "+3"
			},
			"senses": [
				"darkvision 120 ft."
			],
			"passive": 14,
			"languages": [
				"Common",
				"Elvish",
				"Undercommon"
			],
			"cr": "2",
			"spellcasting": [
				{
					"name": "Spellcasting",
					"headerEntries": [
						"Nezznar casts one of the following spells, using Intelligence as the spellcasting ability (spell save {@dc 13} unless otherwise noted):"
					],
					"will": [
						"{@spell dancing lights}",
						"{@spell mage hand}",
						"{@spell spider climb} (from spider staff)",
						"{@spell web} (from spider staff; save {@dc 15})"
					],
					"daily": {
						"1e": [
							"{@spell darkness}",
							"{@spell faerie fire}",
							"{@spell invisibility}",
							"{@spell mage armor}",
							"{@spell magic missile}",
							"{@spell suggestion}"
						]
					},
					"ability": "int",
					"displayAs": "action"
				}
			],
			"trait": [
				{
					"name": "Special Equipment",
					"entries": [
						"Nezznar has a fully charged spider staff (see appendix B)."
					]
				},
				{
					"name": "Fey Ancestry",
					"entries": [
						"Nezznar has advantage on saving throws to avoid or end the {@condition charmed} condition on himself, and magic can't put him to sleep."
					]
				},
				{
					"name": "Sunlight Sensitivity",
					"entries": [
						"Nezznar has disadvantage on attack rolls while he or his target is in sunlight."
					]
				}
			],
			"action": [
				{
					"name": "Multiattack",
					"entries": [
						"Nezznar makes two Poison Blast attacks."
					]
				},
				{
					"name": "Poison Blast",
					"entries": [
						"{@atk ms,rs} {@hit 5} to hit, reach 5 ft. or range 120 ft., one creature. {@h}9 ({@damage 2d8}) poison damage."
					]
				}
			],
			"traitTags": [
				"Fey Ancestry",
				"Sunlight Sensitivity"
			],
			"senseTags": [
				"SD"
			],
			"actionTags": [
				"Multiattack"
			],
			"languageTags": [
				"C",
				"E",
				"U"
			],
			"damageTags": [
				"I"
			],
			"damageTagsSpell": [
				"F",
				"O"
			],
			"spellcastingTags": [
				"O"
			],
			"conditionInflictSpell": [
				"invisible",
				"restrained"
			],
			"savingThrowForcedSpell": [
				"dexterity",
				"wisdom"
			],
			"hasFluff": true,
			"hasFluffImages": true,
			"hasToken": true
		},
		{
			"name": "Nundro Rockseeker",
			"isNpc": true,
			"isNamedCreature": true,
			"source": "PaBTSO",
			"_copy": {
				"name": "Commoner",
				"source": "MM",
				"_trait": {
					"name": "Mountain Dwarf",
					"source": "PHB"
				}
			},
			"hasToken": true
		},
		{
			"name": "Nythalyn Henlifel",
			"isNpc": true,
			"isNamedCreature": true,
			"source": "PaBTSO",
			"_copy": {
				"name": "Drow Elite Warrior",
				"source": "MM",
				"_mod": {
					"*": {
						"mode": "replaceTxt",
						"replace": "the drow",
						"with": "Nythalyn",
						"flags": "i"
					}
				}
			},
			"alignment": [
				"N"
			],
			"hasToken": true
		},
		{
			"name": "Oculorb",
			"source": "PaBTSO",
			"page": 214,
			"size": [
				"L"
			],
			"type": "aberration",
			"alignment": [
				"C",
				"E"
			],
			"alignmentPrefix": "typically ",
			"ac": [
				{
					"ac": 13,
					"from": [
						"natural armor"
					]
				}
			],
			"hp": {
				"average": 127,
				"formula": "15d10 + 45"
			},
			"speed": {
				"walk": 0,
				"fly": {
					"number": 60,
					"condition": "(hover)"
				},
				"canHover": true
			},
			"str": 13,
			"dex": 10,
			"con": 17,
			"int": 14,
			"wis": 15,
			"cha": 19,
			"save": {
				"int": "+6",
				"wis": "+6",
				"cha": "+8"
			},
			"skill": {
				"investigation": "+6",
				"perception": "+10"
			},
			"senses": [
				"truesight 60 ft."
			],
			"passive": 20,
			"conditionImmune": [
				"blinded",
				"prone"
			],
			"languages": [
				"Deep Speech",
				"telepathy 120 ft."
			],
			"cr": "9",
			"trait": [
				{
					"name": "Magic Resistance",
					"entries": [
						"The oculorb has advantage on saving throws against spells and other magical effects."
					]
				},
				{
					"name": "Watchful Eyes",
					"entries": [
						"The oculorb has advantage on initiative rolls and can't be surprised."
					]
				}
			],
			"action": [
				{
					"name": "Multiattack",
					"entries": [
						"The oculorb makes two Dreadful Contact attacks or four Eye Beam attacks."
					]
				},
				{
					"name": "Dreadful Contact",
					"entries": [
						"{@atk mw} {@hit 5} to hit, reach 5 ft., one creature. {@h}14 ({@damage 3d6 + 4}) psychic damage, or 25 ({@damage 6d6 + 4}) psychic damage if the target has the {@condition frightened} condition."
					]
				},
				{
					"name": "Eye Beam",
					"entries": [
						"{@atk rs} {@hit 8} to hit, range 120 ft., one creature. {@h}14 ({@damage 3d6 + 4}) psychic damage."
					]
				},
				{
					"name": "Antipathic Flood {@recharge 5}",
					"entries": [
						"The oculorb releases a wave of negative emotions, choosing one of the following options:"
					]
				},
				{
					"name": "Weeping Eyes",
					"entries": [
						"The oculorb weeps, releasing a wave of crushing despair. Each creature within 30 feet of the oculorb must make a {@dc 16} Constitution saving throw. On a failed save, a creature's speed is reduced to 0 feet until the end of the oculorb's next turn, and if the creature was {@status concentration||concentrating}, its {@status concentration} is broken."
					]
				},
				{
					"name": "Withering Glare",
					"entries": [
						"The oculorb's eyes unleash furious scarlet energy in a 60-foot cone. Each creature in that area must make a {@dc 16} Wisdom saving throw. On a failed save, a creature takes 33 ({@damage 6d10}) necrotic damage and has the {@condition frightened} condition for 1 minute. On a successful save, a creature takes half as much damage and isn't {@condition frightened}. A {@condition frightened} creature can repeat the saving throw at the end of each of its turns, ending the effect on itself on a successful save."
					]
				}
			],
			"reaction": [
				{
					"name": "Obsessive Rebuke",
					"entries": [
						"When the oculorb is damaged by a creature it can see within 60 feet of itself, it forces the creature to make a {@dc 16} Wisdom saving throw. The creature takes 10 ({@damage 3d6}) psychic damage on a failed save, or half as much damage on a successful one."
					]
				}
			],
			"traitTags": [
				"Magic Resistance"
			],
			"senseTags": [
				"U"
			],
			"actionTags": [
				"Multiattack"
			],
			"languageTags": [
				"DS",
				"TP"
			],
			"damageTags": [
				"N",
				"Y"
			],
			"miscTags": [
				"AOE",
				"MW"
			],
			"conditionInflict": [
				"frightened"
			],
			"savingThrowForced": [
				"constitution",
				"wisdom"
			],
			"hasFluff": true,
			"hasFluffImages": true,
			"hasToken": true
		},
		{
			"name": "Ontharyx",
			"isNpc": true,
			"isNamedCreature": true,
			"source": "PaBTSO",
			"_copy": {
				"name": "Humanoid Mutate",
				"source": "PaBTSO",
				"_mod": {
					"*": {
						"mode": "replaceTxt",
						"replace": "the mutate",
						"with": "Ontharyx",
						"flags": "i"
					}
				}
			},
			"hasToken": true
		},
		{
			"name": "Oshundo the Alhoon",
			"isNpc": true,
			"isNamedCreature": true,
			"source": "PaBTSO",
			"page": 153,
			"size": [
				"M"
			],
			"type": {
				"type": "undead",
				"tags": [
					"mind flayer",
					"wizard"
				]
			},
			"alignment": [
				"N",
				"E"
			],
			"ac": [
				{
					"ac": 15,
					"from": [
						"natural armor"
					]
				}
			],
			"hp": {
				"average": 150,
				"formula": "20d8 + 60"
			},
			"speed": {
				"walk": 30,
				"fly": {
					"number": 15,
					"condition": "(hover)"
				},
				"canHover": true
			},
			"str": 11,
			"dex": 12,
			"con": 16,
			"int": 19,
			"wis": 17,
			"cha": 17,
			"save": {
				"con": "+7",
				"int": "+8",
				"wis": "+7",
				"cha": "+7"
			},
			"skill": {
				"arcana": "+8",
				"history": "+8",
				"insight": "+7",
				"perception": "+7",
				"stealth": "+5"
			},
			"senses": [
				"truesight 120 ft."
			],
			"passive": 17,
			"resist": [
				"cold",
				"lightning",
				"necrotic"
			],
			"immune": [
				"poison"
			],
			"conditionImmune": [
				"charmed",
				"exhaustion",
				"frightened",
				"paralyzed",
				"poisoned"
			],
			"languages": [
				"Common",
				"Deep Speech",
				"telepathy 120 ft.",
				"Undercommon"
			],
			"cr": "10",
			"spellcasting": [
				{
					"name": "Spellcasting",
					"headerEntries": [
						"Oshundo casts one of the following spells, requiring no material components and using Intelligence as the spellcasting ability (spell save {@dc 16}):"
					],
					"will": [
						"{@spell dancing lights}",
						"{@spell detect magic}",
						"{@spell detect thoughts}",
						"{@spell disguise self}",
						"{@spell mage hand}",
						"{@spell prestidigitation}"
					],
					"daily": {
						"1e": [
							"{@spell dominate monster}",
							"{@spell globe of invulnerability}",
							"{@spell invisibility}",
							"{@spell modify memory}",
							"{@spell plane shift} (self only)",
							"{@spell wall of force}"
						]
					},
					"ability": "int",
					"displayAs": "action"
				}
			],
			"trait": [
				{
					"name": "Magic Resistance",
					"entries": [
						"Oshundo has advantage on saving throws against spells and other magical effects."
					]
				}
			],
			"action": [
				{
					"name": "Multiattack",
					"entries": [
						"Oshundo makes two Chilling Grasp or Arcane Bolt attacks."
					]
				},
				{
					"name": "Chilling Grasp",
					"entries": [
						"{@atk ms} {@hit 8} to hit, reach 5 ft., one target. {@h}14 ({@damage 4d6}) cold damage, and Oshundo regains 14 hit points if the target is a creature."
					]
				},
				{
					"name": "Arcane Bolt",
					"entries": [
						"{@atk rs} {@hit 8} to hit, range 120 ft., one target. {@h}28 ({@damage 8d6}) force damage."
					]
				},
				{
					"name": "Thundering Blast {@recharge 5}",
					"entries": [
						"Oshundo emits a wave of domineering energy in a 60-foot cone. Each creature in that area must succeed on a {@dc 16} Intelligence saving throw or take 22 ({@damage 4d8 + 4}) thunder damage and have the {@condition stunned} condition for 1 minute. A {@condition stunned} creature can repeat the saving throw at the end of each of its turns, ending the effect on itself on a success."
					]
				}
			],
			"reaction": [
				{
					"name": "Negate Spell (3/Day)",
					"entries": [
						"Oshundo targets one creature it can perceive within 60 feet of itself that is casting a spell. If the spell is 3rd level or lower, the spell fails, but any spell slots or charges aren't wasted."
					]
				}
			],
			"traitTags": [
				"Magic Resistance"
			],
			"senseTags": [
				"U"
			],
			"actionTags": [
				"Multiattack"
			],
			"languageTags": [
				"C",
				"DS",
				"TP",
				"U"
			],
			"damageTags": [
				"C",
				"O",
				"T"
			],
			"spellcastingTags": [
				"O"
			],
			"miscTags": [
				"AOE"
			],
			"conditionInflict": [
				"stunned"
			],
			"conditionInflictSpell": [
				"charmed",
				"incapacitated",
				"invisible"
			],
			"savingThrowForced": [
				"intelligence"
			],
			"savingThrowForcedSpell": [
				"charisma",
				"wisdom"
			],
			"hasFluff": true,
			"hasFluffImages": true,
			"hasToken": true
		},
		{
			"name": "Otyugh Mutate",
			"source": "PaBTSO",
			"page": 213,
			"size": [
				"L"
			],
			"type": "aberration",
			"alignment": [
				"N"
			],
			"alignmentPrefix": "typically ",
			"ac": [
				{
					"ac": 16,
					"from": [
						"natural armor"
					]
				}
			],
			"hp": {
				"average": 76,
				"formula": "8d10 + 32"
			},
			"speed": {
				"walk": 30
			},
			"str": 19,
			"dex": 11,
			"con": 18,
			"int": 10,
			"wis": 15,
			"cha": 6,
			"save": {
				"str": "+7",
				"con": "+7"
			},
			"senses": [
				"darkvision 120 ft."
			],
			"passive": 12,
			"immune": [
				"poison"
			],
			"conditionImmune": [
				"poisoned"
			],
			"languages": [
				"Otyugh",
				"telepathy 120 ft."
			],
			"cr": "6",
			"trait": [
				{
					"name": "Virulent Breath",
					"entries": [
						"Noxious gas from the mutate's digestion of previous meals spews from its mouth. At the start of the mutate's turn, each creature within 5 feet of it must succeed on a {@dc 15} Constitution saving throw or take 3 ({@damage 1d6}) poison damage."
					]
				}
			],
			"action": [
				{
					"name": "Multiattack",
					"entries": [
						"The mutate makes two Bite or Tentacle attacks. It can replace one of these attacks with Chitin Slam."
					]
				},
				{
					"name": "Bite",
					"entries": [
						"{@atk mw} {@hit 7} to hit, reach 5 ft., one target. {@h}13 ({@damage 2d8 + 4}) piercing damage. If the target is a creature, it must succeed on a {@dc 15} Constitution saving throw or have the {@condition poisoned} condition. Every 24 hours that elapse, the target must repeat the saving throw, reducing its hit point maximum by 5 ({@dice 1d10}) on a failure. On a successful save, the target is no longer {@condition poisoned}. The target dies if its hit point maximum is reduced to 0. This reduction to the target's hit point maximum lasts until it no longer has the {@condition poisoned} condition."
					]
				},
				{
					"name": "Tentacle",
					"entries": [
						"{@atk mw} {@hit 7} to hit, reach 10 ft., one target. {@h}13 ({@damage 2d8 + 4}) bludgeoning damage, and if the target is a Medium or smaller creature, it has the {@condition grappled} condition (escape {@dc 15}) and the {@condition restrained} condition until this grapple ends. The mutate has two tentacles that can grapple one target each."
					]
				},
				{
					"name": "Chitin Slam",
					"entries": [
						"The mutate targets one creature it is grappling, slamming the creature against its chitinous plating. The creature must succeed on a {@dc 15} Constitution saving throw or take 16 ({@damage 3d10}) bludgeoning damage and have the {@condition stunned} condition until the end of the mutate's next turn."
					]
				}
			],
			"senseTags": [
				"SD"
			],
			"actionTags": [
				"Multiattack",
				"Tentacles"
			],
			"languageTags": [
				"OTH",
				"TP"
			],
			"damageTags": [
				"B",
				"I",
				"P"
			],
			"miscTags": [
				"AOE",
				"HPR",
				"MW",
				"RCH"
			],
			"conditionInflict": [
				"poisoned",
				"stunned"
			],
			"savingThrowForced": [
				"constitution"
			],
			"hasFluff": true,
			"hasFluffImages": true,
			"hasToken": true
		},
		{
			"name": "Psionic Ashenwight",
			"source": "PaBTSO",
			"page": 204,
			"size": [
				"M"
			],
			"type": "undead",
			"alignment": [
				"N"
			],
			"alignmentPrefix": "typically ",
			"ac": [
				{
					"ac": 16,
					"from": [
						"natural armor"
					]
				}
			],
			"hp": {
				"average": 78,
				"formula": "12d8 + 24"
			},
			"speed": {
				"walk": 25
			},
			"str": 19,
			"dex": 13,
			"con": 15,
			"int": 17,
			"wis": 14,
			"cha": 6,
			"save": {
				"str": "+7",
				"con": "+5",
				"int": "+6",
				"wis": "+5"
			},
			"passive": 12,
			"resist": [
				"necrotic",
				"poison",
				"psychic"
			],
			"conditionImmune": [
				"charmed",
				"exhaustion",
				"frightened",
				"paralyzed",
				"poisoned",
				"unconscious"
			],
			"languages": [
				"telepathy 120 ft.",
				"understands the languages it knew in life but can't speak"
			],
			"cr": "7",
			"spellcasting": [
				{
					"name": "Spellcasting (Psionics)",
					"headerEntries": [
						"The ashenwight casts one of the following spells, requiring no spellcasting components and using Intelligence as the spellcasting ability (spell save {@dc 14}):"
					],
					"will": [
						"{@spell mage hand} (the hand is invisible)"
					],
					"daily": {
						"1": [
							"{@spell calm emotions}"
						]
					},
					"ability": "int",
					"displayAs": "action"
				}
			],
			"action": [
				{
					"name": "Multiattack",
					"entries": [
						"The ashenwight makes two Necrotic Shard attacks. It also uses Psionic Crown if available."
					]
				},
				{
					"name": "Necrotic Shard",
					"entries": [
						"{@atk mw,rw} {@hit 7} to hit, reach 5 ft. or range 60 ft., one target. {@h}7 ({@damage 1d6 + 4}) piercing damage plus 9 ({@damage 2d8}) necrotic damage. If the target is a creature, it has disadvantage on the next attack roll it makes before the end of its next turn."
					]
				},
				{
					"name": "Psionic Crown {@recharge 5}",
					"entries": [
						"The ashenwight wreathes the head of a creature it can see within 60 feet of itself with a crown of jagged, spectral crystals. The target must succeed on a {@dc 14} Wisdom saving throw or have the {@condition charmed} condition for 1 minute. While {@condition charmed} in this way, the target's thoughts are sluggish; it can't take reactions, its speed is halved, and it takes 9 ({@damage 2d8}) psychic damage at the start of each of its turns. The target can repeat the saving throw at the end of each of its turns, ending the effect on itself on a success."
					]
				}
			],
			"actionTags": [
				"Multiattack"
			],
			"languageTags": [
				"CS",
				"LF",
				"TP"
			],
			"damageTags": [
				"N",
				"P",
				"Y"
			],
			"spellcastingTags": [
				"P"
			],
			"miscTags": [
				"MW",
				"RW"
			],
			"conditionInflict": [
				"charmed"
			],
			"savingThrowForced": [
				"wisdom"
			],
			"savingThrowForcedSpell": [
				"charisma"
			],
			"hasFluff": true,
			"hasFluffImages": true,
			"hasToken": true
		},
		{
			"name": "Psionic Shambling Mound",
			"source": "PaBTSO",
			"page": 108,
			"_copy": {
				"name": "Shambling Mound",
				"source": "MM"
			},
			"spellcasting": [
				{
					"name": "Spellcasting (Psionics)",
					"headerEntries": [
						"The shambling mound casts one of the following spells, requiring no spell components and using Intelligence as the spellcasting ability (spell save {@dc 8}):"
					],
					"will": [
						"{@spell minor illusion}"
					],
					"daily": {
						"1": [
							"{@spell charm person} (already cast)"
						]
					},
					"ability": "int",
					"displayAs": "action"
				}
			],
			"spellcastingTags": [
				"P"
			],
			"hasToken": true
		},
		{
			"name": "Qunbraxel",
			"isNpc": true,
			"isNamedCreature": true,
			"source": "PaBTSO",
			"page": 135,
			"size": [
				"M"
			],
			"type": {
				"type": "aberration",
				"tags": [
					"mind flayer",
					"warlock"
				]
			},
			"alignment": [
				"L",
				"E"
			],
			"ac": [
				12,
				{
					"ac": 15,
					"condition": "with {@spell mage armor}",
					"braces": true
				}
			],
			"hp": {
				"average": 112,
				"formula": "15d8 + 45"
			},
			"speed": {
				"walk": 30
			},
			"str": 11,
			"dex": 14,
			"con": 17,
			"int": 19,
			"wis": 15,
			"cha": 19,
			"save": {
				"int": "+8",
				"wis": "+6",
				"cha": "+8"
			},
			"skill": {
				"arcana": "+8",
				"insight": "+6",
				"perception": "+6",
				"stealth": "+6"
			},
			"senses": [
				"darkvision 120 ft."
			],
			"passive": 16,
			"languages": [
				"Deep Speech",
				"telepathy 60 ft.",
				"Undercommon"
			],
			"cr": "9",
			"spellcasting": [
				{
					"name": "Spellcasting (Psionics)",
					"headerEntries": [
						"Qunbraxel casts one of the following spells, requiring no spell components and using Charisma as the spellcasting ability (spell save {@dc 16}):"
					],
					"will": [
						"{@spell detect magic}",
						"{@spell detect thoughts}",
						"{@spell levitate}",
						"{@spell mage armor} (self only)",
						"{@spell mage hand} (the hand is invisible)",
						"{@spell prestidigitation}"
					],
					"daily": {
						"2e": [
							"{@spell confusion}",
							"{@spell sending}",
							"{@spell telekinesis}"
						],
						"1e": [
							"{@spell dominate monster}",
							"{@spell plane shift} (self only)"
						]
					},
					"ability": "cha",
					"displayAs": "action"
				}
			],
			"trait": [
				{
					"name": "Magic Resistance",
					"entries": [
						"Qunbraxel has advantage on saving throws against spells and other magical effects."
					]
				}
			],
			"action": [
				{
					"name": "Multiattack",
					"entries": [
						"Qunbraxel makes two Eldritch Bolt attacks, or one Eldritch Bolt attack and one Tentacle attack."
					]
				},
				{
					"name": "Tentacle",
					"entries": [
						"{@atk mw} {@hit 8} to hit, reach 5 ft., one creature. {@h}15 ({@damage 2d10 + 4}) psychic damage. If the target is Medium or smaller, it has the {@condition grappled} condition (escape {@dc 16}) and must succeed on a {@dc 16} Intelligence saving throw or have the {@condition stunned} condition until the grapple ends."
					]
				},
				{
					"name": "Eldritch Bolt",
					"entries": [
						"{@atk rs} {@hit 8} to hit, range 120 ft., one target. {@h}20 ({@damage 3d10 + 4}) force damage."
					]
				},
				{
					"name": "Extract Brain",
					"entries": [
						"{@atk mw} {@hit 8} to hit, reach 5 ft., one Humanoid with the {@condition stunned} condition who is {@condition grappled} by Qunbraxel. {@h}55 ({@damage 10d10}) piercing damage. If this damage reduces the target to 0 hit points, Qunbraxel kills it by extracting and devouring its brain."
					]
				},
				{
					"name": "Mind Blast {@recharge 5}",
					"entries": [
						"Qunbraxel magically emits psychic energy in a 60-foot cone. Each creature in that area must succeed on a {@dc 16} Intelligence saving throw or take 26 ({@damage 5d8 + 4}) psychic damage and have the {@condition stunned} condition for 1 minute. A {@condition stunned} creature can repeat the saving throw at the end of each of its turns, ending the effect on itself on a success."
					]
				}
			],
			"traitTags": [
				"Magic Resistance"
			],
			"senseTags": [
				"SD"
			],
			"actionTags": [
				"Multiattack",
				"Tentacles"
			],
			"languageTags": [
				"DS",
				"TP",
				"U"
			],
			"damageTags": [
				"O",
				"P",
				"Y"
			],
			"spellcastingTags": [
				"P"
			],
			"miscTags": [
				"AOE",
				"MW"
			],
			"conditionInflict": [
				"stunned"
			],
			"conditionInflictSpell": [
				"charmed",
				"restrained"
			],
			"savingThrowForced": [
				"intelligence"
			],
			"savingThrowForcedSpell": [
				"charisma",
				"constitution",
				"wisdom"
			],
			"hasFluff": true,
			"hasFluffImages": true,
			"hasToken": true
		},
		{
			"name": "Redbrand Ruffian",
			"source": "PaBTSO",
			"page": 216,
			"size": [
				"M"
			],
			"type": "humanoid",
			"alignment": [
				"N",
				"E"
			],
			"alignmentPrefix": "typically ",
			"ac": [
				{
					"ac": 11,
					"from": [
						"{@item leather armor|PHB}"
					]
				}
			],
			"hp": {
				"average": 16,
				"formula": "3d8 + 3"
			},
			"speed": {
				"walk": 30
			},
			"str": 14,
			"dex": 10,
			"con": 12,
			"int": 9,
			"wis": 9,
			"cha": 11,
			"skill": {
				"intimidation": "+2"
			},
			"passive": 9,
			"languages": [
				"Common"
			],
			"cr": "1/2",
			"action": [
				{
					"name": "Shortsword",
					"entries": [
						"{@atk mw} {@hit 4} to hit, reach 5 ft., one target. {@h}5 ({@damage 1d6 + 2}) piercing damage."
					]
				}
			],
			"attachedItems": [
				"shortsword|phb"
			],
			"languageTags": [
				"C"
			],
			"damageTags": [
				"P"
			],
			"miscTags": [
				"MLW",
				"MW"
			],
			"hasFluff": true,
			"hasFluffImages": true,
			"hasToken": true
		},
		{
			"name": "Refraction of Ilvaash",
			"source": "PaBTSO",
			"page": 197,
			"size": [
				"H"
			],
			"type": {
				"type": "aberration",
				"tags": [
					"mind flayer"
				]
			},
			"alignment": [
				"L",
				"E"
			],
			"ac": [
				{
					"ac": 11,
					"from": [
						"natural armor"
					]
				}
			],
			"hp": {
				"average": 199,
				"formula": "21d12 + 63"
			},
			"speed": {
				"walk": 10,
				"fly": {
					"number": 30,
					"condition": "(hover)"
				},
				"swim": 10,
				"canHover": true
			},
			"str": 17,
			"dex": 10,
			"con": 17,
			"int": 23,
			"wis": 20,
			"cha": 22,
			"save": {
				"int": "+11",
				"wis": "+10"
			},
			"skill": {
				"arcana": "+11",
				"insight": "+15",
				"intimidation": "+11",
				"persuasion": "+11"
			},
			"senses": [
				"blindsight 120 ft."
			],
			"passive": 15,
			"resist": [
				{
					"resist": [
						"bludgeoning",
						"piercing",
						"slashing"
					],
					"note": "from nonmagical attacks",
					"cond": true
				}
			],
			"immune": [
				"poison",
				"psychic"
			],
			"conditionImmune": [
				"exhaustion",
				"grappled",
				"paralyzed",
				"petrified",
				"poisoned",
				"prone",
				"restrained"
			],
			"languages": [
				"Common",
				"Deep Speech",
				"telepathy 100 miles",
				"Undercommon"
			],
			"cr": "15",
			"spellcasting": [
				{
					"name": "Spellcasting (Psionics)",
					"headerEntries": [
						"The refraction casts one of the following spells, requiring no spell components and using Intelligence as the spellcasting ability (spell save {@dc 19}):"
					],
					"will": [
						"{@spell detect magic}",
						"{@spell detect thoughts}"
					],
					"daily": {
						"3e": [
							"{@spell dispel magic}",
							"{@spell modify memory}"
						],
						"1e": [
							"{@spell feeblemind}",
							"{@spell plane shift} (self only)"
						]
					},
					"ability": "int",
					"displayAs": "action"
				}
			],
			"trait": [
				{
					"name": "Creature Sense",
					"entries": [
						"The refraction is aware of creatures within 100 miles of it that have an Intelligence score of 4 or higher. It knows the distance and direction to each creature, as well as each one's Intelligence score, but can't sense anything else about it. A creature protected by a {@spell mind blank} spell, a {@spell nondetection} spell, or similar magic can't be perceived in this manner."
					]
				},
				{
					"name": "Incorporeal Movement",
					"entries": [
						"The refraction can move through other creatures and objects as if they were difficult terrain. It takes 5 ({@damage 1d10}) force damage if it ends its turn inside an object."
					]
				},
				{
					"name": "Legendary Resistance (5/Day)",
					"entries": [
						"If the refraction fails a saving throw, it can choose to succeed instead."
					]
				},
				{
					"name": "Magic Resistance",
					"entries": [
						"The refraction has advantage on saving throws against spells and other magical effects."
					]
				}
			],
			"action": [
				{
					"name": "Multiattack",
					"entries": [
						"The refraction makes two Dissonant Claw attacks."
					]
				},
				{
					"name": "Dissonant Claw",
					"entries": [
						"{@atk mw} {@hit 11} to hit, reach 10 ft. or range 120 ft., one creature. {@h}25 ({@damage 3d12 + 6}) psychic damage. If the target is a creature {@status concentration||concentrating} on a spell, its {@status concentration} is broken."
					]
				},
				{
					"name": "Mind Blast {@recharge 5}",
					"entries": [
						"Creatures of the refraction's choice within 60 feet of it must succeed on a {@dc 19} Intelligence saving throw or take 33 ({@damage 5d10 + 6}) psychic damage and have the {@condition stunned} condition for 1 minute. A {@condition stunned} creature can repeat the saving throw at the end of each of its turns, ending the effect on itself on a success."
					]
				},
				{
					"name": "Teleport",
					"entries": [
						"The refraction teleports, along with any equipment it is wearing or carrying, up to 120 feet to an unoccupied place that it can see."
					]
				}
			],
			"legendary": [
				{
					"name": "Mindbreaker",
					"entries": [
						"The refraction targets a creature within 120 feet of itself and disrupts its mental processes, causing the target to have disadvantage on all ability checks, attack rolls, and saving throws until the end of the target's next turn."
					]
				},
				{
					"name": "Projected Claw (Costs 2 Actions)",
					"entries": [
						"The refraction makes one Dissonant Claw attack."
					]
				}
			],
			"traitTags": [
				"Incorporeal Movement",
				"Legendary Resistances",
				"Magic Resistance"
			],
			"senseTags": [
				"B"
			],
			"actionTags": [
				"Multiattack",
				"Teleport"
			],
			"languageTags": [
				"C",
				"DS",
				"TP",
				"U"
			],
			"damageTags": [
				"O",
				"Y"
			],
			"damageTagsSpell": [
				"Y"
			],
			"spellcastingTags": [
				"P"
			],
			"miscTags": [
				"MW",
				"RCH"
			],
			"conditionInflictSpell": [
				"charmed",
				"incapacitated"
			],
			"savingThrowForced": [
				"intelligence"
			],
			"savingThrowForcedSpell": [
				"charisma",
				"intelligence",
				"wisdom"
			],
			"hasFluff": true,
			"hasFluffImages": true,
			"hasToken": true
		},
		{
			"name": "Rivibiddel",
			"isNpc": true,
			"isNamedCreature": true,
			"source": "PaBTSO",
			"_copy": {
				"name": "Deep Gnome (Svirfneblin)",
				"source": "MM",
				"_mod": {
					"*": {
						"mode": "replaceTxt",
						"replace": "the gnome",
						"with": "Rivibiddel",
						"flags": "i"
					}
				}
			},
			"hasToken": true
		},
		{
			"name": "Ruxithid the Chosen",
			"isNpc": true,
			"isNamedCreature": true,
			"source": "PaBTSO",
			"page": 99,
			"size": [
				"M"
			],
			"type": {
				"type": "aberration",
				"tags": [
					"goblinoid"
				]
			},
			"alignment": [
				"N",
				"E"
			],
			"ac": [
				{
					"ac": 15,
					"from": [
						"{@item chain shirt|phb}"
					]
				}
			],
			"hp": {
				"average": 88,
				"formula": "16d8 + 16"
			},
			"speed": {
				"walk": 30,
				"fly": {
					"number": 30,
					"condition": "(hover)"
				},
				"canHover": true
			},
			"str": 14,
			"dex": 19,
			"con": 12,
			"int": 18,
			"wis": 15,
			"cha": 12,
			"save": {
				"int": "+7",
				"wis": "+5"
			},
			"skill": {
				"insight": "+5",
				"perception": "+5",
				"stealth": "+10"
			},
			"senses": [
				"darkvision 60 ft."
			],
			"passive": 15,
			"resist": [
				"psychic"
			],
			"languages": [
				"Common",
				"Goblin",
				"telepathy 60 ft."
			],
			"cr": "5",
			"trait": [
				{
					"name": "Legendary Resistance (2/Day)",
					"entries": [
						"When Ruxithid fails a saving throw, he can choose to succeed instead."
					]
				},
				{
					"name": "Mental Fortitude",
					"entries": [
						"Ruxithid has advantage on saving throws against the {@condition charmed} and {@condition frightened} conditions."
					]
				}
			],
			"action": [
				{
					"name": "Multiattack",
					"entries": [
						"Ruxithid makes two Psi-Charged Scimitar attacks."
					]
				},
				{
					"name": "Psi-Charged Scimitar",
					"entries": [
						"{@atk mw} {@hit 7} to hit, reach 5 ft., one target. {@h}11 ({@damage 2d6 + 4}) slashing damage plus 7 ({@damage 2d6}) psychic damage."
					]
				}
			],
			"bonus": [
				{
					"name": "Brain Tendrils {@recharge 5}",
					"entries": [
						"Ruxithid unleashes a flurry of crystalline psychic tendrils from his brain, targeting one creature that he can see within 30 feet of himself. The target must succeed on a {@dc 15} Dexterity saving throw or take 9 ({@damage 2d8}) psychic damage and have the {@condition stunned} condition until the start of Ruxithid's next turn."
					]
				},
				{
					"name": "Combat Command",
					"entries": [
						"Ruxithid commands one allied creature he can see within 60 feet of himself to strike. The creature can immediately use its reaction to make one melee weapon attack against a target within its reach."
					]
				}
			],
			"traitTags": [
				"Legendary Resistances"
			],
			"senseTags": [
				"D"
			],
			"actionTags": [
				"Multiattack"
			],
			"languageTags": [
				"C",
				"GO",
				"TP"
			],
			"damageTags": [
				"S",
				"Y"
			],
			"miscTags": [
				"MLW",
				"MW"
			],
			"conditionInflict": [
				"stunned"
			],
			"savingThrowForced": [
				"dexterity"
			],
			"hasFluff": true,
			"hasFluffImages": true,
			"hasToken": true
		},
		{
			"name": "Shalfi Lewin",
			"isNpc": true,
			"isNamedCreature": true,
			"source": "PaBTSO",
			"_copy": {
				"name": "Aberrant Zealot",
				"source": "PaBTSO",
				"_mod": {
					"*": {
						"mode": "replaceTxt",
						"replace": "the zealot",
						"with": "Shalfi",
						"flags": "i"
					}
				}
			},
			"hasToken": true
		},
		{
			"name": "Sildar Hallwinter",
			"isNpc": true,
			"isNamedCreature": true,
			"source": "PaBTSO",
			"page": 22,
			"size": [
				"M"
			],
			"type": {
				"type": "humanoid",
				"tags": [
					"human"
				]
			},
			"alignment": [
				"N",
				"G"
			],
			"ac": [
				{
					"ac": 16,
					"from": [
						"{@item chain mail|PHB}"
					]
				}
			],
			"hp": {
				"average": 27,
				"formula": "5d8 + 5"
			},
			"speed": {
				"walk": 30
			},
			"str": 13,
			"dex": 10,
			"con": 12,
			"int": 10,
			"wis": 11,
			"cha": 10,
			"save": {
				"str": "+3",
				"con": "+3"
			},
			"skill": {
				"perception": "+2"
			},
			"passive": 12,
			"languages": [
				"Common"
			],
			"cr": "1",
			"action": [
				{
					"name": "Multiattack",
					"entries": [
						"Sildar makes two Longsword attacks."
					]
				},
				{
					"name": "Longsword",
					"entries": [
						"{@atk mw} {@hit 3} to hit, reach 5 ft., one target. {@h}5 ({@damage 1d8 + 1}) slashing damage, or 6 ({@damage 1d10 + 1}) slashing damage if used with two hands."
					]
				},
				{
					"name": "Heavy Crossbow",
					"entries": [
						"{@atk rw} {@hit 2} to hit, range 100/400 ft., one target. {@h}5 ({@damage 1d10}) piercing damage."
					]
				}
			],
			"reaction": [
				{
					"name": "Parry",
					"entries": [
						"When an attacker Sildar can see would hit him with a melee attack, he can roll a {@dice d6} and add the number rolled to his AC against the triggering attack, provided he's wielding a melee weapon."
					]
				}
			],
			"attachedItems": [
				"heavy crossbow|phb",
				"longsword|phb"
			],
			"actionTags": [
				"Multiattack",
				"Parry"
			],
			"languageTags": [
				"C"
			],
			"damageTags": [
				"P",
				"S"
			],
			"miscTags": [
				"MLW",
				"MW",
				"RW"
			],
			"hasFluff": true,
			"hasFluffImages": true,
			"hasToken": true
		},
		{
			"name": "Varakkta",
			"isNpc": true,
			"isNamedCreature": true,
			"source": "PaBTSO",
			"_copy": {
				"name": "Githyanki Knight",
				"source": "MM",
				"_mod": {
					"*": {
						"mode": "replaceTxt",
						"replace": "the githyanki",
						"with": "Varakkta",
						"flags": "i"
					}
				}
			},
			"hasToken": true
		},
		{
			"name": "Voalsh",
			"isNpc": true,
			"isNamedCreature": true,
			"source": "PaBTSO",
			"_copy": {
				"name": "Mind Flayer Clairvoyant",
				"source": "PaBTSO",
				"_mod": {
					"*": {
						"mode": "replaceTxt",
						"replace": "the mind flayer",
						"with": "Voalsh",
						"flags": "i"
					}
				}
			},
			"speed": {
				"walk": 0,
				"fly": {
					"number": 30,
					"condition": "(hover)"
				},
				"canHover": true
			},
			"conditionImmune": [
				"blinded",
				"charmed",
				"frightened",
				"prone"
			],
			"hasToken": true
		},
		{
			"name": "Yanthdel Henlifel",
			"isNpc": true,
			"isNamedCreature": true,
			"source": "PaBTSO",
			"_copy": {
				"name": "Drow Elite Warrior",
				"source": "MM",
				"_mod": {
					"*": {
						"mode": "replaceTxt",
						"replace": "the drow",
						"with": "Yanthdel",
						"flags": "i"
					}
				}
			},
			"alignment": [
				"N"
			],
			"hasToken": true
		},
		{
			"name": "Zeond",
			"isNpc": true,
			"isNamedCreature": true,
			"source": "PaBTSO",
			"_copy": {
				"name": "Quasit",
				"source": "MM",
				"_mod": {
					"*": {
						"mode": "replaceTxt",
						"replace": "the quasit",
						"with": "Zeond",
						"flags": "i"
					}
				}
			},
			"hasToken": true
		}
	]
}
