{
	"monsterFluff": [
		{
			"name": "Amphisbaena",
			"source": "GoS",
			"entries": [
				{
					"type": "entries",
					"entries": [
						{
							"type": "entries",
							"entries": [
								{
									"type": "entries",
									"entries": [
										"Found in Danger at Dunwater, these strange reptiles have a head at either end of their serpentine bodies, each one equipped with venomous fangs. To move, an amphisbaena uses one head to grip the neck of its other head, forming a hoop that rolls over the ground."
									]
								}
							]
						}
					]
				}
			]
		},
		{
			"name": "Bullywug Croaker",
			"source": "GoS",
			"entries": [
				{
					"type": "entries",
					"entries": [
						{
							"type": "entries",
							"entries": [
								{
									"type": "entries",
									"entries": [
										"Some bullywugs are born with the ability to weave magic into their songs. These rare specimens are raised in protected enclaves where they are taught to use their magic to both heal and harm. As demonstrated in Danger at Dunwater, they are among the most pompous of bullywugs."
									]
								}
							]
						}
					]
				}
			]
		},
		{
			"name": "Bullywug Royal",
			"source": "GoS",
			"entries": [
				{
					"type": "entries",
					"entries": [
						{
							"type": "entries",
							"entries": [
								{
									"type": "entries",
									"entries": [
										"The largest and most intelligent bullywugs invariably end up leading their kind. These sneering specimens dress in robes made from leather, rough cloth, and bits of marsh plants. As seen in Danger at Dunwater, a bullywug royal is often accompanied by and mounted astride a giant toad."
									]
								}
							]
						}
					]
				}
			]
		},
		{
			"name": "Captain Xendros",
			"source": "GoS",
			"images": [
				{
					"type": "image",
					"href": {
						"type": "internal",
						"path": "bestiary/GoS/004-01-04.png"
					}
				}
			]
		},
		{
			"name": "Drowned Ascetic",
			"source": "GoS",
			"entries": [
				{
					"type": "entries",
					"entries": [
						{
							"type": "entries",
							"entries": [
								{
									"type": "entries",
									"entries": [
										"Dressed in tattered robes, its fists wrapped in long rib bons of rotting cloth, the drowned ascetic moves with alarming speed for an undead creature. This martial artist, rising from the ocean in Tammeraut's Fate, retains its fighting reflexes despite its rotting flesh."
									]
								},
								{
									"type": "entries",
									"name": "Bluerot",
									"entries": [
										"This disease targets humanoids. While afflicted with bluerot, a victim grows grotesque blue boils on their face and back. This disease is carried by undead (including the drowned ones in Tammeraut's Fate), and victims most often acquire it through wounds caused by infected creatures. The disease's boils manifest in {@dice 1d4} hours, causing the victim's Constitution and Charisma scores to decrease by {@dice 1d4} each, to a minimum of 3. This is quickly followed by a fever and tingling in the extremities. An infected creature is vulnerable to radiant damage and gains the ability to breathe underwater.",
										"At the end of each long rest, an infected creature makes a DC 12 Constitution saving throw. On a success, the victim regains 1 point of Constitution and 1 point of Charisma lost to the disease. If the infected creature regains all the points lost to the disease, it is cured. Other effects that raise the victim's ability scores do not cure the disease. On a failed saving throw, the victim takes 18 ({@damage 4d8}) necrotic damage as the boils burst and spread. A creature reduced to 0 hit points by this damage cannot regain hit points until the disease is cured, though it can be stabilized as normal."
									]
								}
							]
						}
					]
				}
			],
			"images": [
				{
					"type": "image",
					"href": {
						"type": "internal",
						"path": "bestiary/GoS/Drowned One.jpg"
					}
				}
			]
		},
		{
			"name": "Drowned Assassin",
			"source": "GoS",
			"entries": [
				{
					"type": "entries",
					"entries": [
						{
							"type": "entries",
							"entries": [
								{
									"type": "entries",
									"entries": [
										"The drowned assassin stalks and kills in a grim pantomime of its former occupation. Sneaking from shadow to shadow, and appearing in the undead assault of Tammeraut's Fate, it aims its barnacle-encrusted hand crossbow with deadly precision. Hidden behind a simple driftwood mask, this creature's face causes terror in mortal hearts when exposed."
									]
								},
								{
									"type": "entries",
									"name": "Bluerot",
									"entries": [
										"This disease targets humanoids. While afflicted with bluerot, a victim grows grotesque blue boils on their face and back. This disease is carried by undead (including the drowned ones in Tammeraut's Fate), and victims most often acquire it through wounds caused by infected creatures. The disease's boils manifest in {@dice 1d4} hours, causing the victim's Constitution and Charisma scores to decrease by {@dice 1d4} each, to a minimum of 3. This is quickly followed by a fever and tingling in the extremities. An infected creature is vulnerable to radiant damage and gains the ability to breathe underwater.",
										"At the end of each long rest, an infected creature makes a DC 12 Constitution saving throw. On a success, the victim regains 1 point of Constitution and 1 point of Charisma lost to the disease. If the infected creature regains all the points lost to the disease, it is cured. Other effects that raise the victim's ability scores do not cure the disease. On a failed saving throw, the victim takes 18 ({@damage 4d8}) necrotic damage as the boils burst and spread. A creature reduced to 0 hit points by this damage cannot regain hit points until the disease is cured, though it can be stabilized as normal."
									]
								}
							]
						}
					]
				}
			],
			"images": [
				{
					"type": "image",
					"href": {
						"type": "internal",
						"path": "bestiary/GoS/Drowned One.jpg"
					}
				}
			]
		},
		{
			"name": "Drowned Blade",
			"source": "GoS",
			"entries": [
				{
					"type": "entries",
					"entries": [
						{
							"type": "entries",
							"entries": [
								{
									"type": "entries",
									"entries": [
										"Assaulting the hermitage in Tammeraut's Fate, this barnacle-encrusted undead warrior fights with surprising cunning. Starfish cling to its wispy beard, and its evil rage is visible in its bloated gray eyes."
									]
								},
								{
									"type": "entries",
									"name": "Bluerot",
									"entries": [
										"This disease targets humanoids. While afflicted with bluerot, a victim grows grotesque blue boils on their face and back. This disease is carried by undead (including the drowned ones in Tammeraut's Fate), and victims most often acquire it through wounds caused by infected creatures. The disease's boils manifest in {@dice 1d4} hours, causing the victim's Constitution and Charisma scores to decrease by {@dice 1d4} each, to a minimum of 3. This is quickly followed by a fever and tingling in the extremities. An infected creature is vulnerable to radiant damage and gains the ability to breathe underwater.",
										"At the end of each long rest, an infected creature makes a DC 12 Constitution saving throw. On a success, the victim regains 1 point of Constitution and 1 point of Charisma lost to the disease. If the infected creature regains all the points lost to the disease, it is cured. Other effects that raise the victim's ability scores do not cure the disease. On a failed saving throw, the victim takes 18 ({@damage 4d8}) necrotic damage as the boils burst and spread. A creature reduced to 0 hit points by this damage cannot regain hit points until the disease is cured, though it can be stabilized as normal."
									]
								}
							]
						}
					]
				}
			],
			"images": [
				{
					"type": "image",
					"href": {
						"type": "internal",
						"path": "bestiary/GoS/Drowned One.jpg"
					}
				}
			]
		},
		{
			"name": "Drowned Master",
			"source": "GoS",
			"entries": [
				{
					"type": "entries",
					"entries": [
						{
							"type": "entries",
							"entries": [
								{
									"type": "entries",
									"entries": [
										"This waterlogged undead, bound to the Pit of Hatred in Tammeraut's Fate, hovers menacingly over the bones of its victims. Its torso, arms, and head retain their former shapes, but its legs have split into shadowy tentacles. The drowned master is tethered to a source of powerful magic that prevents it from traveling far. It commands other drowned ones, compelling them to serve as agents in its dark plots."
									]
								},
								{
									"type": "entries",
									"name": "Bluerot",
									"entries": [
										"This disease targets humanoids. While afflicted with bluerot, a victim grows grotesque blue boils on their face and back. This disease is carried by undead (including the drowned ones in Tammeraut's Fate), and victims most often acquire it through wounds caused by infected creatures. The disease's boils manifest in {@dice 1d4} hours, causing the victim's Constitution and Charisma scores to decrease by {@dice 1d4} each, to a minimum of 3. This is quickly followed by a fever and tingling in the extremities. An infected creature is vulnerable to radiant damage and gains the ability to breathe underwater.",
										"At the end of each long rest, an infected creature makes a DC 12 Constitution saving throw. On a success, the victim regains 1 point of Constitution and 1 point of Charisma lost to the disease. If the infected creature regains all the points lost to the disease, it is cured. Other effects that raise the victim's ability scores do not cure the disease. On a failed saving throw, the victim takes 18 ({@damage 4d8}) necrotic damage as the boils burst and spread. A creature reduced to 0 hit points by this damage cannot regain hit points until the disease is cured, though it can be stabilized as normal."
									]
								}
							]
						}
					]
				}
			],
			"images": [
				{
					"type": "image",
					"href": {
						"type": "internal",
						"path": "bestiary/GoS/Drowned One.jpg"
					}
				}
			]
		},
		{
			"name": "Giant Coral Snake",
			"source": "GoS",
			"entries": [
				{
					"type": "entries",
					"entries": [
						{
							"type": "entries",
							"entries": [
								{
									"type": "entries",
									"entries": [
										"Comfortable on land or in water, these brilliantly colored snakes are renowned for their potent and hallucinogenic venom. They are most often found in coastal caves. In the abandoned chambers of the hermitage in Tammeraut's Fate, these giant serpents feed on any creature that crosses their path."
									]
								}
							]
						}
					]
				}
			]
		},
		{
			"name": "Giant Sea Eel",
			"source": "GoS",
			"entries": [
				{
					"type": "entries",
					"entries": [
						{
							"type": "entries",
							"entries": [
								{
									"type": "entries",
									"entries": [
										"Snaking predators lurking in the dark waters of the ocean, these kelp-colored beasts serve as guards and mounts for the locathah (including those found in Danger at Dunwater)."
									]
								}
							]
						}
					]
				}
			]
		},
		{
			"name": "Harpy Matriarch",
			"source": "GoS",
			"entries": [
				{
					"type": "entries",
					"entries": [
						{
							"type": "entries",
							"entries": [
								{
									"type": "entries",
									"entries": [
										"Happy to watch its flock squabble over carrion in Tammeraut's Fate, this gray-feathered matron of the harpies is surrounded by a cloud of magical spirits resembling skeletal seabirds."
									]
								}
							]
						}
					]
				}
			]
		},
		{
			"name": "Juvenile Kraken",
			"source": "GoS",
			"entries": [
				{
					"type": "entries",
					"entries": [
						{
							"type": "entries",
							"entries": [
								{
									"type": "entries",
									"entries": [
										"Hidden in a deep, dark underwater pit near the Styes, this creature bears the mark of the dark god Tharizdun's madness. Becoming more independent every day, it dreams of freeing itself from its aboleth tenders and wreaking its own foul will upon the seas."
									]
								}
							]
						}
					]
				}
			],
			"images": [
				{
					"type": "image",
					"href": {
						"type": "internal",
						"path": "bestiary/GoS/Juvenile Kraken.jpg"
					}
				}
			]
		},
		{
			"name": "Koalinth",
			"source": "GoS",
			"entries": [
				{
					"type": "entries",
					"entries": [
						{
							"type": "entries",
							"entries": [
								{
									"type": "entries",
									"entries": [
										"The koalinth, found in Danger at Dunwater, are martial and aggressive aquatic hobgoblins, with brightly colored faces and functional gills. They are known for their ferocity, and for their hatred of elves."
									]
								}
							]
						}
					]
				}
			],
			"images": [
				{
					"type": "image",
					"href": {
						"type": "internal",
						"path": "bestiary/GoS/Koalinth.jpg"
					}
				}
			]
		},
		{
			"name": "Koalinth Sergeant",
			"source": "GoS",
			"entries": [
				{
					"type": "entries",
					"entries": [
						{
							"type": "entries",
							"entries": [
								{
									"type": "entries",
									"entries": [
										"These fierce koalinths lead special missions for their people, such as the diplomatic envoy encountered in Danger at Dunwater. A koalinth sergeant focuses its ire on the most significant threats on the battlefield, then eliminates those threats one by one."
									]
								}
							]
						}
					]
				}
			],
			"images": [
				{
					"type": "image",
					"href": {
						"type": "internal",
						"path": "bestiary/GoS/Koalinth Sergeant.jpg"
					}
				}
			]
		},
		{
			"name": "Krell Grohlg",
			"source": "GoS",
			"images": [
				{
					"type": "image",
					"href": {
						"type": "internal",
						"path": "bestiary/GoS/034-04-04-unholy-shrine-p92.png"
					}
				}
			]
		},
		{
			"name": "Kysh",
			"source": "GoS",
			"entries": [
				{
					"type": "entries",
					"entries": [
						{
							"type": "entries",
							"entries": [
								{
									"type": "entries",
									"entries": [
										"A prisoner of the sahuagin in The Final Enemy, Kysh is a defender of the deep sea realms who is ready to join the party in their struggle. Tritons are folk of the Elemental Plane of Water who journeyed to the Material Plane to watch over the dark places of the ocean depths. They stand guard over portals, deep sea chasms, and other places where foul monsters might emerge. When such threats appear, the tritons take up arms to drive them from the world."
									]
								}
							]
						}
					]
				}
			]
		},
		{
			"name": "Living Iron Statue",
			"source": "GoS",
			"entries": [
				{
					"type": "entries",
					"entries": [
						{
							"type": "entries",
							"entries": [
								{
									"type": "entries",
									"entries": [
										"This squat, solid-looking statue, currently guarding the evil cult's treasure in Isle of the Abbey, is made from pure iron. Its hands are shaped into deadly weapons."
									]
								}
							]
						}
					]
				}
			]
		},
		{
			"name": "Lizardfolk Commoner",
			"source": "GoS",
			"entries": [
				{
					"type": "entries",
					"entries": [
						{
							"type": "entries",
							"entries": [
								{
									"type": "entries",
									"entries": [
										"These lizardfolk, found wandering the halls in Danger at Dunwater, are just as fierce as their armed kin, and can equip themselves with weapons and shields if such are available."
									]
								}
							]
						}
					]
				}
			]
		},
		{
			"name": "Lizardfolk Render",
			"source": "GoS",
			"entries": [
				{
					"type": "entries",
					"entries": [
						{
							"type": "entries",
							"entries": [
								{
									"type": "entries",
									"entries": [
										"Filled with the primal magic of Semuanya, the lizardfolk render undergoes terrifying changes during a dayslong ritual performed by a shaman. As seen in Danger at Dunwater, the render's claws grow long and hard as steel, its frame enlarges, and its temperament becomes even more ferocious."
									]
								}
							]
						}
					]
				}
			],
			"images": [
				{
					"type": "image",
					"href": {
						"type": "internal",
						"path": "bestiary/GoS/Lizardfolk Render.webp"
					}
				}
			]
		},
		{
			"name": "Lizardfolk Scaleshield",
			"source": "GoS",
			"entries": [
				{
					"type": "entries",
					"entries": [
						{
							"type": "entries",
							"entries": [
								{
									"type": "entries",
									"entries": [
										"Serving as the elite warriors and officers of a lizardfolk clan, these robust creatures wear thick armor made from crocodile scales and metal. Trained in martial weapons and advanced combat tactics, they are found protecting lizardfolk lairs such as the one in Danger at Dunwater."
									]
								}
							]
						}
					]
				}
			]
		},
		{
			"name": "Lizardfolk Subchief",
			"source": "GoS",
			"entries": [
				{
					"type": "entries",
					"entries": [
						{
							"type": "entries",
							"entries": [
								{
									"type": "entries",
									"entries": [
										"The lizardfolk subchief (seen in Danger at Dunwater) is a devout priest of Semuanya, pursuing the worship of its god in a manner similar to a cleric. It wields a dagger crafted of a massive crocodile tooth blessed by Semuanya, representing the subchief's prowess in both battle and piety."
									]
								}
							]
						}
					]
				}
			]
		},
		{
			"name": "Locathah",
			"source": "GoS",
			"entries": [
				{
					"type": "entries",
					"entries": [
						{
							"type": "entries",
							"entries": [
								{
									"type": "entries",
									"entries": [
										"These resilient and proud fish-folk (found in Danger at Dunwater) have endured war, slavery, and mistreatment at the hands of other aquatic creatures. They dwell in submerged tribal communities along seacoasts, and hunt both above and below the water."
									]
								}
							]
						}
					]
				}
			],
			"images": [
				{
					"type": "image",
					"href": {
						"type": "internal",
						"path": "bestiary/GoS/Locathah.jpg"
					}
				}
			]
		},
		{
			"name": "Locathah Hunter",
			"source": "GoS",
			"entries": [
				{
					"type": "entries",
					"entries": [
						{
							"type": "entries",
							"entries": [
								{
									"type": "entries",
									"entries": [
										"The far-ranging locathah hunter is trained in tracking and stalking prey on land and in water. They often serve as leaders to small bands of locathah or emissaries for their people (such as the hunter found in Danger at Dunwater). Their colorful, {@condition poisoned}, and fast-loading crossbows rarely miss a target."
									]
								}
							]
						}
					]
				}
			],
			"images": [
				{
					"type": "image",
					"href": {
						"type": "internal",
						"path": "bestiary/GoS/Locathah.jpg"
					}
				}
			]
		},
		{
			"name": "Master Refrum",
			"source": "GoS",
			"images": [
				{
					"type": "image",
					"href": {
						"type": "internal",
						"path": "bestiary/GoS/Master Refrum.webp"
					}
				}
			]
		},
		{
			"name": "Maw of Sekolah",
			"source": "GoS",
			"entries": [
				{
					"type": "entries",
					"entries": [
						{
							"type": "entries",
							"entries": [
								{
									"type": "entries",
									"entries": [
										"Summoned from the shadowy depths of the ocean through ritual and tidal magic, the Maw of Sekolah appears in The Final Enemy as the avatar of the hungry sahuagin god. This huge, two-headed shark is fed a steady diet of sentient creatures, captured by the sahuagin and offered up as tribute. Sahuagin priestesses adorn the fins of the maw of Sekolah with gemmed bands and polished skulls."
									]
								}
							]
						}
					]
				}
			]
		},
		{
			"name": "Merfolk Salvager",
			"source": "GoS",
			"entries": [
				{
					"type": "entries",
					"entries": [
						{
							"type": "entries",
							"entries": [
								{
									"type": "entries",
									"entries": [
										"Veterans of scouring the wrecks and ruins found in the deepest waters, these skilled warriors help defend their kin with rapier-like weapons of living coral. The salvagers escort other merfolk on scavenging missions, using their keen senses to detect danger. They are found allying with the lizardfolk in Danger at Dunwater."
									]
								}
							]
						}
					]
				}
			]
		},
		{
			"name": "Minotaur Living Crystal Statue",
			"source": "GoS",
			"entries": [
				{
					"type": "entries",
					"entries": [
						{
							"type": "entries",
							"entries": [
								{
									"type": "entries",
									"entries": [
										"Given life through powerful magic, a large, crudely carved crystal minotaur guards the tunnels in Isle of the Abbey."
									]
								}
							]
						}
					]
				}
			]
		},
		{
			"name": "Monstrous Peryton",
			"source": "GoS",
			"entries": [
				{
					"type": "entries",
					"entries": [
						{
							"type": "entries",
							"entries": [
								{
									"type": "entries",
									"entries": [
										"The terror of the coast and the recent scourge of Firewatch Island in Tammeraut's Fate, this large peryton preys on ships and coastal communities alike. It has built numerous nests to mark its territory."
									]
								}
							]
						}
					]
				}
			],
			"images": [
				{
					"type": "image",
					"href": {
						"type": "internal",
						"path": "bestiary/GoS/Monstrous Peryton.jpg"
					}
				}
			]
		},
		{
			"name": "Mr. Dory",
			"source": "GoS",
			"entries": [
				{
					"type": "entries",
					"entries": [
						{
							"type": "entries",
							"entries": [
								{
									"type": "entries",
									"entries": [
										"One of the four councillors who rule the Styes, Mr. Dory hides his cursed nature in plain sight. His rare, liquid-sensitive \"skin condition\" is actually a form of the same aboleth affliction that creates skum, though Dory's condition is not as severe, and he has managed to retain his free will."
									]
								}
							]
						}
					]
				}
			],
			"images": [
				{
					"type": "image",
					"href": {
						"type": "internal",
						"path": "bestiary/GoS/Mr. Dory.jpg"
					}
				}
			]
		},
		{
			"name": "Oceanus",
			"source": "GoS",
			"entries": [
				{
					"type": "entries",
					"entries": [
						{
							"type": "entries",
							"entries": [
								{
									"type": "entries",
									"entries": [
										"Before being captured, this sea elf had been tasked with investigating the Sea Ghost's movements in The Sinister Secret of Saltmarsh. Oceanus is a smart and resourceful elf who is more than willing to join adventurers who have brave hearts and good intentions."
									]
								}
							]
						}
					]
				}
			]
		},
		{
			"name": "Pirate Bosun",
			"source": "GoS",
			"entries": [
				{
					"type": "entries",
					"entries": [
						{
							"type": "entries",
							"entries": [
								{
									"type": "entries",
									"entries": [
										"The bosun (or boatswain) is tasked with organizing the cargo and crew aboard a ship. Bosuns are capable fighters whose experience with hauling cargo and delivering beatings make them tough opponents. Foul Frithoff in The Sinister Secret of Saltmarsh is the bosun who protects the cargo aboard the smugglers' ship. Ever since a bad accident, he has worn a hook at the end of one arm in place of a hand."
									]
								}
							]
						}
					]
				}
			]
		},
		{
			"name": "Pirate Captain",
			"source": "GoS",
			"entries": [
				{
					"type": "entries",
					"entries": [
						{
							"type": "entries",
							"entries": [
								{
									"type": "entries",
									"entries": [
										"Pirate captains spend their lives at sea, earning and keeping command through blood and daring. A captain's impressive sword work and biting words inspire both confidence and fear in a ship's crew. Sigurd \"Snake Eyes\" is the pirate captain who leads a gang of smugglers in The Sinister Secret of Saltmarsh."
									]
								}
							]
						}
					]
				}
			]
		},
		{
			"name": "Pirate Deck Wizard",
			"source": "GoS",
			"entries": [
				{
					"type": "entries",
					"entries": [
						{
							"type": "entries",
							"entries": [
								{
									"type": "entries",
									"entries": [
										"These salt-encrusted practitioners of magic are at once learned and superstitious. The crews of pirate ships generally give their deck wizards a wide berth, as they magically step from place to place and unleash their briny magic against attackers. The ship Sea Ghost in The Sinister Secret of Saltmarsh is home to a pirate deck wizard named Punketah."
									]
								}
							]
						}
					]
				}
			]
		},
		{
			"name": "Pirate First Mate",
			"source": "GoS",
			"entries": [
				{
					"type": "entries",
					"entries": [
						{
							"type": "entries",
							"entries": [
								{
									"type": "entries",
									"entries": [
										"These no-nonsense sailors are the trusted allies of a pirate ship's captain. Ex-soldiers and trained mercenaries often find employment as mates aboard pirate ships. In The Sinister Secret of Saltmarsh, Bloody Bjorn serves as the first mate aboard Sea Ghost."
									]
								}
							]
						}
					]
				}
			]
		},
		{
			"name": "Rip Tide Priest",
			"source": "GoS",
			"entries": [
				{
					"type": "entries",
					"entries": [
						{
							"type": "entries",
							"entries": [
								{
									"type": "entries",
									"entries": [
										"Priests of the Rip Tide cult gather in secret cabals to perform dark rituals that glorify Olhydra, the elemental Princess of Evil Water, as the embodiment of water's destructiveness. They believe that using water to kill their enemies, such as through ritual drowning, earns them Olhydra's favor."
									]
								}
							]
						}
					]
				}
			]
		},
		{
			"name": "Sahuagin Blademaster",
			"source": "GoS",
			"entries": [
				{
					"type": "entries",
					"entries": [
						{
							"type": "entries",
							"entries": [
								{
									"type": "entries",
									"entries": [
										"A cunning veteran of countless campaigns, the sahuagin blademaster decorates its armor with the bones of its defeated foes. As demonstrated in The Final Enemy, sahuagin blademasters often serve as officers in the sa huagin army."
									]
								}
							]
						}
					]
				}
			]
		},
		{
			"name": "Sahuagin Champion",
			"source": "GoS",
			"entries": [
				{
					"type": "entries",
					"entries": [
						{
							"type": "entries",
							"entries": [
								{
									"type": "entries",
									"entries": [
										"Those sahuagin warriors who prove themselves through heroic acts are given both title and status. Sahuagin champions often serve as lieutenants in the sahuagin army, as they do in The Final Enemy."
									]
								}
							]
						}
					]
				}
			]
		},
		{
			"name": "Sahuagin Coral Smasher",
			"source": "GoS",
			"entries": [
				{
					"type": "entries",
					"entries": [
						{
							"type": "entries",
							"entries": [
								{
									"type": "entries",
									"entries": [
										"Employed as frontline brutes in The Final Enemy, coral smashers are drawn from the ranks of the strongest sahuagin warriors. Their physical strength overcomes the resistance of the water as they swing their hammers at structures and foes with equal zeal."
									]
								}
							]
						}
					]
				}
			]
		},
		{
			"name": "Sahuagin Deep Diver",
			"source": "GoS",
			"entries": [
				{
					"type": "entries",
					"entries": [
						{
							"type": "entries",
							"entries": [
								{
									"type": "entries",
									"entries": [
										"These mighty sahuagin, found in The Final Enemy, are transformed by the divine magic of Sekolah to enable them to better explore the darkest depths of the ocean. Out of the water, they cling to shadows and serve as hunters and assassins. A long, scaly lure that can be illuminated extends from a deep diver's forehead."
									]
								}
							]
						}
					]
				}
			]
		},
		{
			"name": "Sahuagin Hatchling Swarm",
			"source": "GoS",
			"entries": [
				{
					"type": "entries",
					"entries": [
						{
							"type": "entries",
							"entries": [
								{
									"type": "entries",
									"entries": [
										"Roiling through the waters in The Final Enemy, these swarms of sahuagin hatchlings are dangerous to any creatures they encounter. Other sahuagin avoid the swarms, while the individual members devour one another until only the strongest hatchlings are left alive to grow to maturity."
									]
								}
							]
						}
					]
				}
			]
		},
		{
			"name": "Sahuagin High Priestess",
			"source": "GoS",
			"entries": [
				{
					"type": "entries",
					"entries": [
						{
							"type": "entries",
							"entries": [
								{
									"type": "entries",
									"entries": [
										"A sahuagin high priestess is the most devout and ferocious of all Sekolah's worshipers. Armed with a staff studded with jagged shark's teeth, she can be seen leading dark rituals in The Final Enemy."
									]
								}
							]
						}
					]
				}
			]
		},
		{
			"name": "Sahuagin Wave Shaper",
			"source": "GoS",
			"entries": [
				{
					"type": "entries",
					"entries": [
						{
							"type": "entries",
							"entries": [
								{
									"type": "entries",
									"entries": [
										"These hunched and twisted sahuagin sacrifice their bodies to the mutating magic of Sekolah. Wave shapers add elemental magic to sahuagin armed forces (as seen in The Final Enemy) and delight in creating destructive whirlpools."
									]
								}
							]
						}
					]
				}
			]
		},
		{
			"name": "Sanbalet",
			"source": "GoS",
			"entries": [
				{
					"type": "entries",
					"entries": [
						{
							"type": "entries",
							"entries": [
								{
									"type": "entries",
									"entries": [
										"In The Sinister Secret of Saltmarsh, Sanbalet is the leader of the land-based half of a smuggling ring. He is a cunning narcissist with an interest in illusion and mind control. He defends the contraband stored in the caves under the haunted house."
									]
								}
							]
						}
					]
				}
			]
		},
		{
			"name": "Sauriv",
			"source": "GoS",
			"images": [
				{
					"type": "image",
					"href": {
						"type": "internal",
						"path": "bestiary/GoS/Sauriv.webp"
					}
				}
			]
		},
		{
			"name": "Shell Shark",
			"source": "GoS",
			"entries": [
				{
					"type": "entries",
					"entries": [
						{
							"type": "entries",
							"entries": [
								{
									"type": "entries",
									"entries": [
										"These impressive creatures, swimming through the sahuagin stronghold in The Final Enemy, are chosen by priestesses of Sekolah to serve as protectors and messengers. The sharks are blessed in a ritual during which plates of shell and coral are permanently affixed to their bodies."
									]
								}
							]
						}
					]
				}
			]
		},
		{
			"name": "Skeletal Alchemist",
			"source": "GoS",
			"entries": [
				{
					"type": "entries",
					"entries": [
						{
							"type": "entries",
							"entries": [
								{
									"type": "entries",
									"entries": [
										"This undead retains enough of its former self to continue its alchemical work, often on behalf of necromancers or other sinister patrons. It toils in a dark laboratory (such as the one found in The Sinister Secret of Saltmarsh), often falling dormant for long periods of time."
									]
								}
							]
						}
					]
				}
			],
			"images": [
				{
					"type": "image",
					"href": {
						"type": "internal",
						"path": "bestiary/GoS/Skeletal Alchemist.jpg"
					}
				}
			]
		},
		{
			"name": "Skeletal Juggernaut",
			"source": "GoS",
			"entries": [
				{
					"type": "entries",
					"entries": [
						{
							"type": "entries",
							"entries": [
								{
									"type": "entries",
									"entries": [
										"As seen lumbering across the beaches in Isle of the Abbey, a skeletal juggernaut is an oversized, bipedal assembly of bones that loses a portion of its mass with each step. These skeletal guardians hold together for only a short time before disassembling into a gang of individual undead."
									]
								}
							]
						}
					]
				}
			]
		},
		{
			"name": "Skeletal Swarm",
			"source": "GoS",
			"entries": [
				{
					"type": "entries",
					"entries": [
						{
							"type": "entries",
							"entries": [
								{
									"type": "entries",
									"entries": [
										"This swarm of bones found rising out of the sand in Isle of the Abbey is made from the remains of several animated skeletons. A skeletal swarm alternates its appearance between partially formed humanoid shapes and a chaotic, swirling mass."
									]
								}
							]
						}
					]
				}
			]
		},
		{
			"name": "Skum",
			"source": "GoS",
			"entries": [
				{
					"type": "entries",
					"entries": [
						{
							"type": "entries",
							"entries": [
								{
									"type": "entries",
									"entries": [
										"Several poor souls around the Styes have succumbed to an aboleth's magic through its disease-bearing touch. Transformed into creatures called skum, they barely resemble their past forms, their skin turning slimy and translucent while their limbs warp to resemble those of deep-sea oddities. The change makes them dependent on water, which they must immerse themselves in regularly lest they experience painful-and potentially lethal-skin eruptions. Skum are bound to their aboleth master not just by their cursed state, but by a psychic bond that compels them to serve its every sinister whim."
									]
								}
							]
						}
					]
				}
			],
			"images": [
				{
					"type": "image",
					"href": {
						"type": "internal",
						"path": "bestiary/GoS/Skum.jpg"
					}
				}
			]
		},
		{
			"name": "Thousand Teeth",
			"source": "GoS",
			"entries": [
				{
					"type": "entries",
					"entries": [
						{
							"type": "entries",
							"entries": [
								{
									"type": "entries",
									"entries": [
										"Thousand Teeth is an ancient crocodilian nightmare that has served as the apex predator in the swamps near Saltmarsh for as long as anyone can remember. This monster recently fought a number of lizardfolk and lost one of its teeth. Angered and hungry, it sulks in its lair, lost in primal dreams of rending and tearing. It is found in the deep marshes in Danger at Dunwater."
									]
								}
							]
						}
					]
				}
			],
			"images": [
				{
					"type": "image",
					"href": {
						"type": "internal",
						"path": "bestiary/GoS/Thousand Teeth.jpg"
					}
				}
			]
		},
		{
			"name": "Vampiric Jade Statue",
			"source": "GoS",
			"entries": [
				{
					"type": "entries",
					"entries": [
						{
							"type": "entries",
							"entries": [
								{
									"type": "entries",
									"entries": [
										"A large, exquisitely carved jade statue of a vampire guards the tunnels in Isle of the Abbey, having been brought to life by dark magic. Its stone fangs draw blood that it then uses to work a curse on its victims."
									]
								}
							]
						}
					]
				}
			]
		}
	]
}
