{
	"class": [
		{
			"name": "Paladin",
			"source": "PHB",
			"page": 82,
			"srd": true,
			"hd": {
				"number": 1,
				"faces": 10
			},
			"proficiency": [
				"wis",
				"cha"
			],
			"spellcastingAbility": "cha",
			"casterProgression": "1/2",
			"preparedSpells": "<$level$> / 2 + <$cha_mod$>",
			"optionalfeatureProgression": [
				{
					"name": "Fighting Style",
					"featureType": [
						"FS:P"
					],
					"progression": {
						"2": 1
					}
				}
			],
			"startingProficiencies": {
				"armor": [
					"light",
					"medium",
					"heavy",
					"{@item shield|phb|shields}"
				],
				"weapons": [
					"simple",
					"martial"
				],
				"skills": [
					{
						"choose": {
							"from": [
								"athletics",
								"insight",
								"intimidation",
								"medicine",
								"persuasion",
								"religion"
							],
							"count": 2
						}
					}
				]
			},
			"startingEquipment": {
				"additionalFromBackground": true,
				"default": [
					"(a) a {@filter martial weapon|items|source=phb|category=basic|type=martial weapon} and a {@item shield|phb} or (b) two {@filter martial weapons|items|source=phb|category=basic|type=martial weapon}",
					"(a) five {@item javelin|phb|javelins} or (b) any {@filter simple melee weapon|items|source=phb|category=basic|type=simple weapon;melee weapon=u~u~sand}",
					"(a) a {@item priest's pack|phb} or (b) an {@item explorer's pack|phb}",
					"{@item Chain mail|phb} and a {@item holy symbol|phb}"
				],
				"goldAlternative": "{@dice 5d4 × 10|5d4 × 10|Starting Gold}",
				"defaultData": [
					{
						"a": [
							{
								"equipmentType": "weaponMartial"
							},
							"shield|phb"
						],
						"b": [
							{
								"equipmentType": "weaponMartial",
								"quantity": 2
							}
						]
					},
					{
						"a": [
							{
								"item": "javelin|phb",
								"quantity": 5
							}
						],
						"b": [
							{
								"equipmentType": "weaponSimpleMelee"
							}
						]
					},
					{
						"a": [
							"priest's pack|phb"
						],
						"b": [
							"explorer's pack|phb"
						]
					},
					{
						"_": [
							"Chain mail|phb",
							"holy symbol|phb"
						]
					}
				]
			},
			"multiclassing": {
				"requirements": {
					"str": 13,
					"cha": 13
				},
				"proficienciesGained": {
					"armor": [
						"light",
						"medium",
						"{@item shield|phb|shields}"
					],
					"weapons": [
						"simple",
						"martial"
					]
				}
			},
			"classTableGroups": [
				{
					"title": "Spell Slots per Spell Level",
					"colLabels": [
						"{@filter 1st|spells|level=1|class=Paladin}",
						"{@filter 2nd|spells|level=2|class=Paladin}",
						"{@filter 3rd|spells|level=3|class=Paladin}",
						"{@filter 4th|spells|level=4|class=Paladin}",
						"{@filter 5th|spells|level=5|class=Paladin}"
					],
					"rowsSpellProgression": [
						[
							0,
							0,
							0,
							0,
							0
						],
						[
							2,
							0,
							0,
							0,
							0
						],
						[
							3,
							0,
							0,
							0,
							0
						],
						[
							3,
							0,
							0,
							0,
							0
						],
						[
							4,
							2,
							0,
							0,
							0
						],
						[
							4,
							2,
							0,
							0,
							0
						],
						[
							4,
							3,
							0,
							0,
							0
						],
						[
							4,
							3,
							0,
							0,
							0
						],
						[
							4,
							3,
							2,
							0,
							0
						],
						[
							4,
							3,
							2,
							0,
							0
						],
						[
							4,
							3,
							3,
							0,
							0
						],
						[
							4,
							3,
							3,
							0,
							0
						],
						[
							4,
							3,
							3,
							1,
							0
						],
						[
							4,
							3,
							3,
							1,
							0
						],
						[
							4,
							3,
							3,
							2,
							0
						],
						[
							4,
							3,
							3,
							2,
							0
						],
						[
							4,
							3,
							3,
							3,
							1
						],
						[
							4,
							3,
							3,
							3,
							1
						],
						[
							4,
							3,
							3,
							3,
							2
						],
						[
							4,
							3,
							3,
							3,
							2
						]
					]
				}
			],
			"classFeatures": [
				"Divine Sense|Paladin||1",
				"Lay on Hands|Paladin||1",
				"Divine Smite|Paladin||2",
				"Fighting Style|Paladin||2",
				"Martial Versatility|Paladin||2|UAClassFeatureVariants",
				"Spellcasting|Paladin||2",
				"Divine Health|Paladin||3",
				{
					"classFeature": "Sacred Oath|Paladin||3",
					"gainSubclassFeature": true,
					"gainSubclassFeatureHasContent": true
				},
				"Ability Score Improvement|Paladin||4",
				"Proficiency Versatility|Paladin||4|UAClassFeatureVariants",
				"Extra Attack|Paladin||5",
				"Aura of Protection|Paladin||6",
				{
					"classFeature": "Sacred Oath feature|Paladin||7",
					"gainSubclassFeature": true
				},
				"Ability Score Improvement|Paladin||8",
				"Proficiency Versatility|Paladin||8|UAClassFeatureVariants",
				"Aura of Courage|Paladin||10",
				"Improved Divine Smite|Paladin||11",
				"Ability Score Improvement|Paladin||12",
				"Proficiency Versatility|Paladin||12|UAClassFeatureVariants",
				"Cleansing Touch|Paladin||14",
				{
					"classFeature": "Sacred Oath feature|Paladin||15",
					"gainSubclassFeature": true
				},
				"Ability Score Improvement|Paladin||16",
				"Proficiency Versatility|Paladin||16|UAClassFeatureVariants",
				"Aura improvements|Paladin||18",
				"Ability Score Improvement|Paladin||19",
				"Proficiency Versatility|Paladin||19|UAClassFeatureVariants",
				"Sacred Warrior|Paladin||20"
			],
			"subclassTitle": "Sacred Oath",
			"fluff": [
				{
					"name": "Paladin",
					"type": "section",
					"entries": [
						"Clad in plate armor that gleams in the sunlight despite the dust and grime of long travel, a human lays down her sword and shield and places her hands on a mortally wounded man. Divine radiance shines from her hands, the man's wounds knit closed, and his eyes open wide with amazement.",
						"A dwarf crouches behind an outcrop, his black cloak making him nearly invisible in the night, and watches an orc war band celebrating its recent victory. Silently, he stalks into their midst and whispers an oath, and two orcs are dead before they even realize he is there.",
						"Silver hair shining in a shaft of light that seems to illuminate only him, an elf laughs with exultation. His spear flashes like his eyes as he jabs again and again at a twisted giant, until at last his light overcomes its hideous darkness.",
						"Whatever their origin and their mission, paladins are united by their oaths to stand against the forces of evil. Whether sworn before a god's altar and the witness of a priest, in a sacred glade before nature spirits and fey beings, or in a moment of desperation and grief with the dead as the only witness, a paladin's oath is a powerful bond. It is a source of power that turns a devout warrior into a blessed champion.",
						{
							"type": "entries",
							"name": "The Cause of Righteousness",
							"entries": [
								"A paladin swears to uphold justice and righteousness, to stand with the good things of the world against the encroaching darkness, and to hunt the forces of evil wherever they lurk. Different paladins focus on various aspects of the cause of righteousness, but all are bound by the oaths that grant them power to do their sacred work. Although many paladins are devoted to gods of good, a paladin's power comes as much from a commitment to justice itself as it does from a god.",
								"Paladins train for years to learn the skills of combat, mastering a variety of weapons and armor. Even so, their martial skills are secondary to the magical power they wield: power to heal the sick and injured, to smite the wicked and the undead, and to protect the innocent and those who join them in the fight for justice."
							]
						},
						{
							"type": "entries",
							"name": "Beyond the Mundane Life",
							"entries": [
								"Almost by definition, the life of a paladin is an adventuring life. Unless a lasting injury has taken him or her away from adventuring for a time, every paladin lives on the front lines of the cosmic struggle against evil. Fighters are rare enough among the ranks of the militias and armies of the world, but even fewer people can claim the true calling of a paladin. When they do receive the call, these warriors turn from their former occupations and take up arms to fight evil. Sometimes their oaths lead them into the service of the crown as leaders of elite groups of knights, but even then their loyalty is first to the cause of righteousness, not to crown and country.",
								"Adventuring paladins take their work seriously. A delve into an ancient ruin or dusty crypt can be a quest driven by a higher purpose than the acquisition of treasure. Evil lurks in dungeons and primeval forests, and even the smallest victory against it can tilt the cosmic balance away from oblivion."
							]
						},
						{
							"type": "entries",
							"name": "Creating a Paladin",
							"entries": [
								"The most important aspect of a paladin character is the nature of his or her holy quest. Although the class features related to your oath don't appear until you reach 3rd level, plan ahead for that choice by reading the oath descriptions at the end of the class. Are you a devoted servant of good, loyal to the gods of justice and honor, a holy knight in shining armor venturing forth to smite evil? Are you a glorious champion of the light, cherishing everything beautiful that stands against the shadow, a knight whose oath descends from traditions older than many of the gods? Or are you an embittered loner sworn to take vengeance on those who have done great evil, sent as an angel of death by the gods or driven by your need for revenge? Appendix B lists many deities worshiped by paladins throughout the multiverse, such as Torm, Tyr, Heironeous, Paladine, Kiri-Jolith, Dol Arrah, the Silver Flame, Bahamut, Athena, Re-Horakhty, and Heimdall.",
								"How did you experience your call to serve as a paladin? Did you hear a whisper from an unseen god or angel while you were at prayer? Did another paladin sense the potential within you and decide to train you as a squire? Or did some terrible event\u2014the destruction of your home, perhaps\u2014drive you to your quests? Perhaps you stumbled into a sacred grove or a hidden elven enclave and found yourself called to protect all such refuges of goodness and beauty. Or you might have known from your earliest memories that the paladin's life was your calling, almost as if you had been sent into the world with that purpose stamped on your soul.",
								"As guardians against the forces of wickedness, paladins are rarely of any evil alignment. Most of them walk the paths of charity and justice. Consider how your alignment colors the way you pursue your holy quest and the manner in which you conduct yourself before gods and mortals. Your oath and alignment might be in harmony, or your oath might represent standards of behavior that you have not yet attained.",
								{
									"type": "entries",
									"name": "Quick Build",
									"entries": [
										"You can make a paladin quickly by following these suggestions. First, Strength should be your highest ability score, followed by Charisma. Second, choose the {@background noble} background."
									]
								}
							]
						}
					],
					"page": 82,
					"source": "PHB"
				},
				{
					"type": "section",
					"entries": [
						{
							"type": "quote",
							"entries": [
								"The true worth of a paladin is measured not in foes defeated or dungeons plundered. It is measured in lives saved and hearts turned to the causes of mercy and justice."
							],
							"by": "Isteval"
						},
						"A paladin is a living embodiment of an oath\u2014a promise or a vow made manifest in the person of a holy warrior who has the skill and the determination to see the cause through to the end. Some paladins devote themselves expressly to protecting the innocent and spreading justice in the world, while others resolve to attain that goal by conquering those who stand defiant and bringing them under the rule of law.",
						"Although no paladin in the world could be described as typical, a number of them are narrow-minded do-gooders who refuse to tolerate even the smallest deviation from their own outlook. Paladins who take up the adventuring life, however, rarely remain so rigid in their attitudes\u2014if only to keep from alienating their companions.",
						"You can flesh out your paladin character by using the suggestions below. It's important to keep in mind that most paladins aren't robots. They have doubts and prejudices and harbor contradictory thoughts just as any other character does. Some are compelled by an internal motivation that might sometimes be at odds with the principles of their oaths.",
						{
							"type": "entries",
							"name": "Personal Goal",
							"entries": [
								"The precepts of a paladin's oath provide purpose to the character and dictate an ultimate goal or an overall intent that the paladin abides by and advances. Aside from that, some paladins are driven by a personal goal that either complements or transcends the dictates of their oaths. Paladins who swear different oaths might have the same personal goal, differing only in how they apply that goal to their actions when upholding their oaths.",
								"If your paladin character has a personal goal, it might be drawn from some life event and thus not directly tied to the oath.",
								{
									"type": "table",
									"caption": "Personal Goal",
									"colLabels": [
										"{@dice d6}",
										"Personal Goal"
									],
									"colStyles": [
										"col-1 text-center",
										"col-11"
									],
									"rows": [
										[
											{
												"type": "cell",
												"roll": {
													"exact": 1
												}
											},
											"Peace. You fight so that future generations will not have to."
										],
										[
											{
												"type": "cell",
												"roll": {
													"exact": 2
												}
											},
											"Revenge. Your oath is the vehicle through which you will right an ancient wrong."
										],
										[
											{
												"type": "cell",
												"roll": {
													"exact": 3
												}
											},
											"Duty. You will live up to what you have sworn to do, or die trying."
										],
										[
											{
												"type": "cell",
												"roll": {
													"exact": 4
												}
											},
											"Leadership. You will win a great battle that bards will sing about, and in so doing, you will become an example to inspire others."
										],
										[
											{
												"type": "cell",
												"roll": {
													"exact": 5
												}
											},
											"Faith. You know your path is righteous, or else the gods would not have set you upon it."
										],
										[
											{
												"type": "cell",
												"roll": {
													"exact": 6
												}
											},
											"Glory. You will lead the world into a grand new era, one that will be branded with your name."
										]
									]
								}
							]
						},
						{
							"type": "entries",
							"name": "Symbol",
							"entries": [
								"Paladins are mindful of the influence of symbols, and many of them adopt or design an artistic device that bears a distinctive image. Your symbol exemplifies the oath you have taken and communicates that message to those around you, friend and foe alike.",
								"Your symbol might be displayed on a banner, a flag, or your clothing for all to see. Or it could be less obvious, such as a trinket or a token that you carry concealed on your person.",
								{
									"type": "table",
									"caption": "Symbol",
									"colLabels": [
										"{@dice d6}",
										"Symbol"
									],
									"colStyles": [
										"col-1 text-center",
										"col-11"
									],
									"rows": [
										[
											{
												"type": "cell",
												"roll": {
													"exact": 1
												}
											},
											"A dragon, emblematic of your nobility in peace and your ferocity in combat"
										],
										[
											{
												"type": "cell",
												"roll": {
													"exact": 2
												}
											},
											"A clenched fist, because you are always ready to fight for your beliefs"
										],
										[
											{
												"type": "cell",
												"roll": {
													"exact": 3
												}
											},
											"An upraised open hand, indicating your preference for diplomacy over combat"
										],
										[
											{
												"type": "cell",
												"roll": {
													"exact": 4
												}
											},
											"A red heart, showing the world your commitment to justice"
										],
										[
											{
												"type": "cell",
												"roll": {
													"exact": 5
												}
											},
											"A black heart, signifying that emotions such as pity do not sway your dedication to your oath"
										],
										[
											{
												"type": "cell",
												"roll": {
													"exact": 6
												}
											},
											"An unblinking eye, meaning that you are ever alert to all threats against your cause"
										]
									]
								}
							]
						},
						{
							"type": "entries",
							"name": "Nemesis",
							"entries": [
								"Their adherence to a sacred oath demands that paladins take an active stance in carrying their beliefs into the world. This activity naturally leads to conflict with creatures or entities that oppose those beliefs. Among those opponents, one often stands out as a paladin's most persistent or most formidable foe\u2014a nemesis whose presence or influence is a constant factor in a paladin's life.",
								"Your paladin character might have an enemy that dates from the days before you took up your path. Or you could be a target because when you became a paladin, you immediately attracted the attention of those that would do you in. If you have a nemesis, who or what is it? Whom among your enemies do you consider to be the biggest threat to achieving your goals?",
								{
									"type": "table",
									"caption": "Nemesis",
									"colLabels": [
										"{@dice d6}",
										"Nemesis"
									],
									"colStyles": [
										"col-1 text-center",
										"col-11"
									],
									"rows": [
										[
											{
												"type": "cell",
												"roll": {
													"exact": 1
												}
											},
											"A mighty orc war chief who threatens to overrun and destroy everything you hold sacred"
										],
										[
											{
												"type": "cell",
												"roll": {
													"exact": 2
												}
											},
											"A fiend or a celestial, the agent of a power of the Outer Planes, who has been charged with corrupting or redeeming you, as appropriate"
										],
										[
											{
												"type": "cell",
												"roll": {
													"exact": 3
												}
											},
											"A dragon whose servants dog your steps"
										],
										[
											{
												"type": "cell",
												"roll": {
													"exact": 4
												}
											},
											"A high priest who sees you as a misguided fool and wants you to abandon your religion"
										],
										[
											{
												"type": "cell",
												"roll": {
													"exact": 5
												}
											},
											"A rival paladin who trained with you but became an oath-breaker and holds you responsible"
										],
										[
											{
												"type": "cell",
												"roll": {
													"exact": 6
												}
											},
											"A vampire who has sworn revenge against all paladins after being defeated by one"
										]
									]
								}
							]
						},
						{
							"type": "entries",
							"name": "Temptation",
							"entries": [
								"Although paladins are dedicated to their oaths, they are mortals, and thus they are flawed. Many of them exhibit a type of behavior or hold to an attitude that is not in keeping with the highest ideals of their calling.",
								"What is the temptation that your character succumbs to or finds it difficult to resist?",
								{
									"type": "table",
									"caption": "Temptation",
									"colLabels": [
										"{@dice d6}",
										"Temptation"
									],
									"colStyles": [
										"col-1 text-center",
										"col-11"
									],
									"rows": [
										[
											{
												"type": "cell",
												"roll": {
													"exact": 1
												}
											},
											"Fury. When your anger is roused, you have trouble thinking straight, and you fear you might do something you'll regret."
										],
										[
											{
												"type": "cell",
												"roll": {
													"exact": 2
												}
											},
											"Pride. Your deeds are noteworthy, and no one takes note of them more often than you."
										],
										[
											{
												"type": "cell",
												"roll": {
													"exact": 3
												}
											},
											"Lust. You can't resist an attractive face and a pleasant smile."
										],
										[
											{
												"type": "cell",
												"roll": {
													"exact": 4
												}
											},
											"Envy. You are mindful of what some famous folk have accomplished, and you feel inadequate when your deeds don't compare to theirs."
										],
										[
											{
												"type": "cell",
												"roll": {
													"exact": 5
												}
											},
											"Despair. You consider the great strength of the enemies you must defeat, and at times you see no way to achieve final victory."
										],
										[
											{
												"type": "cell",
												"roll": {
													"exact": 6
												}
											},
											"Greed. Regardless of how much glory and treasure you amass, it's never enough for you."
										]
									]
								}
							]
						}
					],
					"source": "XGE",
					"page": 36
				}
			]
		}
	],
	"subclass": [
		{
			"name": "Oath of Devotion",
			"shortName": "Devotion",
			"source": "PHB",
			"className": "Paladin",
			"classSource": "PHB",
			"page": 85,
			"srd": true,
			"additionalSpells": [
				{
					"prepared": {
						"3": [
							"protection from evil and good",
							"shield of faith"
						],
						"5": [
							"aid",
							"zone of truth"
						],
						"9": [
							"aura of vitality",
							"blinding smite"
						],
						"13": [
							"guardian of faith",
							"staggering smite"
						],
						"17": [
							"commune",
							"flame strike"
						]
					}
				}
			],
			"subclassFeatures": [
				"Oath of Devotion|Paladin||Devotion||3",
				"Aura of Devotion|Paladin||Devotion||7",
				"Holy Nimbus|Paladin||Devotion||15"
			]
		},
		{
			"name": "Oath of the Ancients",
			"shortName": "Ancients",
			"source": "PHB",
			"className": "Paladin",
			"classSource": "PHB",
			"page": 86,
			"additionalSpells": [
				{
					"prepared": {
						"3": [
							"ensnaring strike",
							"speak with animals"
						],
						"5": [
							"moonbeam",
							"misty step"
						],
						"9": [
							"plant growth",
							"protection from energy"
						],
						"13": [
							"ice storm",
							"stoneskin"
						],
						"17": [
							"commune with nature",
							"tree stride"
						]
					}
				}
			],
			"subclassFeatures": [
				"Oath of the Ancients|Paladin||Ancients||3",
				"Aura of Warding|Paladin||Ancients||7",
				"Elder Champion|Paladin||Ancients||15"
			]
		},
		{
			"name": "Oathbreaker",
			"shortName": "Oathbreaker",
			"source": "DMG",
			"className": "Paladin",
			"classSource": "PHB",
			"page": 97,
			"additionalSpells": [
				{
					"prepared": {
						"3": [
							"hellish rebuke",
							"inflict wounds"
						],
						"5": [
							"crown of madness",
							"darkness"
						],
						"9": [
							"animate dead",
							"bestow curse"
						],
						"13": [
							"blight",
							"confusion"
						],
						"17": [
							"contagion",
							"dominate person"
						]
					}
				}
			],
			"subclassFeatures": [
				"Oathbreaker|Paladin||Oathbreaker|DMG|3",
				"Aura of Hate|Paladin||Oathbreaker|DMG|7",
				"Dread Lord|Paladin||Oathbreaker|DMG|15"
			]
		},
		{
			"name": "Oath of Glory",
			"shortName": "Glory",
			"source": "TCE",
			"className": "Paladin",
			"classSource": "PHB",
			"page": 53,
			"otherSources": [
				{
					"source": "MOT",
					"page": 29
				}
			],
			"additionalSpells": [
				{
					"prepared": {
						"3": [
							"guiding bolt",
							"heroism"
						],
						"5": [
							"enhance ability",
							"magic weapon"
						],
						"9": [
							"haste",
							"protection from energy"
						],
						"13": [
							"compulsion",
							"freedom of movement"
						],
						"17": [
							"commune",
							"flame strike"
						]
					}
				}
			],
			"subclassFeatures": [
				"Oath of Glory|Paladin||Glory|TCE|3",
				"Aura of Alacrity|Paladin||Glory|TCE|7",
				"Living Legend|Paladin||Glory|TCE|15"
			]
		},
		{
			"name": "Oath of Conquest",
			"shortName": "Conquest",
			"source": "XGE",
			"className": "Paladin",
			"classSource": "PHB",
			"page": 37,
			"additionalSpells": [
				{
					"prepared": {
						"3": [
							"armor of Agathys",
							"command"
						],
						"5": [
							"hold person",
							"spiritual weapon"
						],
						"9": [
							"bestow curse",
							"fear"
						],
						"13": [
							"dominate beast",
							"stoneskin"
						],
						"17": [
							"cloudkill",
							"dominate person"
						]
					}
				}
			],
			"subclassFeatures": [
				"Oath of Conquest|Paladin||Conquest|XGE|3",
				"Aura of Conquest|Paladin||Conquest|XGE|7",
				"Invincible Conqueror|Paladin||Conquest|XGE|15"
			]
		},
		{
			"name": "Oath of the Open Sea",
			"shortName": "Open Sea",
			"source": "PHB",
			"className": "Paladin",
			"classSource": "PHB",
			"page": 174,
			"additionalSpells": [
				{
					"prepared": {
						"3": [
							"create or destroy water",
							"expeditious retreat"
						],
						"5": [
							"augury",
							"misty step"
						],
						"9": [
							"call lightning",
							"tidal wave"
						],
						"13": [
							"control water",
							"freedom of movement"
						],
						"17": [
							"commune with nature",
							"conjure elemental"
						]
					}
				}
			],
			"subclassFeatures": [
				"Oath of the Open Sea|Paladin|PHB|Open Sea|PHB|3",
				"Aura of Liberation|Paladin|PHB|Open Sea|PHB|7",
				"Mythic Swashbuckler|Paladin|PHB|Open Sea|PHB|15"
			]
		}
	],
	"classFeature": [
		{
			"name": "Divine Sense",
			"source": "PHB",
			"page": 82,
			"srd": true,
			"className": "Paladin",
			"classSource": "PHB",
			"level": 1,
			"entries": [
				"The presence of strong evil registers on your senses like a noxious odor, and powerful good rings like heavenly music in your ears. As an action, you can open your awareness to detect such forces. Until the end of your next turn, you know the location of any celestial, fiend, or undead within 60 feet of you that is not behind total cover. You know the type (celestial, fiend, or undead) of any being whose presence you sense, but not its identity (the vampire Count Strahd von Zarovich, for instance). Within the same radius, you also detect the presence of any place or object that has been consecrated or desecrated, as with the {@spell hallow} spell.",
				"You can use this feature a number of times equal to 1 + your Charisma modifier. When you finish a long rest, you regain all expended uses."
			]
		},
		{
			"name": "Lay on Hands",
			"source": "PHB",
			"page": 82,
			"srd": true,
			"className": "Paladin",
			"classSource": "PHB",
			"level": 1,
			"entries": [
				"Your blessed touch can heal wounds. You have a pool of healing power that replenishes when you take a long rest. With that pool, you can restore a total number of hit points equal to your paladin level × 5.",
				"As an action, you can touch a creature and draw power from the pool to restore a number of hit points to that creature, up to the maximum amount remaining in your pool.",
				"Alternatively, you can expend 5 hit points from your pool of healing to cure the target of one disease or neutralize one poison affecting it. You can cure multiple diseases and neutralize multiple poisons with a single use of Lay on Hands, expending hit points separately for each one.",
				"This feature has no effect on undead and constructs."
			]
		},
		{
			"name": "Divine Smite",
			"source": "PHB",
			"page": 82,
			"srd": true,
			"className": "Paladin",
			"classSource": "PHB",
			"level": 2,
			"entries": [
				"Starting at 2nd level, when you hit a creature with a melee weapon attack for the first time in your turn, you can expend one spell slot to deal radiant damage to the target, in addition to the weapon's damage. The extra damage is {@dice 2d8} for a 1st-level spell slot, plus {@dice 1d8} for each spell level higher than 1st, to a maximum of {@dice 5d8}. The damage increases by {@dice 1d8} if the target is an undead or a fiend, to a maximum of {@dice 6d8}."
			]
		},
		{
			"name": "Fighting Style",
			"source": "PHB",
			"page": 82,
			"srd": true,
			"className": "Paladin",
			"classSource": "PHB",
			"level": 2,
			"entries": [
				"At 2nd level, you adopt a particular style of fighting as your specialty. Choose one of the following options. You can't take the same Fighting Style option more than once, even if you get to choose again.",
				{
					"type": "options",
					"count": 1,
					"entries": [
						{
							"type": "refOptionalfeature",
							"optionalfeature": "Defense"
						},
						{
							"type": "refOptionalfeature",
							"optionalfeature": "Dueling"
						},
						{
							"type": "refOptionalfeature",
							"optionalfeature": "Great Weapon Fighting"
						},
						{
							"type": "refOptionalfeature",
							"optionalfeature": "Protection"
						},
						{
							"type": "refOptionalfeature",
							"optionalfeature": "Blind Fighting|TCE"
						},
						{
							"type": "refOptionalfeature",
							"optionalfeature": "Interception|TCE"
						}
					]
				}
			]
		},
		{
			"name": "Martial Versatility",
			"source": "UAClassFeatureVariants",
			"page": 12,
			"className": "Paladin",
			"classSource": "PHB",
			"level": 2,
			"isClassFeatureVariant": true,
			"entries": [
				"{@i 2nd-level feature (enhances Fighting Style)}",
				"Whenever you gain a level in this class, you can replace a fighting style you know with another style available to your class. This change represents a shift of focus in your martial training and practice, causing you to lose the benefits of one style and gain the benefits of another style."
			]
		},
		{
			"name": "Spellcasting",
			"source": "PHB",
			"page": 82,
			"srd": true,
			"className": "Paladin",
			"classSource": "PHB",
			"level": 2,
			"entries": [
				"By 2nd level, you have learned to draw on divine magic through meditation and prayer to cast spells as a cleric does. See {@book chapter 10|PHB|10} for the general rules of spellcasting and {@book chapter 11|PHB|11} for the {@filter paladin spell list|spells|class=paladin}.",
				{
					"type": "entries",
					"name": "Cantrips",
					"entries": [
						"You can prepare two Cantrips, you learn one extra at 10th level and another at 14th level. You choose them from the Cleric Spell list."
					]
				},
				{
					"type": "entries",
					"name": "Spell Slots",
					"entries": [
						"Your Class table shows how many spell slots you have to cast your spells of 1st level and higher. To cast one of these spells, you must expend a slot of the spell's level or higher. You regain all expended spell slots when you finish a long rest."
					]
				},
				{
					"type": "entries",
					"name": "Preparing and Casting Spells",
					"entries": [
						"Whenever you finish a Long Rest, you can replace any spell you have prepared for this Class with another Spell from {@filter paladin spells|spells|class=paladin}. At higher levels in this Class, you can prepare more Spells. The amount of spells you can prepare is equal to your Charisma modifier + half your paladin level, rounded down (minimum of 1). Additionally, you will always have the {@spell compelled duel} that won’t count to your Spells prepared, additionally it doesn’t require concentration.",
						"For example, if you are a 5th-level paladin, you have four 1st-level and two 2nd-level spell slots. With a Charisma of 14, your list of prepared spells can include four spells of 1st or 2nd-level, in any combination. If you prepare the 1st-level spell {@spell cure wounds}, you can cast it using a 1st-level or a 2nd-level slot. Casting the spell doesn't remove it from your list of prepared spells."
					]
				},
				{
					"type": "entries",
					"name": "Spellcasting Ability",
					"entries": [
						"Charisma is your spellcasting ability for your paladin spells, since their power derives from the strength of your convictions. You use your Charisma whenever a spell refers to your spellcasting ability. In addition, you use your Charisma modifier when setting the saving throw DC for a paladin spell you cast and when making an attack roll with one.",
						{
							"type": "abilityDc",
							"name": "Spell",
							"attributes": [
								"cha"
							]
						},
						{
							"type": "abilityAttackMod",
							"name": "Spell",
							"attributes": [
								"cha"
							]
						}
					]
				},
				{
					"type": "entries",
					"name": "Spellcasting Focus",
					"entries": [
						"You can use a {@item holy symbol|phb} as a spellcasting focus for your paladin spells."
					]
				}
			]
		},
		{
			"name": "Channel Divinity",
			"source": "PHB",
			"page": 82,
			"srd": true,
			"className": "Paladin",
			"classSource": "PHB",
			"level": 3,
			"entries": [
				"Your oath allows you to channel divine energy to fuel magical effects. Each Channel Divinity option provided by your oath explains how to use it.",
				"When you use your Channel Divinity, you choose which option to use. You must then finish a short or long rest to use your Channel Divinity again.",
				"Some Channel Divinity effects require saving throws. When you use such an effect from this class, the DC equals your paladin spell save DC."
			]
		},
		{
			"name": "Harness Divine Power",
			"source": "TCE",
			"page": 52,
			"className": "Paladin",
			"classSource": "PHB",
			"level": 3,
			"entries": [
				"You can expend a use of your Channel Divinity to fuel your spells. As a bonus action, you touch your holy symbol, utter a prayer, and regain one expended spell slot, the level of which can be no higher than half your proficiency bonus (rounded up). The number of times you can use this feature is based on the level you've reached in this class: 3rd level, once; 7th level, twice; and 15th level, thrice. You regain all expended uses when you finish a long rest."
			]
		},
		{
			"name": "Channel Divinity: Harness Divine Power",
			"source": "UAClassFeatureVariants",
			"page": 6,
			"className": "Paladin",
			"classSource": "PHB",
			"level": 3,
			"isClassFeatureVariant": true,
			"entries": [
				"{@i 3rd-level paladin feature (enhances Channel Divinity)}",
				"You can expend a use of your Channel Divinity to fuel your spells. As a bonus action, you touch your holy symbol, utter a prayer, and regain one expended 1st-level spell slot."
			]
		},
		{
			"name": "Divine Health",
			"source": "PHB",
			"page": 82,
			"srd": true,
			"className": "Paladin",
			"classSource": "PHB",
			"level": 3,
			"entries": [
				"By 3rd level, the divine magic flowing through you makes you immune to disease."
			]
		},
		{
			"name": "Sacred Oath",
			"source": "PHB",
			"page": 82,
			"srd": true,
			"className": "Paladin",
			"classSource": "PHB",
			"level": 3,
			"entries": [
				"When you reach 3rd level, you swear the oath that binds you as a paladin forever. Up to this time you have been in a preparatory stage, committed to the path but not yet sworn to it. Now you choose from the list of available oaths.",
				"Your choice grants you features at 3rd level and again at 7th, 15th, and 20th level. Those features include oath spells and the Channel Divinity feature.",
				{
					"name": "Oath Spells",
					"type": "entries",
					"entries": [
						"The magic of your oath gives you the following benefits:",
						{
							"type": "entries",
							"name": "Prepared Spells",
							"entries": [
								"You always have certain spells ready; when you reach a Paladin level specified in your Oath Spells Table, you thereafter always have the listed spells prepared. These spells don't count against the number of spells you can prepare, and they follow the rules of this class's Spellcasting feature."
							]
						},
						{
							"type": "entries",
							"name": "Divine Casting",
							"entries": [
								"You can cast one of your Oaths spells without expending a Spell Slot, then you must finish a Long Rest before you use this benefit again."
							]
						}
					]
				},
				{
					"type": "refClassFeature",
					"classFeature": "Channel Divinity|Paladin||3"
				},
				{
					"type": "refClassFeature",
					"classFeature": "Harness Divine Power|Paladin||3|TCE"
				},
				{
					"name": "Breaking Your Oath",
					"type": "inset",
					"entries": [
						"A paladin tries to hold to the highest standards of conduct, but even the most virtuous paladin is fallible. Sometimes the right path proves too demanding, sometimes a situation calls for the lesser of two evils, and sometimes the heat of emotion causes a paladin to transgress his or her oath.",
						"A paladin who has broken a vow typically seeks absolution from a cleric who shares his or her faith or from another paladin of the same order. The paladin might spend an all-night vigil in prayer as a sign of penitence, or undertake a fast or similar act of self-denial. After a rite of confession and forgiveness, the paladin starts fresh.",
						"If a paladin willfully violates his or her oath and shows no sign of repentance, the consequences can be more serious. At the DM's discretion, an impenitent paladin might be forced to abandon this class and adopt another, or perhaps to take the Oathbreaker paladin option that appears in the Dungeon Master's Guide."
					]
				}
			]
		},
		{
			"name": "Ability Score Improvement",
			"source": "PHB",
			"page": 82,
			"srd": true,
			"className": "Paladin",
			"classSource": "PHB",
			"level": 4,
			"entries": [
				"When you reach 4th level, you can increase one ability score of your choice by 2, or you can increase two ability scores of your choice by 1. As normal, you can't increase an ability score above 20 using this feature.",
				"If your DM allows the use of feats, you may instead take a {@5etools feat|feats.html}."
			]
		},
		{
			"name": "Proficiency Versatility",
			"source": "UAClassFeatureVariants",
			"page": 1,
			"className": "Paladin",
			"classSource": "PHB",
			"level": 4,
			"isClassFeatureVariant": true,
			"entries": [
				"{@i 4th-level feature (enhances Ability Score Improvement)}",
				"When you gain the Ability Score Improvement feature from your class, you can also replace one of your skill proficiencies with a skill proficiency offered by your class at 1st level (the proficiency you replace needn't be from the class).",
				"This change represents one of your skills atrophying as you focus on a different skill."
			]
		},
		{
			"name": "Extra Attack",
			"source": "PHB",
			"page": 82,
			"srd": true,
			"className": "Paladin",
			"classSource": "PHB",
			"level": 5,
			"entries": [
				"Beginning at 5th level, you can attack twice, instead of once, whenever you take the {@action Attack} action on your turn."
			]
		},
		{
			"name": "Aura of Protection",
			"source": "PHB",
			"page": 82,
			"srd": true,
			"className": "Paladin",
			"classSource": "PHB",
			"level": 6,
			"entries": [
				"Starting at 6th level, whenever you or a friendly creature within 10 feet of you must make a saving throw, the creature gains a bonus to the saving throw equal to your Charisma modifier (with a minimum bonus of +1). You must be conscious to grant this bonus.",
				"At 18th level, the range of this aura increases to 30 feet."
			]
		},
		{
			"name": "Sacred Oath feature",
			"source": "PHB",
			"page": 82,
			"srd": true,
			"className": "Paladin",
			"classSource": "PHB",
			"level": 7,
			"entries": [
				"At 7th level, you gain a feature granted to you by your Sacred Oath."
			]
		},
		{
			"name": "Ability Score Improvement",
			"source": "PHB",
			"page": 82,
			"srd": true,
			"className": "Paladin",
			"classSource": "PHB",
			"level": 8,
			"entries": [
				"When you reach 8th level, you can increase one ability score of your choice by 2, or you can increase two ability scores of your choice by 1. As normal, you can't increase an ability score above 20 using this feature.",
				"If your DM allows the use of feats, you may instead take a {@5etools feat|feats.html}."
			]
		},
		{
			"name": "Proficiency Versatility",
			"source": "UAClassFeatureVariants",
			"page": 1,
			"className": "Paladin",
			"classSource": "PHB",
			"level": 8,
			"isClassFeatureVariant": true,
			"entries": [
				"{@i 8th-level feature (enhances Ability Score Improvement)}",
				"When you gain the Ability Score Improvement feature from your class, you can also replace one of your skill proficiencies with a skill proficiency offered by your class at 1st level (the proficiency you replace needn't be from the class).",
				"This change represents one of your skills atrophying as you focus on a different skill."
			]
		},
		{
			"name": "Aura of Courage",
			"source": "PHB",
			"page": 82,
			"srd": true,
			"className": "Paladin",
			"classSource": "PHB",
			"level": 10,
			"entries": [
				"Starting at 10th level, you and friendly creatures within 10 feet of you can't be {@condition frightened} while you are conscious.",
				"At 18th level, the range of this aura increases to 30 feet."
			]
		},
		{
			"name": "Improved Divine Smite",
			"source": "PHB",
			"page": 82,
			"srd": true,
			"className": "Paladin",
			"classSource": "PHB",
			"level": 11,
			"entries": [
				"By 11th level, you are so suffused with righteous might that all your melee weapon strikes carry divine power with them. Whenever you hit a creature with a melee weapon, the creature takes an extra {@damage 1d8} radiant damage."
			]
		},
		{
			"name": "Ability Score Improvement",
			"source": "PHB",
			"page": 82,
			"srd": true,
			"className": "Paladin",
			"classSource": "PHB",
			"level": 12,
			"entries": [
				"When you reach 12th level, you can increase one ability score of your choice by 2, or you can increase two ability scores of your choice by 1. As normal, you can't increase an ability score above 20 using this feature.",
				"If your DM allows the use of feats, you may instead take a {@5etools feat|feats.html}."
			]
		},
		{
			"name": "Proficiency Versatility",
			"source": "UAClassFeatureVariants",
			"page": 1,
			"className": "Paladin",
			"classSource": "PHB",
			"level": 12,
			"isClassFeatureVariant": true,
			"entries": [
				"{@i 12th-level feature (enhances Ability Score Improvement)}",
				"When you gain the Ability Score Improvement feature from your class, you can also replace one of your skill proficiencies with a skill proficiency offered by your class at 1st level (the proficiency you replace needn't be from the class).",
				"This change represents one of your skills atrophying as you focus on a different skill."
			]
		},
		{
			"name": "Cleansing Touch",
			"source": "PHB",
			"page": 82,
			"srd": true,
			"className": "Paladin",
			"classSource": "PHB",
			"level": 14,
			"entries": [
				"Beginning at 14th level, you can use your action to end one spell on yourself or on one willing creature that you touch.",
				"You can use this feature a number of times equal to your Charisma modifier (a minimum of once). You regain expended uses when you finish a long rest."
			]
		},
		{
			"name": "Sacred Oath feature",
			"source": "PHB",
			"page": 82,
			"srd": true,
			"className": "Paladin",
			"classSource": "PHB",
			"level": 15,
			"entries": [
				"At 15th level, you gain a feature granted to you by your Sacred Oath."
			]
		},
		{
			"name": "Ability Score Improvement",
			"source": "PHB",
			"page": 82,
			"srd": true,
			"className": "Paladin",
			"classSource": "PHB",
			"level": 16,
			"entries": [
				"When you reach 16th level, you can increase one ability score of your choice by 2, or you can increase two ability scores of your choice by 1. As normal, you can't increase an ability score above 20 using this feature.",
				"If your DM allows the use of feats, you may instead take a {@5etools feat|feats.html}."
			]
		},
		{
			"name": "Proficiency Versatility",
			"source": "UAClassFeatureVariants",
			"page": 1,
			"className": "Paladin",
			"classSource": "PHB",
			"level": 16,
			"isClassFeatureVariant": true,
			"entries": [
				"{@i 16th-level feature (enhances Ability Score Improvement)}",
				"When you gain the Ability Score Improvement feature from your class, you can also replace one of your skill proficiencies with a skill proficiency offered by your class at 1st level (the proficiency you replace needn't be from the class).",
				"This change represents one of your skills atrophying as you focus on a different skill."
			]
		},
		{
			"name": "Aura improvements",
			"source": "PHB",
			"page": 82,
			"srd": true,
			"className": "Paladin",
			"classSource": "PHB",
			"level": 18,
			"entries": [
				"At 18th level, the range of your Auras increases to 30 feet."
			]
		},
		{
			"name": "Ability Score Improvement",
			"source": "PHB",
			"page": 82,
			"srd": true,
			"className": "Paladin",
			"classSource": "PHB",
			"level": 19,
			"entries": [
				"When you reach 19th level, you can increase one ability score of your choice by 2, or you can increase two ability scores of your choice by 1. As normal, you can't increase an ability score above 20 using this feature.",
				"If your DM allows the use of feats, you may instead take a {@5etools feat|feats.html}."
			]
		},
		{
			"name": "Proficiency Versatility",
			"source": "UAClassFeatureVariants",
			"page": 1,
			"className": "Paladin",
			"classSource": "PHB",
			"level": 19,
			"isClassFeatureVariant": true,
			"entries": [
				"{@i 19th-level feature (enhances Ability Score Improvement)}",
				"When you gain the Ability Score Improvement feature from your class, you can also replace one of your skill proficiencies with a skill proficiency offered by your class at 1st level (the proficiency you replace needn't be from the class).",
				"This change represents one of your skills atrophying as you focus on a different skill."
			]
		},
		{
			"name": "Sacred Warrior",
			"source": "PHB",
			"page": 82,
			"srd": true,
			"className": "Paladin",
			"classSource": "PHB",
			"level": 20,
			"entries": [
				"At 20th level, whenever you roll Initiative, you regain one use of this class’s Channel Divinity."
			]
		}
	],
	"subclassFeature": [
		{
			"name": "Oath of the Open Sea",
			"source": "PHB",
			"page": 174,
			"className": "Paladin",
			"classSource": "PHB",
			"subclassShortName": "Open Sea",
			"subclassSource": "PHB",
			"level": 3,
			"header": 1,
			"entries": [
				"The Oath of the Open Sea calls to seafaring warriors, swashbuckling sailors, and traveling guardians who seek the thrill of a limitless horizon. Driven to search for adventure and mystery across and beneath every endless oceanic expanse, paladins who swear this oath stand against those who would deny liberty to likeminded travelers, rooting out tyranny and corruption wherever it is found.",
				"Such guardians believe in the natural beauty of the sea, often making offerings and prayers to entities or deities such as the {@deity The Wildmother|Exandria|PHB|Wildmother} or the {@deity The Stormlord|Exandria|PHB|Stormlord} who influence safe passage. At the same time, they answer the call to hunt the monstrous creatures that too often bloody the waters with wanton violence and ill intent, and which terrorize the folk of the sea and shore.",
				{
					"type": "refSubclassFeature",
					"subclassFeature": "Tenets of the Open Sea|Paladin|PHB|Open Sea|PHB|3"
				},
				{
					"type": "refSubclassFeature",
					"subclassFeature": "Oath Spells|Paladin|PHB|Open Sea|PHB|3"
				},
				{
					"type": "refSubclassFeature",
					"subclassFeature": "Channel Divinity|Paladin|PHB|Open Sea|PHB|3"
				}
			]
		},
		{
			"name": "Channel Divinity",
			"source": "PHB",
			"page": 175,
			"className": "Paladin",
			"classSource": "PHB",
			"subclassShortName": "Open Sea",
			"subclassSource": "PHB",
			"level": 3,
			"header": 2,
			"consumes": {
				"name": "Channel Divinity"
			},
			"entries": [
				"When you take this oath at 3rd level, you gain the following two Channel Divinity options.",
				{
					"type": "entries",
					"name": "Marine Layer",
					"page": 175,
					"entries": [
						"As an action, you channel the sea to create a thick cloud of fog that surrounds you for 20 feet in all directions. The fog moves with you, remaining centered on you and making its area heavily obscured. You and each creature within 5 feet of you instead treat the area as lightly obscured. This fog lasts for 10 minutes, spreads around corners, and cannot be dispersed unless you choose to end this effect (no action required)."
					]
				},
				{
					"type": "entries",
					"name": "Fury of the Tides",
					"page": 175,
					"entries": [
						"As a bonus action, you channel the powerful might of the waves to bolster your attacks for 1 minute. Once per turn for the duration, when you hit a creature with a weapon attack, you can choose to push the target 10 feet away from you. If pushed into an obstacle or another creature, the target takes bludgeoning damage equal to your Charisma modifier."
					]
				},
				{
					"type": "inset",
					"name": "Rules Tip: Visibility",
					"page": 175,
					"entries": [
						"Fog and other effects can obscure vision for you, your enemies, and your allies. When you heavily obscure an area using your Marine Layer Channel Divinity option, all creatures within the area have their vision completely blocked, and creatures outside the area can't see in. Creatures that can't see automatically fail {@quickref ability checks|PHB|2|0} that require sight. Also, attack rolls against creatures that can't see have {@quickref Advantage and Disadvantage|PHB|2|0|advantage}, and their own attack rolls have {@quickref Advantage and Disadvantage|PHB|2|0|disadvantage}.",
						"Creatures in a lightly obscured area have {@quickref Advantage and Disadvantage|PHB|2|0|disadvantage} only on Wisdom ({@skill Perception}) checks that rely on sight. The rules for when your vision is obscured are described completely in the fifth edition core rules."
					]
				}
			]
		},
		{
			"name": "Oath Spells",
			"source": "PHB",
			"page": 175,
			"className": "Paladin",
			"classSource": "PHB",
			"subclassShortName": "Open Sea",
			"subclassSource": "PHB",
			"level": 3,
			"header": 2,
			"entries": [
				"You gain oath spells at the paladin levels listed in the Oath of the Open Sea Spells table. Spells marked with an asterisk are new spells described on the {@filter spells page|spells|source=PHB}.",
				{
					"type": "table",
					"caption": "Oath of the Open Sea Spells",
					"colLabels": [
						"Paladin Level",
						"Spells"
					],
					"colStyles": [
						"col-2 text-center",
						"col-10"
					],
					"rows": [
						[
							"3rd",
							"{@spell create or destroy water}, {@spell expeditious retreat}"
						],
						[
							"5th",
							"{@spell augury}, {@spell misty step}"
						],
						[
							"9th",
							"{@spell call lightning}, {@spell tidal wave}"
						],
						[
							"13th",
							"{@spell control water}, {@spell freedom of movement}"
						],
						[
							"17th",
							"{@spell commune with nature}, {@spell Conjure Elemental} (water and air elemental only)"
						]
					]
				}
			]
		},
		{
			"name": "Tenets of the Open Sea",
			"source": "PHB",
			"page": 174,
			"className": "Paladin",
			"classSource": "PHB",
			"subclassShortName": "Open Sea",
			"subclassSource": "PHB",
			"level": 3,
			"header": 2,
			"entries": [
				"Freedom can be a selfless virtue or a selfish want. For paladins who swear the Oath of the Open Sea, freedom is the highest calling, and a gift to be granted to all.",
				{
					"type": "entries",
					"name": "No Greater Life than a Life Lived Free",
					"page": 175,
					"entries": [
						"One should be free to chart their own path without oppression. Those who would exert their power to dominate others shall be smote."
					]
				},
				{
					"type": "entries",
					"name": "Trust the Skies",
					"page": 175,
					"entries": [
						"The guidance of a strong breeze. The rumbling warnings of a coming storm. Nature is a source of portent and council that should be heeded."
					]
				},
				{
					"type": "entries",
					"name": "Adapt Like the Water",
					"page": 175,
					"entries": [
						"The waters of the ocean can shift around any obstacle\u2014or become the most impassable obstacle of all. They carve away the land to reveal the secrets of the past, or swallow the truth and hide it forever. To embrace this fluidity is to be ready for any challenge."
					]
				},
				{
					"type": "entries",
					"name": "Explore the Uncharted",
					"page": 175,
					"entries": [
						"The world is filled with mystery. Through the pursuit of enigmatic ends, one can uncover those who hide their foul deeds, and find the path to becoming something great."
					]
				}
			]
		},
		{
			"name": "Aura of Liberation",
			"source": "PHB",
			"page": 175,
			"className": "Paladin",
			"classSource": "PHB",
			"subclassShortName": "Open Sea",
			"subclassSource": "PHB",
			"level": 7,
			"header": 2,
			"entries": [
				"Starting at 7th level, you and your allies cannot be {@condition grappled} or {@condition restrained}, and {@quickref Underwater Combat|PHB|3|0|ignore penalties on movement and attacks while underwater}, while in your Aura of Protection.",
				"Creatures that are already {@condition grappled} or {@condition restrained} when they enter the aura can spend 5 feet of movement to automatically escape unless they are bound by magic restraints."
			]
		},
		{
			"name": "Mythic Swashbuckler",
			"source": "PHB",
			"page": 175,
			"className": "Paladin",
			"classSource": "PHB",
			"subclassShortName": "Open Sea",
			"subclassSource": "PHB",
			"level": 15,
			"header": 2,
			"entries": [
				"Beginning at 15th level, as a bonus action, you can imbue your Aura of Protection with holy power. The aura gains the following benefits for 1 minute or until you end them as a Bonus Action: ",
				{
					"type": "list",
					"items": [
						{
							"type": "entries",
							"name": "Mythic Duel",
							"entries":[
								"If you are within 5 feet of a creature and no other creatures are within 5 feet of you, you have advantage on attack rolls against that creature."
							]
						},
						{
							"type": "entries",
							"name": "Cunning Action",
							"entries":[
								" You can take the Dash or Disengage action as a bonus action."
							]
						}
					]
				},
				"Once you use this feature, you can’t use it again until you finish a Long Rest unless you expend a Spell Slot of at least 4th level when you use it again."
			]
		},
		{
			"name": "Oath of Conquest",
			"source": "XGE",
			"page": 37,
			"className": "Paladin",
			"classSource": "PHB",
			"subclassShortName": "Conquest",
			"subclassSource": "XGE",
			"level": 3,
			"entries": [
				"The Oath of Conquest calls to paladins who seek glory in battle and the subjugation of their enemies. It isn't enough for these paladins to establish order. They must crush the forces of chaos. Sometimes called knight tyrants or iron mongers, those who swear this oath gather into grim orders that serve gods or philosophies of war and well-ordered might.",
				"Some of these paladins go so far as to consort with the powers of the Nine Hells, valuing the rule of law over the balm of mercy. The archdevil Bel, warlord of Avernus, counts many of these paladins\u2014called hell knights\u2014as his most ardent supporters. Hell knights cover their armor with trophies taken from fallen enemies, a grim warning to any who dare oppose them and the decrees of their lords. These knights are often most fiercely resisted by other paladins of this oath, who believe that the hell knights have wandered too far into darkness.",
				{
					"type": "refSubclassFeature",
					"subclassFeature": "Tenets of Conquest|Paladin||Conquest|XGE|3"
				},
				{
					"type": "refSubclassFeature",
					"subclassFeature": "Oath Spells|Paladin||Conquest|XGE|3"
				},
				{
					"type": "refSubclassFeature",
					"subclassFeature": "Channel Divinity|Paladin||Conquest|XGE|3"
				}
			]
		},
		{
			"name": "Channel Divinity",
			"source": "XGE",
			"page": 37,
			"className": "Paladin",
			"classSource": "PHB",
			"subclassShortName": "Conquest",
			"subclassSource": "XGE",
			"level": 3,
			"header": 1,
			"consumes": {
				"name": "Channel Divinity"
			},
			"entries": [
				"When you take this oath at 3rd level, you gain the following two Channel Divinity options.",
				{
					"type": "refSubclassFeature",
					"subclassFeature": "Conquering Presence|Paladin||Conquest|XGE|3"
				},
				{
					"type": "refSubclassFeature",
					"subclassFeature": "Guided Strike|Paladin||Conquest|XGE|3"
				}
			]
		},
		{
			"name": "Conquering Presence",
			"source": "XGE",
			"page": 37,
			"className": "Paladin",
			"classSource": "PHB",
			"subclassShortName": "Conquest",
			"subclassSource": "XGE",
			"level": 3,
			"header": 1,
			"entries": [
				"You can use your Channel Divinity to exude a terrifying presence. As an action, you force each creature of your choice that you can see within 30 feet of you to make a Wisdom saving throw. On a failed save, a creature becomes {@condition frightened} of you for 1 minute. The {@condition frightened} creature can repeat this saving throw at the end of each of its turns, ending the effect on itself on a success."
			]
		},
		{
			"name": "Guided Strike",
			"source": "XGE",
			"page": 37,
			"className": "Paladin",
			"classSource": "PHB",
			"subclassShortName": "Conquest",
			"subclassSource": "XGE",
			"level": 3,
			"header": 1,
			"entries": [
				"You can use your Channel Divinity to strike with supernatural accuracy. When you make an attack roll, you can use your Channel Divinity to gain a +10 bonus to the roll. You make this choice after you see the roll, but before the DM says whether the attack hits or misses."
			]
		},
		{
			"name": "Oath Spells",
			"source": "XGE",
			"page": 37,
			"className": "Paladin",
			"classSource": "PHB",
			"subclassShortName": "Conquest",
			"subclassSource": "XGE",
			"level": 3,
			"header": 1,
			"entries": [
				"You gain oath spells at the paladin levels listed.",
				{
					"type": "table",
					"caption": "Oath of Conquest Spells",
					"colLabels": [
						"Paladin Level",
						"Spells"
					],
					"colStyles": [
						"col-2 text-center",
						"col-10"
					],
					"rows": [
						[
							"3rd",
							"{@spell armor of Agathys}, {@spell command}"
						],
						[
							"5th",
							"{@spell hold person}, {@spell spiritual weapon}"
						],
						[
							"9th",
							"{@spell bestow curse}, {@spell fear}"
						],
						[
							"13th",
							"{@spell dominate beast}, {@spell stoneskin}"
						],
						[
							"17th",
							"{@spell cloudkill}, {@spell dominate person}"
						]
					]
				}
			]
		},
		{
			"name": "Tenets of Conquest",
			"source": "XGE",
			"page": 37,
			"className": "Paladin",
			"classSource": "PHB",
			"subclassShortName": "Conquest",
			"subclassSource": "XGE",
			"level": 3,
			"header": 1,
			"entries": [
				"A paladin who takes this oath has the tenets of conquest seared on the upper arm.",
				{
					"type": "entries",
					"entries": [
						{
							"type": "entries",
							"name": "Douse the Flame of Hope",
							"entries": [
								"It is not enough to merely defeat an enemy in battle. Your victory must be so overwhelming that your enemies' will to fight is shattered forever. A blade can end a life. Fear can end an empire."
							]
						},
						{
							"type": "entries",
							"name": "Rule with an Iron Fist",
							"entries": [
								"Once you have conquered, tolerate no dissent. Your word is law. Those who obey it shall be favored. Those who defy it shall be punished as an example to all who might follow."
							]
						},
						{
							"type": "entries",
							"name": "Strength Above All",
							"entries": [
								"You shall rule until a stronger one arises. Then you must grow mightier and meet the challenge, or fall to your own ruin."
							]
						}
					]
				}
			]
		},
		{
			"name": "Aura of Conquest",
			"source": "XGE",
			"page": 37,
			"className": "Paladin",
			"classSource": "PHB",
			"subclassShortName": "Conquest",
			"subclassSource": "XGE",
			"level": 7,
			"header": 2,
			"entries": [
				"Starting at 7th level, a creature that starts its turn in your Aura of Protection must succeed on a Wisdom saving throw against your spell save DC or be {@condition frightened} of you. "
			]
		},
		{
			"name": "Invincible Conqueror",
			"source": "XGE",
			"page": 37,
			"className": "Paladin",
			"classSource": "PHB",
			"subclassShortName": "Conquest",
			"subclassSource": "XGE",
			"level": 15,
			"header": 2,
			"entries": [
				"Beginning at 15th level, as a bonus action, you can imbue your Aura of Protection with holy power. The aura gains the following benefits for 1 minute or until you end them as a Bonus Action:",
				{
					"type": "list",
					"items": [
						"When you take the {@action Attack} action on your turn, you can make one additional attack as part of that action.",
						"Your melee weapon attacks score a critical hit on a roll of 19 or 20 on the {@dice d20}."
					]
				},
				"Once you use this feature, you can’t use it again until you finish a Long Rest unless you expend a Spell Slot of at least 4th level when you use it again."
			]
		},
		{
			"name": "Oathbreaker",
			"source": "DMG",
			"page": 97,
			"className": "Paladin",
			"classSource": "PHB",
			"subclassShortName": "Oathbreaker",
			"subclassSource": "DMG",
			"level": 3,
			"entries": [
				"An Oathbreaker is a paladin who breaks his or her sacred oaths to pursue some dark ambition or serve an evil power. Whatever light burned in the paladin's heart has been extinguished. Only darkness remains.",
				"A paladin must be evil and at least 3rd level to become an Oathbreaker. The paladin replaces the features specific to his or her Sacred Oath with Oathbreaker features.",
				{
					"type": "refSubclassFeature",
					"subclassFeature": "Oathbreaker Spells|Paladin||Oathbreaker|DMG|3"
				},
				{
					"type": "refSubclassFeature",
					"subclassFeature": "Channel Divinity|Paladin||Oathbreaker|DMG|3"
				}
			]
		},
		{
			"name": "Channel Divinity",
			"source": "DMG",
			"page": 97,
			"className": "Paladin",
			"classSource": "PHB",
			"subclassShortName": "Oathbreaker",
			"subclassSource": "DMG",
			"level": 3,
			"header": 1,
			"entries": [
				"An Oathbreaker paladin of 3rd level or higher gains the following two Channel Divinity options.",
				{
					"type": "refSubclassFeature",
					"subclassFeature": "End Life|Paladin||Oathbreaker|DMG|3"
				},
				{
					"type": "refSubclassFeature",
					"subclassFeature": "Dreadful Aspect|Paladin||Oathbreaker|DMG|3"
				}
			]
		},
		{
			"name": "End Life",
			"source": "DMG",
			"page": 97,
			"className": "Paladin",
			"classSource": "PHB",
			"subclassShortName": "Oathbreaker",
			"subclassSource": "DMG",
			"level": 3,
			"header": 1,
			"entries": [
				"As a bonus action, when you roll the damage of your divine smite you can target a creature other than the one that takes the damage of your divine smite and force it to make a Constitution saving throw, on a fail save it takes half the damage of your divine smite. Additionally, your divine smite deals necrotic damage."
			]
		},
		{
			"name": "Dreadful Aspect",
			"source": "DMG",
			"page": 97,
			"className": "Paladin",
			"classSource": "PHB",
			"subclassShortName": "Oathbreaker",
			"subclassSource": "DMG",
			"level": 3,
			"header": 1,
			"consumes": {
				"name": "Channel Divinity"
			},
			"entries": [
				"As a bonus action, you can expend a use of your Channel Divinity to force each creature that is 10 feet from you, must make a Wisdom saving throw. On a failed save, the target is frightened of you for 1 minute. A creature frightened by you can repeat the save at the end of its turn, ending the effect on itself."
			]
		},
		{
			"name": "Oathbreaker Spells",
			"source": "DMG",
			"page": 97,
			"className": "Paladin",
			"classSource": "PHB",
			"subclassShortName": "Oathbreaker",
			"subclassSource": "DMG",
			"level": 3,
			"header": 1,
			"entries": [
				"You gain oathbreaker spells at the paladin levels listed.",
				{
					"type": "table",
					"caption": "Oathbreaker Spells",
					"colLabels": [
						"Paladin Level",
						"Spells"
					],
					"colStyles": [
						"col-2 text-center",
						"col-10"
					],
					"rows": [
						[
							"3rd",
							"{@spell hellish rebuke}, {@spell inflict wounds}"
						],
						[
							"5th",
							"{@spell crown of madness}, {@spell darkness}"
						],
						[
							"9th",
							"{@spell spirit guardians}, {@spell bestow curse}"
						],
						[
							"13th",
							"{@spell blight}, {@spell confusion}"
						],
						[
							"17th",
							"{@spell contagion}, {@spell dominate person}"
						]
					]
				}
			]
		},
		{
			"name": "Aura of Hate",
			"source": "DMG",
			"page": 97,
			"className": "Paladin",
			"classSource": "PHB",
			"subclassShortName": "Oathbreaker",
			"subclassSource": "DMG",
			"level": 7,
			"header": 2,
			"entries": [
				"You and your allies gain a bonus to the damage roll equals to your Charisma modifier while in your Aura of Protection."
			]
		},
		{
			"name": "Dread Lord",
			"source": "DMG",
			"page": 97,
			"className": "Paladin",
			"classSource": "PHB",
			"subclassShortName": "Oathbreaker",
			"subclassSource": "DMG",
			"level": 15,
			"header": 2,
			"entries": [
				"Beginning at 15th level, as a bonus action, you can imbue your Aura of Protection with holy power. The aura gains the following benefits for 1 minute or until you end them as a Bonus Action:",
				{
					"type": "entries",
					"name": "Supernatural Resistance",
					"entries":[
						"You gain resistance to bludgeoning, piercing, and slashing damage from non magical weapons."
					]
				},
				{
					"type": "entries",
					"name": "Dead Aura",
					"entries":[
						"As a bonus action, you can create an explosion of dead inside your aura, forcing any creature that is inside of it to make a Constitution saving throw against your spellcasting DC,on a fail save takes necrotic damage equal to your 2d8 plus your Charisma modifier."
					]
					
				},
				"Once you use this feature, you can’t use it again until you finish a Long Rest unless you expend a Spell Slot of at least 4th level when you use it again."
			]
		},
		
		

		{
			"name": "Oath of the Ancients",
			"source": "PHB",
			"page": 86,
			"className": "Paladin",
			"classSource": "PHB",
			"subclassShortName": "Ancients",
			"subclassSource": "PHB",
			"level": 3,
			"entries": [
				"The Oath of the Ancients is as old as the race of elves and the rituals of the druids. Sometimes called fey knights, green knights, or horned knights, paladins who swear this oath cast their lot with the side of the light in the cosmic struggle against darkness because they love the beautiful and life-giving things of the world, not necessarily because they believe in principles of honor, courage, and justice. They adorn their armor and clothing with images of growing things\u2014leaves, antlers, or flowers\u2014to reflect their commitment to preserving life and light in the world.",
				{
					"type": "refSubclassFeature",
					"subclassFeature": "Tenets of the Ancients|Paladin||Ancients||3"
				},
				{
					"type": "refSubclassFeature",
					"subclassFeature": "Oath Spells|Paladin||Ancients||3"
				},
				{
					"type": "refSubclassFeature",
					"subclassFeature": "Channel Divinity|Paladin||Ancients||3"
				}
			]
		},
		{
			"name": "Channel Divinity",
			"source": "PHB",
			"page": 86,
			"className": "Paladin",
			"classSource": "PHB",
			"subclassShortName": "Ancients",
			"subclassSource": "PHB",
			"level": 3,
			"header": 1,
			"entries": [
				"When you take this oath at 3rd level, you gain the following two Channel Divinity options.",
				{
					"type": "refSubclassFeature",
					"subclassFeature": "Nature's Wrath|Paladin||Ancients||3"
				},
				{
					"type": "refSubclassFeature",
					"subclassFeature": "Healing Radiance|Paladin||Ancients||3"
				}
			]
		},
		{
			"name": "Nature's Wrath",
			"source": "PHB",
			"page": 86,
			"className": "Paladin",
			"classSource": "PHB",
			"subclassShortName": "Ancients",
			"subclassSource": "PHB",
			"level": 3,
			"header": 1,
			"consumes": {
				"name": "Channel Divinity"
			},
			"entries": [
				"You can use your Channel Divinity to invoke primeval forces to ensnare a foe. As an action, you can cause spectral vines to spring up and reach for a creature within 10 feet of you that you can see. The creature must succeed on a Strength or Dexterity saving throw (its choice) or be {@condition restrained}. While {@condition restrained} by the vines, the creature repeats the saving throw at the end of each of its turns. On a success, it frees itself and the vines vanish."
			]
		},
		{
			"name": "Oath Spells",
			"source": "PHB",
			"page": 86,
			"className": "Paladin",
			"classSource": "PHB",
			"subclassShortName": "Ancients",
			"subclassSource": "PHB",
			"level": 3,
			"header": 1,
			"entries": [
				"You gain oath spells at the paladin levels listed.",
				{
					"type": "table",
					"caption": "Oath of the Ancients Spells",
					"colLabels": [
						"Paladin Level",
						"Spells"
					],
					"colStyles": [
						"col-2 text-center",
						"col-10"
					],
					"rows": [
						[
							"3rd",
							"{@spell ensnaring strike}, {@spell speak with animals}"
						],
						[
							"5th",
							"{@spell moonbeam}, {@spell misty step}"
						],
						[
							"9th",
							"{@spell plant growth}, {@spell protection from energy}"
						],
						[
							"13th",
							"{@spell ice storm}, {@spell stoneskin}"
						],
						[
							"17th",
							"{@spell commune with nature}, {@spell tree stride}"
						]
					]
				}
			]
		},
		{
			"name": "Tenets of the Ancients",
			"source": "PHB",
			"page": 86,
			"className": "Paladin",
			"classSource": "PHB",
			"subclassShortName": "Ancients",
			"subclassSource": "PHB",
			"level": 3,
			"header": 1,
			"entries": [
				"The tenets of the Oath of the Ancients have been preserved for uncounted centuries. This oath emphasizes the principles of good above any concerns of law or chaos. Its four central principles are simple.",
				{
					"type": "entries",
					"entries": [
						{
							"type": "entries",
							"name": "Kindle the Light",
							"entries": [
								"Through your acts of mercy, kindness, and forgiveness, kindle the light of hope in the world, beating back despair."
							]
						}
					]
				},
				{
					"type": "entries",
					"entries": [
						{
							"type": "entries",
							"name": "Shelter the Light",
							"entries": [
								"Where there is good, beauty, love, and laughter in the world, stand against the wickedness that would swallow it. Where life flourishes, stand against the forces that would render it barren."
							]
						}
					]
				},
				{
					"type": "entries",
					"entries": [
						{
							"type": "entries",
							"name": "Preserve Your Own Light",
							"entries": [
								"Delight in song and laughter, in beauty and art. If you allow the light to die in your own heart, you can't preserve it in the world."
							]
						}
					]
				},
				{
					"type": "entries",
					"entries": [
						{
							"type": "entries",
							"name": "Be the Light",
							"entries": [
								"Be a glorious beacon for all who live in despair. Let the light of your joy and courage shine forth in all your deeds."
							]
						}
					]
				}
			]
		},
		{
			"name": "Healing Radiance",
			"source": "PHB",
			"page": 86,
			"className": "Paladin",
			"classSource": "PHB",
			"subclassShortName": "Ancients",
			"subclassSource": "PHB",
			"level": 3,
			"header": 1,
			"consumes": {
				"name": "Channel Divinity"
			},
			"entries": [
				"As a bonus action, you can expend a use of your Channel Divinity and heal yourself and any ally that is 10 ft from you. At the start of your next turn you heal again. The amount of healing is your charisma modifier. The second heal only happens while you aren’t incapacitated."
			]
		},
		{
			"name": "Aura of Warding",
			"source": "PHB",
			"page": 86,
			"className": "Paladin",
			"classSource": "PHB",
			"subclassShortName": "Ancients",
			"subclassSource": "PHB",
			"level": 7,
			"header": 2,
			"entries": [
				"You and your allies have resistance to damage from spells while in your Aura of Protection."
			]
		},
		{
			"name": "Elder Champion",
			"source": "PHB",
			"page": 86,
			"className": "Paladin",
			"classSource": "PHB",
			"subclassShortName": "Ancients",
			"subclassSource": "PHB",
			"level": 15,
			"header": 2,
			"entries": [
				"Starting at 15th level, as a bonus action, you can imbue your Aura of Protection with holy power. The aura gains the following benefits for 1 minute or until you end them as a Bonus Action.",
				{
					"type": "entries",
					"name": "Healing Nature",
					"entries":[
						"Every creature that start its turn inside your aura regains 10 hit points."
					]
				},
				{
					"type": "entries",
					"name": "Nature's Wrath",
					"entries":[
						"Enemy creatures inside your aura have disadvantage on saving throws against your paladin spells and Channel Divinity options."
					]
					
				},
				"Once you use this feature, you can’t use it again until you finish a Long Rest unless you expend a Spell Slot of at least 4th level when you use it again.",
				"Additionally, you suffer none of the drawbacks of old age, and you can't be aged magically."
			]
		},



		{
			"name": "Oath of Devotion",
			"source": "PHB",
			"page": 85,
			"srd": true,
			"className": "Paladin",
			"classSource": "PHB",
			"subclassShortName": "Devotion",
			"subclassSource": "PHB",
			"level": 3,
			"entries": [
				"The Oath of Devotion binds a paladin to the loftiest ideals of justice, virtue, and order. Sometimes called cavaliers, white knights, or holy warriors, these paladins meet the ideal of the knight in shining armor, acting with honor in pursuit of justice and the greater good. They hold themselves to the highest standards of conduct, and some, for better or worse, hold the rest of the world to the same standards. Many who swear this oath are devoted to gods of law and good and use their gods' tenets as the measure of their devotion. They hold angels\u2014the perfect servants of good\u2014as their ideals, and incorporate images of angelic wings into their helmets or coats of arms.",
				{
					"type": "refSubclassFeature",
					"subclassFeature": "Tenets of Devotion|Paladin||Devotion||3"
				},
				{
					"type": "refSubclassFeature",
					"subclassFeature": "Oath Spells|Paladin||Devotion||3"
				},
				{
					"type": "refSubclassFeature",
					"subclassFeature": "Channel Divinity|Paladin||Devotion||3"
				}
			]
		},
		{
			"name": "Channel Divinity",
			"source": "PHB",
			"page": 85,
			"srd": true,
			"className": "Paladin",
			"classSource": "PHB",
			"subclassShortName": "Devotion",
			"subclassSource": "PHB",
			"level": 3,
			"header": 1,
			"consumes": {
				"name": "Channel Divinity"
			},
			"entries": [
				"When you take this oath at 3rd level, you gain the following Channel Divinity option.",
				{
					"type": "refSubclassFeature",
					"subclassFeature": "Sacred Weapon|Paladin||Devotion||3"
				},
				{
					"type": "refSubclassFeature",
					"subclassFeature": "Smite of Protection|Paladin||Devotion||3"
				}
			]
		},
		{
			"name": "Oath Spells",
			"source": "PHB",
			"page": 85,
			"srd": true,
			"className": "Paladin",
			"classSource": "PHB",
			"subclassShortName": "Devotion",
			"subclassSource": "PHB",
			"level": 3,
			"header": 1,
			"entries": [
				"You gain oath spells at the paladin levels listed.",
				{
					"type": "table",
					"caption": "Oath of Devotion Spells",
					"colLabels": [
						"Paladin Level",
						"Spells"
					],
					"colStyles": [
						"col-2 text-center",
						"col-10"
					],
					"rows": [
						[
							"3rd",
							"{@spell protection from evil and good}, {@spell shield of faith}"
						],
						[
							"5th",
							"{@spell aid}, {@spell zone of truth}"
						],
						[
							"9th",
							"{@spell aura of vitality}, {@spell blinding smite}"
						],
						[
							"13th",
							"{@spell guardian of faith}, {@spell staggering smite}"
						],
						[
							"17th",
							"{@spell commune}, {@spell flame strike}"
						]
					]
				}
			]
		},
		{
			"name": "Sacred Weapon",
			"source": "PHB",
			"page": 85,
			"srd": true,
			"className": "Paladin",
			"classSource": "PHB",
			"subclassShortName": "Devotion",
			"subclassSource": "PHB",
			"level": 3,
			"header": 1,
			"consumes": {
				"name": "Channel Divinity"
			},
			"entries": [
				"As a bonus action, you can imbue one Simple or Martial weapon that you are holding with positive energy, using your Channel Divinity. For 1 minute, you add your Charisma modifier to attack rolls made with that weapon (with a minimum bonus of +1), and each time you hit with it, you cause it to deal radiant damage instead of its normal damage type.",
				"The weapon also emits bright light in a 20-foot radius and dim light 20 feet beyond that.",
				"You can end this effect on your turn as part of any other action. If you are no longer holding or carrying this weapon, or if you have the Incapacitated, this effect ends."
			]
		},
		{
			"name": "Tenets of Devotion",
			"source": "PHB",
			"page": 85,
			"srd": true,
			"className": "Paladin",
			"classSource": "PHB",
			"subclassShortName": "Devotion",
			"subclassSource": "PHB",
			"level": 3,
			"header": 1,
			"entries": [
				"Though the exact words and strictures of the Oath of Devotion vary, paladins of this oath share these tenets.",
				{
					"type": "entries",
					"entries": [
						{
							"type": "entries",
							"name": "Honesty",
							"entries": [
								"Don't lie or cheat. Let your word be your promise."
							]
						}
					]
				},
				{
					"type": "entries",
					"entries": [
						{
							"type": "entries",
							"name": "Courage",
							"entries": [
								"Never fear to act, though caution is wise."
							]
						}
					]
				},
				{
					"type": "entries",
					"entries": [
						{
							"type": "entries",
							"name": "Compassion",
							"entries": [
								"Aid others, protect the weak, and punish those who threaten them. Show mercy to your foes, but temper it with wisdom."
							]
						}
					]
				},
				{
					"type": "entries",
					"entries": [
						{
							"type": "entries",
							"name": "Honor",
							"entries": [
								"Treat others with fairness, and let your honorable deeds be an example to them. Do as much good as possible while causing the least amount of harm."
							]
						}
					]
				},
				{
					"type": "entries",
					"entries": [
						{
							"type": "entries",
							"name": "Duty",
							"entries": [
								"Be responsible for your actions and their consequences, protect those entrusted to your care, and obey those who have just authority over you."
							]
						}
					]
				}
			]
		},
		{
			"name": "Smite of Protection",
			"source": "PHB",
			"page": 85,
			"srd": true,
			"className": "Paladin",
			"classSource": "PHB",
			"subclassShortName": "Devotion",
			"subclassSource": "PHB",
			"level": 3,
			"header": 1,
			"entries": [
				"Your Divine Smite now radiates protective energy that allows you and your allies to stay in the fight. Whenever you use your Divine Smite, choose yourself or an ally within 30 feet of yourself. The chosen creature gains Temporary Hit Points equal to 1d8 plus the level of the Spell Slot used for the Divine Smite."
			]
		},
		{
			"name": "Aura of Devotion",
			"source": "PHB",
			"page": 85,
			"srd": true,
			"className": "Paladin",
			"classSource": "PHB",
			"subclassShortName": "Devotion",
			"subclassSource": "PHB",
			"level": 7,
			"header": 2,
			"entries": [
				"Starting at 7th level, you and your allies are immune to the {@condition charmed} condition while in your Aura of Protection. If a {@condition charmed} ally enters the aura, that condition is suppressed while the ally is there."
			]
		},
		{
			"name": "Holy Nimbus",
			"source": "PHB",
			"page": 85,
			"srd": true,
			"className": "Paladin",
			"classSource": "PHB",
			"subclassShortName": "Devotion",
			"subclassSource": "PHB",
			"level": 15,
			"header": 2,
			"entries": [
				"Beginning at 15th level, as a bonus action, you can imbue your Aura of Protection with holy power. The aura gains the following benefits for 1 minute or until you end them as a Bonus Action.",
				{
					"type": "entries",
					"name": "Radiant Damage",
					"entries": [
						"Whenever an enemy starts its turn in the aura, that creature takes Radiant damage equal to your Proficiency Bonus plus your Charisma modifier."
					]
				},
				{
					"type": "entries",
					"name": "Sunlight",
					"entries": [
						"The aura is filled with light, that is sunlight. As a bonus action, you can create an explosion of light inside your aura, forcing any creature that is inside of it to make a Constitution saving throw against your spellcasting DC, being blinded on a failed save."
					]
				},
				"Once you use this feature, you can’t use it again until you finish a Long Rest unless you expend a Spell Slot of at least 4th level when you use it again."
			]
		},
		
		
		
		{
			"name": "Oath of Glory",
			"source": "TCE",
			"page": 53,
			"otherSources": [
				{
					"source": "MOT",
					"page": 29
				}
			],
			"className": "Paladin",
			"classSource": "PHB",
			"subclassShortName": "Glory",
			"subclassSource": "TCE",
			"level": 3,
			"entries": [
				"Paladins who take the Oath of Glory believe they and their companions are destined to achieve glory through deeds of heroism. They train diligently and encourage their companions so they're all ready when destiny calls.",
				{
					"type": "refSubclassFeature",
					"subclassFeature": "Tenets of Glory|Paladin||Glory|TCE|3"
				},
				{
					"type": "refSubclassFeature",
					"subclassFeature": "Oath Spells|Paladin||Glory|TCE|3"
				},
				{
					"type": "refSubclassFeature",
					"subclassFeature": "Channel Divinity|Paladin||Glory|TCE|3"
				}
			]
		},
		{
			"name": "Channel Divinity",
			"source": "TCE",
			"page": 53,
			"otherSources": [
				{
					"source": "MOT",
					"page": 29
				}
			],
			"className": "Paladin",
			"classSource": "PHB",
			"subclassShortName": "Glory",
			"subclassSource": "TCE",
			"level": 3,
			"header": 1,
			"consumes": {
				"name": "Channel Divinity"
			},
			"entries": [
				"{@i 3rd-level Oath of Glory feature}",
				"You gain the following two Channel Divinity options. See the Sacred Oath class feature for how Channel Divinity works.",
				{
					"type": "refSubclassFeature",
					"subclassFeature": "Peerless Athlete|Paladin||Glory|TCE|3"
				},
				{
					"type": "refSubclassFeature",
					"subclassFeature": "Inspiring Smite|Paladin||Glory|TCE|3"
				}
			]
		},
		{
			"name": "Oath Spells",
			"source": "TCE",
			"page": 53,
			"otherSources": [
				{
					"source": "MOT",
					"page": 29
				}
			],
			"className": "Paladin",
			"classSource": "PHB",
			"subclassShortName": "Glory",
			"subclassSource": "TCE",
			"level": 3,
			"header": 1,
			"entries": [
				"{@i 3rd-level Oath of Glory feature}",
				"You gain oath spells at the paladin levels listed in the Oath of Glory Spells table. See the Sacred Oath class feature for how oath spells work.",
				{
					"type": "table",
					"caption": "Oath of Glory Spells",
					"colLabels": [
						"Paladin Level",
						"Spells"
					],
					"colStyles": [
						"col-2 text-center",
						"col-10"
					],
					"rows": [
						[
							"3rd",
							"{@spell guiding bolt}, {@spell heroism}"
						],
						[
							"5th",
							"{@spell enhance ability}, {@spell magic weapon}"
						],
						[
							"9th",
							"{@spell haste}, {@spell protection from energy}"
						],
						[
							"13th",
							"{@spell compulsion}, {@spell freedom of movement}"
						],
						[
							"17th",
							"{@spell commune}, {@spell flame strike}"
						]
					]
				}
			]
		},
		{
			"name": "Tenets of Glory",
			"source": "TCE",
			"page": 53,
			"otherSources": [
				{
					"source": "MOT",
					"page": 29
				}
			],
			"className": "Paladin",
			"classSource": "PHB",
			"subclassShortName": "Glory",
			"subclassSource": "TCE",
			"level": 3,
			"header": 1,
			"entries": [
				"The tenets of the Oath of Glory drive a paladin to attempt heroics that might one day shine in legend.",
				{
					"type": "entries",
					"name": "Actions over Words",
					"entries": [
						"Strive to be known by glorious deeds, not words."
					]
				},
				{
					"type": "entries",
					"name": "Challenges Are but Tests",
					"entries": [
						"Face hardships with courage, and encourage your allies to face them with you."
					]
				},
				{
					"type": "entries",
					"name": "Hone the Body",
					"entries": [
						"Like raw stone, your body must be worked so its potential can be realized."
					]
				},
				{
					"type": "entries",
					"name": "Discipline the Soul",
					"entries": [
						"You must marshal the discipline to overcome failings within yourself that threaten to dim the glory of you and your friends."
					]
				}
			]
		},
		{
			"name": "Inspiring Smite",
			"source": "TCE",
			"page": 53,
			"otherSources": [
				{
					"source": "MOT",
					"page": 29
				}
			],
			"className": "Paladin",
			"classSource": "PHB",
			"subclassShortName": "Glory",
			"subclassSource": "TCE",
			"level": 3,
			"header": 2,
			"consumes": {
				"name": "Channel Divinity"
			},
			"entries": [
				"You can use your Channel Divinity as a bonus action and distribute temporary hit points to creatures of your choice within 30 feet of you, which can include you. The total number of temporary hit points equals 2d8 + your level in this class, divided among the chosen creatures however you like."
			]
		},
		{
			"name": "Peerless Athlete",
			"source": "TCE",
			"page": 53,
			"otherSources": [
				{
					"source": "MOT",
					"page": 29
				}
			],
			"className": "Paladin",
			"classSource": "PHB",
			"subclassShortName": "Glory",
			"subclassSource": "TCE",
			"level": 3,
			"header": 2,
			"consumes": {
				"name": "Channel Divinity"
			},
			"entries": [
				"As a bonus action, you can use your Channel Divinity to augment your athleticism. For the next 10 minutes, you have advantage on Strength ({@skill Athletics}) and Dexterity ({@skill Acrobatics}) checks; you can carry, push, drag, and lift twice as much weight as normal; and the distance of your long and high jumps increases by 10 feet (this extra distance costs movement as normal)."
			]
		},
		{
			"name": "Aura of Alacrity",
			"source": "TCE",
			"page": 53,
			"otherSources": [
				{
					"source": "MOT",
					"page": 29
				}
			],
			"className": "Paladin",
			"classSource": "PHB",
			"subclassShortName": "Glory",
			"subclassSource": "TCE",
			"level": 7,
			"header": 2,
			"entries": [
				"You and your allies have a walking speed increase of 10 feet while in your Aura of Protection."
			]
		},
		{
			"name": "Living Legend",
			"source": "TCE",
			"page": 53,
			"otherSources": [
				{
					"source": "MOT",
					"page": 29
				}
			],
			"className": "Paladin",
			"classSource": "PHB",
			"subclassShortName": "Glory",
			"subclassSource": "TCE",
			"level": 15,
			"header": 2,
			"entries": [
				"Beginning at 15th level, as a bonus action, you can imbue your Aura of Protection with holy power. The aura gains the following benefits for 1 minute or until you end them as a Bonus Action:",
				{
					"type": "entries",
					"name": "Glorious Attack",
					"entries": [
						"Once on each of your turns when you make a weapon attack and miss, you can cause that attack to hit instead."
					]
				},
				{
					"type": "entries",
					"name": "Glorious Salvation",
					"entries": [
						"If you fail a saving throw, you can use your reaction to reroll it. You must use this new roll."
					]
				},
				"Once you use this feature, you can’t use it again until you finish a Long Rest unless you expend a Spell Slot of at least 4th level when you use it again."
			]
		}
	]
}
