{
	"XGE": {
		"Abi-Dalzim's Horrid Wilting": "icons/magic/unholy/strike-body-explode-disintegrate.webp",
		"Absorb Elements": "icons/magic/symbols/elements-air-earth-fire-water.webp",
		"Aganazzar's Scorcher": "icons/magic/fire/projectile-fireball-smoke-orange.webp",
		"Beast Bond": "icons/creatures/abilities/paw-glowing-yellow.webp",
		"Bones of the Earth": "icons/skills/movement/arrows-up-trio-red.webp",
		"Catapult": "icons/magic/water/projectile-ice-chunk.webp",
		"Catnap": "icons/magic/air/fog-gas-smoke-green.webp",
		"Cause Fear": "icons/commodities/bones/skull-hollow-worn-blue.webp",
		"Ceremony": "icons/skills/trades/academics-study-reading-book.webp",
		"Chaos Bolt": "icons/magic/unholy/projectile-smoke-trail-pink.webp",
		"Charm Monster": "icons/creatures/eyes/humanoid-single-red-brown.webp",
		"Control Flames": "icons/magic/fire/flame-burning-hand-orange.webp",
		"Control Winds": "icons/magic/air/wind-weather-sailing-ship.webp",
		"Create Bonfire": "icons/magic/fire/flame-burning-campfire-orange.webp",
		"Create Homunculus": "icons/commodities/treasure/statuette-gargoyle-green-gold.webp",
		"Crown of Stars": "icons/magic/control/control-influence-crown-yellow.webp",
		"Danse Macabre": "icons/creatures/magical/spirit-earth-stone-magma-yellow.webp",
		"Dawn": "icons/magic/nature/symbol-sun-yellow.webp",
		"Dragon's Breath": "icons/creatures/abilities/dragon-fire-breath-orange.webp",
		"Druid Grove": "icons/magic/nature/plant-sproutdirt-green.webp",
		"Dust Devil": "icons/magic/air/wind-tornado-funnel-blue.webp",
		"Earth Tremor": "icons/magic/earth/barrier-stone-explosion-spiked.webp",
		"Earthbind": "icons/magic/nature/root-vine-entangled-humanoid.webp",
		"Elemental Bane": "icons/magic/death/skull-fire-white-yellow.webp",
		"Enemies Abound": "icons/magic/control/energy-stream-link-spiral-white.webp",
		"Enervation": "icons/magic/unholy/strike-body-life-soul-green.webp",
		"Erupting Earth": "icons/magic/earth/barrier-stone-explosion-red.webp",
		"Far Step": "icons/skills/movement/feet-spurred-boots-brown.webp",
		"Find Greater Steed": "icons/magic/fire/elemental-creature-horse.webp",
		"Flame Arrows": "icons/magic/fire/projectile-arrow-fire-orange-yellow.webp",
		"Frostbite": "icons/magic/water/snowflake-ice-blue-white.webp",
		"Guardian of Nature": "icons/magic/nature/root-vines-face-glow-green.webp",
		"Gust": "icons/magic/air/wind-stream-blue-gray.webp",
		"Healing Spirit": "icons/magic/holy/chalice-glowing-gold-water.webp",
		"Holy Weapon": "icons/weapons/swords/sword-gold-holy.webp",
		"Ice Knife": "icons/skills/melee/strike-weapon-polearm-ice-blue.webp",
		"Illusory Dragon": "icons/creatures/eyes/humanoid-single-purple-blue.webp",
		"Immolation": "icons/magic/death/projectile-skull-fire-orange.webp",
		"Infernal Calling": "icons/creatures/unholy/demon-fire-horned-winged-roar.webp",
		"Infestation": "icons/creatures/invertebrates/leech-attack-green.webp",
		"Investiture of Flame": "icons/magic/fire/elemental-fire-humanoid.webp",
		"Investiture of Ice": "icons/magic/water/elemental-water.webp",
		"Investiture of Stone": "icons/magic/earth/construct-stone-long-arms.webp",
		"Investiture of Wind": "icons/skills/trades/music-singing-voice-blue.webp",
		"Invulnerability": "icons/equipment/shield/heater-crystal-blue.webp",
		"Life Transference": "icons/magic/control/energy-stream-link-blue.webp",
		"Maddening Darkness": "icons/magic/unholy/silhouette-robe-evil-glow.webp",
		"Maelstrom": "icons/magic/air/wind-tornado-cyclone-purple-blue.webp",
		"Magic Stone": "icons/magic/earth/projectiles-stone-salvo-gray.webp",
		"Mass Polymorph": "icons/creatures/mammals/ox-buffalo-horned-green.webp",
		"Maximilian's Earthen Grasp": "icons/magic/earth/strike-fist-stone-light.webp",
		"Melf's Minute Meteors": "icons/magic/earth/projectiles-stone-salvo-red.webp",
		"Mental Prison": "icons/magic/perception/eye-ringed-green.webp",
		"Mighty Fortress": "icons/environment/settlement/castle-tan.webp",
		"Mind Spike": "icons/magic/light/explosion-impact-purple.webp",
		"Mold Earth": "icons/magic/earth/barrier-stone-brown-green.webp",
		"Negative Energy Flood": "icons/skills/wounds/injury-pain-body-orange.webp",
		"Power Word Pain": "icons/magic/control/voodoo-doll-pain-damage-yellow.webp",
		"Primal Savagery": "icons/creatures/abilities/bear-roar-bite-brown.webp",
		"Primordial Ward": "icons/magic/symbols/runes-carved-stone-purple.webp",
		"Psychic Scream": "icons/magic/death/skull-humanoid-worn-teal.webp",
		"Pyrotechnics": "icons/magic/fire/projectile-feathers-embers-gold.webp",
		"Scatter": "icons/consumables/eggs/egg-broken-spotted-white.webp",
		"Shadow Blade": "icons/skills/melee/sword-stuck-glowing-pink.webp",
		"Shadow of Moil": "icons/magic/unholy/silhouette-evil-horned-giant.webp",
		"Shape Water": "icons/creatures/fish/fish-marlin-swordfight-blue.webp",
		"Sickening Radiance": "icons/magic/air/air-burst-spiral-large-teal-green.webp",
		"Skill Empowerment": "icons/magic/control/buff-luck-fortune-green-gold.webp",
		"Skywrite": "icons/magic/light/projectile-flare-blue.webp",
		"Snare": "icons/skills/targeting/crosshair-mark-rough-pink.webp",
		"Snilloc's Snowball Swarm": "icons/magic/light/projectile-smoke-blue-white.webp",
		"Soul Cage": "icons/magic/death/skull-flames-white-blue.webp",
		"Steel Wind Strike": "icons/skills/melee/maneuver-daggers-paired-orange.webp",
		"Storm Sphere": "icons/commodities/gems/pearl-water.webp",
		"Summon Greater Demon": "icons/creatures/unholy/demon-horned-winged-laughing.webp",
		"Summon Lesser Demons": "icons/creatures/unholy/demon-fire-imp.webp",
		"Synaptic Static": "icons/magic/lightning/bolts-strike-salvo-blue.webp",
		"Temple of the Gods": "icons/environment/settlement/columned-forum.webp",
		"Tenser's Transformation": "icons/skills/melee/maneuver-sword-katana-yellow.webp",
		"Thunder Step": "icons/magic/lightning/bolt-strike-cloud-gray.webp",
		"Thunderclap": "icons/magic/lightning/fist-unarmed-strike-blue-green.webp",
		"Tidal Wave": "icons/magic/water/wave-water-rolling-blue.webp",
		"Tiny Servant": "icons/magic/air/wind-tornado-spiral-brown.webp",
		"Toll the Dead": "icons/magic/sonic/bell-alarm-red-purple.webp",
		"Transmute Rock": "icons/magic/symbols/runes-carved-stone-red.webp",
		"Vitriolic Sphere": "icons/magic/acid/projectile-smoke-glowing.webp",
		"Wall of Light": "icons/magic/movement/trail-streak-zigzag-yellow.webp",
		"Wall of Sand": "icons/magic/earth/projectile-stone-landslide.webp",
		"Wall of Water": "icons/creatures/fish/fish-shark-swimming.webp",
		"Warding Wind": "icons/creatures/abilities/dragon-ice-breath-blue.webp",
		"Watery Sphere": "icons/commodities/materials/glass-orb-teal.webp",
		"Whirlwind": "icons/magic/air/wind-tornado-funnel-blue-grey.webp",
		"Word of Radiance": "icons/magic/movement/abstract-ribbons-red-orange.webp",
		"Wrath of Nature": "icons/magic/fire/flame-burning-tree-face.webp",
		"Zephyr Strike": "icons/skills/melee/blade-tips-double-blue.webp"
	},
	"PHB": {
		"Arcane Gate": "icons/magic/fire/orb-vortex.webp",
		"Armor of Agathys": "icons/magic/water/heart-ice-freeze.webp",
		"Arms of Hadar": "icons/magic/unholy/hand-claw-fire-blue.webp",
		"Aura of Life": "icons/magic/life/cross-yellow-green.webp",
		"Aura of Purity": "icons/creatures/birds/songbird-yellow-flying.webp",
		"Aura of Vitality": "icons/magic/life/ankh-gold-blue.webp",
		"Banishing Smite": "icons/magic/control/silhouette-fall-slip-prone.webp",
		"Beast Sense": "icons/magic/fire/flame-burning-eye.webp",
		"Blade Ward": "icons/skills/melee/sword-damaged-broken-blue.webp",
		"Blinding Smite": "icons/skills/wounds/injury-eyes-blood-red.webp",
		"Chromatic Orb": "icons/magic/fire/orb-fireball-puzzle.webp",
		"Circle of Power": "icons/magic/light/orb-shadow-blue.webp",
		"Cloud of Daggers": "icons/skills/ranged/daggers-thrown-salvo-green.webp",
		"Compelled Duel": "icons/skills/melee/strike-stake-gray.webp",
		"Conjure Barrage": "icons/skills/ranged/daggers-thrown-salvo-orange.webp",
		"Conjure Volley": "icons/magic/holy/projectiles-blades-salvo-yellow.webp",
		"Cordon of Arrows": "icons/skills/ranged/arrows-flying-salvo-yellow.webp",
		"Crown of Madness": "icons/equipment/head/helm-barbute-horned-gold-red.webp",
		"Crusader's Mantle": "icons/magic/holy/angel-wings-gray.webp",
		"Destructive Wave": "icons/skills/ranged/projectile-strike-egg-blue.webp",
		"Dissonant Whispers": "icons/magic/death/mouth-teeth-fangs-vampire.webp",
		"Elemental Weapon": "icons/weapons/swords/sword-flanged-lightning.webp",
		"Ensnaring Strike": "icons/magic/nature/root-vine-hand-strike.webp",
		"Feign Death": "icons/magic/death/grave-tombstone-glow-teal.webp",
		"Friends": "icons/consumables/drinks/alcohol-beer-mug-yellow.webp",
		"Grasping Vine": "icons/magic/nature/root-vine-beanstolk-green.webp",
		"Hail of Thorns": "icons/magic/nature/root-vine-spiral-thorns-teal.webp",
		"Hex": "icons/magic/control/voodoo-doll-pain-damage-red.webp",
		"Hunger of Hadar": "icons/magic/nature/root-vine-thorned-fire-purple.webp",
		"Lightning Arrow": "icons/weapons/polearms/spear-ice-crystal-blue.webp",
		"Phantasmal Force": "icons/creatures/slimes/slime-giant-face-eyes.webp",
		"Power Word Heal": "icons/magic/life/heart-cross-strong-flame-blue.webp",
		"Ray of Sickness": "icons/magic/light/beam-rays-green.webp",
		"Searing Smite": "icons/skills/melee/strike-hammer-destructive-orange.webp",
		"Staggering Smite": "icons/skills/melee/strike-axe-energy-pink.webp",
		"Swift Quiver": "icons/skills/ranged/arrows-flying-salvo-gray.webp",
		"Telepathy": "icons/magic/control/energy-stream-link-spiral-blue.webp",
		"Thorn Whip": "icons/magic/nature/vines-thorned-glow-green.webp",
		"Thunderous Smite": "icons/magic/lightning/bolt-strike-wide-white.webp",
		"Tsunami": "icons/magic/water/wave-water-blue.webp",
		"Witch Bolt": "icons/magic/lightning/bolt-strike-sparks-purple.webp",
		"Wrathful Smite": "icons/weapons/polearms/spear-flared-silver-pink.webp",
		"Acid Splash": "icons/magic/acid/projectiles-trio-salvo.webp",
		"Aid": "icons/skills/melee/hand-grip-sword-orange.webp",
		"Alarm": "icons/magic/time/clock-analog-gray.webp",
		"Alter Self": "icons/creatures/claws/pincer-crab-brown.webp",
		"Animal Friendship": "icons/creatures/mammals/dog-husky-white-blue.webp",
		"Animal Messenger": "icons/creatures/birds/dove-pigeon-flying-white.webp",
		"Animal Shapes": "icons/magic/life/heart-broken-red.webp",
		"Animate Dead": "icons/magic/death/skeleton-skull-soul-blue.webp",
		"Animate Objects": "icons/sundries/gaming/chess-pawn-white-pink.webp",
		"Antilife Shell": "icons/magic/earth/projectile-stone-boulder-blue.webp",
		"Antimagic Field": "icons/magic/water/barrier-ice-shield.webp",
		"Antipathy/Sympathy": "icons/magic/holy/yin-yang-balance-symbol.webp",
		"Arcane Eye": "icons/magic/perception/orb-eye-scrying.webp",
		"Arcane Lock": "icons/sundries/misc/lock-open-yellow.webp",
		"Astral Projection": "icons/creatures/magical/spirit-undead-ghost-blue.webp",
		"Augury": "icons/magic/light/orb-hands-humanoid-yellow.webp",
		"Awaken": "icons/magic/nature/tree-animated-strike.webp",
		"Bane": "icons/magic/death/skull-horned-white-purple.webp",
		"Banishment": "icons/magic/control/silhouette-grow-shrink-blue.webp",
		"Barkskin": "icons/magic/nature/barrier-shield-wood-vines.webp",
		"Beacon of Hope": "icons/magic/symbols/fleur-de-lis-yellow.webp",
		"Bestow Curse": "icons/magic/death/projectile-skull-fire-purple.webp",
		"Bigby's Hand": "icons/magic/perception/hand-eye-black.webp",
		"Blade Barrier": "icons/skills/melee/weapons-crossed-swords-teal.webp",
		"Bless": "icons/magic/life/heart-hand-gold-green.webp",
		"Blight": "icons/commodities/treasure/mask-bone-white.webp",
		"Blindness/Deafness": "icons/skills/wounds/injury-eyes-blood-red-pink.webp",
		"Blink": "icons/magic/control/hypnosis-mesmerism-eye-tan.webp",
		"Blur": "icons/skills/wounds/injury-body-pain-gray.webp",
		"Branding Smite": "icons/magic/fire/dagger-rune-enchant-flame-strong-red.webp",
		"Burning Hands": "icons/magic/fire/flame-burning-fist-strike.webp",
		"Call Lightning": "icons/magic/lightning/bolts-salvo-clouds-sky.webp",
		"Calm Emotions": "icons/skills/social/trading-justice-scale-gold.webp",
		"Chain Lightning": "icons/magic/lightning/bolt-forked-large-blue-yellow.webp",
		"Charm Person": "icons/magic/life/heart-shadow-red.webp",
		"Chill Touch": "icons/magic/lightning/claws-unarmed-strike-teal.webp",
		"Circle of Death": "icons/creatures/eyes/void-single-black-purple.webp",
		"Clairvoyance": "icons/magic/perception/orb-crystal-ball-scrying.webp",
		"Clone": "icons/commodities/treasure/brooch-pink-orbs.webp",
		"Cloudkill": "icons/creatures/slimes/slime-movement-swirling-green.webp",
		"Color Spray": "icons/magic/unholy/strike-beam-blood-large-red-blue.webp",
		"Command": "icons/magic/control/control-influence-puppet.webp",
		"Commune": "icons/sundries/lights/candles-lit-red-evil.webp",
		"Commune with Nature": "icons/magic/nature/plant-sprout-hands-vines.webp",
		"Comprehend Languages": "icons/skills/trades/academics-book-study-runes.webp",
		"Compulsion": "icons/magic/unholy/hands-circle-light-green.webp",
		"Cone of Cold": "icons/magic/air/wind-weather-snow-gusts.webp",
		"Confusion": "icons/creatures/amphibians/frog-confused-green-blue.webp",
		"Conjure Animals": "icons/creatures/abilities/cougar-pounce-stalk-black.webp",
		"Conjure Celestial": "icons/magic/holy/angel-winged-humanoid-blue.webp",
		"Conjure Elemental": "icons/magic/earth/construct-stone.webp",
		"Conjure Fey": "icons/creatures/magical/fae-fairy-winged-glowing-green.webp",
		"Conjure Minor Elementals": "icons/creatures/magical/spirit-mischief-fire-ice-blue.webp",
		"Conjure Woodland Beings": "icons/creatures/mammals/deer-movement-leap-green.webp",
		"Contact Other Plane": "icons/creatures/slimes/bubbling-purple.webp",
		"Contagion": "icons/magic/acid/dissolve-arm-flesh.webp",
		"Contingency": "icons/magic/unholy/projectiles-blood-salvo-red.webp",
		"Continual Flame": "icons/magic/fire/flame-burning-fence.webp",
		"Control Water": "icons/magic/symbols/rune-sigil-horned-blue.webp",
		"Control Weather": "icons/magic/air/weather-clouds-rainbow.webp",
		"Counterspell": "icons/creatures/abilities/wolf-heads-swirl-purple.webp",
		"Create Food and Water": "icons/magic/water/water-hand.webp",
		"Create or Destroy Water": "icons/consumables/potions/potion-flash-open-blue.webp",
		"Create Undead": "icons/magic/death/undead-skeleton-rags-fire-green.webp",
		"Creation": "icons/magic/light/explosion-star-glow-blue.webp",
		"Cure Wounds": "icons/magic/life/cross-flared-green.webp",
		"Dancing Lights": "icons/magic/light/orbs-firefly-hand-yellow.webp",
		"Darkness": "icons/magic/unholy/orb-rays-blue.webp",
		"Darkvision": "icons/creatures/magical/construct-golem-stone-blue.webp",
		"Daylight": "icons/magic/air/weather-sunlight-sky.webp",
		"Death Ward": "icons/magic/life/ankh-shadow-green.webp",
		"Delayed Blast Fireball": "icons/magic/fire/projectile-fireball-red-yellow.webp",
		"Demiplane": "icons/environment/settlement/stone-gatehouse-tan.webp",
		"Detect Evil and Good": "icons/magic/time/day-night-sun-moon.webp",
		"Detect Magic": "icons/magic/unholy/hands-cloud-light-pink.webp",
		"Detect Poison and Disease": "icons/skills/toxins/poison-bottle-open-fire-purple.webp",
		"Detect Thoughts": "icons/magic/lightning/bolt-strike-purple.webp",
		"Dimension Door": "icons/commodities/treasure/stone-cracked-lightning-blue.webp",
		"Disguise Self": "icons/creatures/eyes/human-single-brown.webp",
		"Disintegrate": "icons/magic/earth/strike-body-stone-crumble.webp",
		"Dispel Evil and Good": "icons/magic/air/wind-vortex-swirl-blue-purple.webp",
		"Dispel Magic": "icons/magic/nature/plant-sprout-hand-blue.webp",
		"Divination": "icons/commodities/treasure/gem-framed-spiral-purple.webp",
		"Divine Favor": "icons/skills/ranged/wand-attack-beam-blue.webp",
		"Divine Word": "icons/magic/light/beam-rays-yellow.webp",
		"Dominate Beast": "icons/weapons/misc/whip-red-yellow.webp",
		"Dominate Monster": "icons/magic/death/skull-horned-goat-pentagram-red.webp",
		"Dominate Person": "icons/magic/death/projectile-skull-flaming-yellow.webp",
		"Drawmij's Instant Summons": "icons/commodities/treasure/statue-runed-blue-grey.webp",
		"Dream": "icons/magic/nature/moon-crescent.webp",
		"Druidcraft": "icons/magic/nature/lotus-glow-pink.webp",
		"Earthquake": "icons/magic/earth/barrier-stone-explosion-debris.webp",
		"Eldritch Blast": "icons/magic/light/beam-explosion-pink-purple.webp",
		"Enhance Ability": "icons/magic/control/buff-strength-muscle-damage-red.webp",
		"Enlarge/Reduce": "icons/magic/control/silhouette-grow-shrink-tan.webp",
		"Entangle": "icons/creatures/tentacles/tentacle-earth-green.webp",
		"Enthrall": "icons/magic/control/voodoo-doll-pain-damage-tan.webp",
		"Etherealness": "icons/magic/control/debuff-chains-ropes-purple.webp",
		"Evard's Black Tentacles": "icons/creatures/tentacles/tentacles-octopus-black-pink.webp",
		"Expeditious Retreat": "icons/creatures/mammals/rabbit-movement-glowing-green.webp",
		"Eyebite": "icons/magic/nature/stealth-hide-eyes-pink.webp",
		"Fabricate": "icons/skills/trades/smithing-anvil-silver-red.webp",
		"Faerie Fire": "icons/magic/light/explosion-star-glow-silhouette.webp",
		"False Life": "icons/magic/life/heart-cross-purple-orange.webp",
		"Fear": "icons/creatures/slimes/slime-face-hollow-green.webp",
		"Feather Fall": "icons/commodities/materials/feather-white-glowing-fire.webp",
		"Feeblemind": "icons/equipment/head/mask-plague-leather-brown.webp",
		"Find Familiar": "icons/creatures/birds/corvid-call-sound-glowing.webp",
		"Find Steed": "icons/magic/control/buff-luck-fortune-gold.webp",
		"Find the Path": "icons/environment/wilderness/terrain-river-road-gray.webp",
		"Find Traps": "icons/environment/traps/trap-jaw-tan.webp",
		"Finger of Death": "icons/magic/death/hand-undead-skeleton-fire-green.webp",
		"Fire Bolt": "icons/magic/fire/projectile-bolt-zigzag-orange.webp",
		"Fire Shield": "icons/equipment/shield/heater-steel-crystal-red.webp",
		"Fire Storm": "icons/magic/fire/beam-jet-stream-spiral-yellow.webp",
		"Fireball": "icons/magic/fire/projectile-fireball-smoke-strong-orange.webp",
		"Flame Blade": "icons/magic/fire/dagger-rune-enchant-flame-strong-orange.webp",
		"Flame Strike": "icons/magic/fire/explosion-flame-lightning-strike.webp",
		"Flaming Sphere": "icons/magic/earth/orb-lava-orange.webp",
		"Flesh to Stone": "icons/magic/earth/strike-fist-stone.webp",
		"Fly": "icons/creatures/abilities/wings-birdlike-blue.webp",
		"Fog Cloud": "icons/commodities/tech/smoke-spout-blue.webp",
		"Forbiddance": "icons/magic/water/strike-ice-blades.webp",
		"Forcecage": "icons/magic/control/debuff-chains-ropes-net-white.webp",
		"Foresight": "icons/magic/symbols/rune-sigil-green-purple.webp",
		"Freedom of Movement": "icons/magic/control/debuff-chains-shackles-movement-purple.webp",
		"Gaseous Form": "icons/magic/lightning/projectile-orb-blue.webp",
		"Gate": "icons/magic/lightning/bolt-strike-explosion-purple.webp",
		"Geas": "icons/magic/control/hypnosis-mesmerism-eye.webp",
		"Gentle Repose": "icons/magic/life/heart-area-circle-red-green.webp",
		"Giant Insect": "icons/creatures/invertebrates/beetle-stag-tan-brown.webp",
		"Glibness": "icons/skills/social/diplomacy-handshake-gray.webp",
		"Globe of Invulnerability": "icons/magic/unholy/orb-glowing-yellow-purple.webp",
		"Glyph of Warding": "icons/magic/symbols/rune-sigil-red-orange.webp",
		"Goodberry": "icons/consumables/fruit/berry-dates-jujube-red.webp",
		"Grease": "icons/creatures/mammals/livestock-pig-green.webp",
		"Greater Invisibility": "icons/creatures/magical/spirit-fear-energy-pink.webp",
		"Greater Restoration": "icons/magic/nature/leaf-flower-wreath-glow-green-blue.webp",
		"Guardian of Faith": "icons/creatures/magical/spirit-undead-winged-ghost.webp",
		"Guards and Wards": "icons/commodities/metal/clasp-steel-braid-glowing.webp",
		"Guidance": "icons/skills/ranged/arrow-flying-ornate-gold.webp",
		"Guiding Bolt": "icons/magic/fire/projectile-fireball-purple.webp",
		"Gust of Wind": "icons/magic/nature/leaf-juggle-humanoid-green.webp",
		"Hallow": "icons/magic/symbols/cross-circle-blue.webp",
		"Hallucinatory Terrain": "icons/magic/nature/tree-twisted-glow-yellow.webp",
		"Harm": "icons/weapons/daggers/knife-kitchen-red.webp",
		"Haste": "icons/skills/movement/feet-winged-boots-brown.webp",
		"Heal": "icons/magic/life/heart-cross-strong-blue.webp",
		"Healing Word": "icons/magic/life/heart-cross-blue.webp",
		"Heat Metal": "icons/weapons/axes/axe-double-short-orange.webp",
		"Hellish Rebuke": "icons/creatures/unholy/demon-fire-horned-mask.webp",
		"Heroes' Feast": "icons/magic/holy/chalice-glowing-gold.webp",
		"Heroism": "icons/magic/control/buff-strength-muscle-damage-orange.webp",
		"Hold Monster": "icons/sundries/misc/pet-collar-spiked-brown.webp",
		"Hold Person": "icons/magic/control/debuff-chains-shackle-movement-red.webp",
		"Holy Aura": "icons/magic/control/buff-flight-wings-runes-purple-orange.webp",
		"Hunter's Mark": "icons/skills/ranged/target-bullseye-arrow-green.webp",
		"Hypnotic Pattern": "icons/magic/control/hypnosis-mesmerism-swirl.webp",
		"Ice Storm": "icons/magic/light/projectiles-salvo-teal.webp",
		"Identify": "icons/sundries/scrolls/scroll-bound-blue-red.webp",
		"Illusory Script": "icons/sundries/documents/document-writing-pink.webp",
		"Imprisonment": "icons/magic/control/encase-creature-spider-hold.webp",
		"Incendiary Cloud": "icons/magic/fire/explosion-mushroom-nuke-yellow.webp",
		"Inflict Wounds": "icons/magic/control/voodoo-doll-pain-damage-pink.webp",
		"Insect Plague": "icons/creatures/invertebrates/wasp-swarm-tan.webp",
		"Invisibility": "icons/creatures/reptiles/chameleon-camouflage-green-brown.webp",
		"Jump": "icons/creatures/amphibians/bullfrog-glass-teal.webp",
		"Knock": "icons/sundries/misc/key-short-red.webp",
		"Legend Lore": "icons/skills/trades/academics-investigation-study-blue.webp",
		"Leomund's Secret Chest": "icons/containers/chest/chest-wooden-tied-white.webp",
		"Leomund's Tiny Hut": "icons/skills/movement/arrow-upward-white.webp",
		"Lesser Restoration": "icons/magic/nature/leaf-oak-wreath-glow-green.webp",
		"Levitate": "icons/skills/movement/arrow-upward-yellow.webp",
		"Light": "icons/magic/light/orb-lightbulb-gray.webp",
		"Lightning Bolt": "icons/magic/lightning/bolt-blue.webp",
		"Locate Animals or Plants": "icons/creatures/amphibians/treefrog-leaf-green.webp",
		"Locate Creature": "icons/creatures/birds/corvid-watchful-glowing-green.webp",
		"Locate Object": "icons/commodities/tech/cog-rough-stone.webp",
		"Longstrider": "icons/equipment/feet/boots-leather-laced-brown.webp",
		"Mage Armor": "icons/equipment/chest/breastplate-helmet-metal.webp",
		"Mage Hand": "icons/magic/light/orbs-hand-gray.webp",
		"Magic Circle": "icons/magic/symbols/star-yellow.webp",
		"Magic Jar": "icons/commodities/tech/tube-chamber-lightning.webp",
		"Magic Missile": "icons/magic/light/projectile-stars-blue.webp",
		"Magic Mouth": "icons/magic/control/fear-fright-jackolantern-yellow.webp",
		"Magic Weapon": "icons/weapons/clubs/club-spiked-glowing.webp",
		"Major Image": "icons/magic/nature/mushrooms-fire-glow-blue.webp",
		"Mass Cure Wounds": "icons/magic/life/cross-explosion-burst-green.webp",
		"Mass Heal": "icons/magic/life/heart-cross-strong-flame-green.webp",
		"Mass Healing Word": "icons/magic/life/heart-cross-strong-green.webp",
		"Mass Suggestion": "icons/skills/social/diplomacy-unity-alliance.webp",
		"Maze": "icons/creatures/abilities/bull-head-horns-glowing.webp",
		"Meld into Stone": "icons/magic/earth/lava-stone-fire-eye.webp",
		"Melf's Acid Arrow": "icons/weapons/ammunition/arrow-broadhead-bent-teal.webp",
		"Mending": "icons/skills/trades/textiles-stitching-leather-brown.webp",
		"Message": "icons/skills/social/diplomacy-writing-letter.webp",
		"Meteor Swarm": "icons/magic/earth/projectiles-fire-stone-salvo.webp",
		"Mind Blank": "icons/magic/perception/hand-eye-fire-blue.webp",
		"Minor Illusion": "icons/magic/perception/eye-winged-pink.webp",
		"Mirage Arcane": "icons/magic/earth/volcano-explosion-lava-teal.webp",
		"Mirror Image": "icons/sundries/gaming/chess-pawn-white-glass.webp",
		"Mislead": "icons/magic/death/mouth-bite-fangs-vampire.webp",
		"Misty Step": "icons/magic/water/projectile-ice-impact-stone.webp",
		"Modify Memory": "icons/magic/control/hypnosis-mesmerism-pendulum.webp",
		"Moonbeam": "icons/environment/settlement/watchtower-moonlit-blue.webp",
		"Mordenkainen's Faithful Hound": "icons/creatures/mammals/humanoid-wolf-dog-blue.webp",
		"Mordenkainen's Magnificent Mansion": "icons/environment/settlement/castle-gatehouse.webp",
		"Mordenkainen's Private Sanctum": "icons/commodities/treasure/puzzle-box-glowing-blue.webp",
		"Mordenkainen's Sword": "icons/weapons/swords/sword-broad-serrated-blue.webp",
		"Move Earth": "icons/skills/trades/mining-pickaxe-yellow-blue.webp",
		"Nondetection": "icons/equipment/neck/amulet-carved-runed-othila-fehu-grey.webp",
		"Nystul's Magic Aura": "icons/equipment/finger/ring-faceted-gold-teal.webp",
		"Otiluke's Freezing Sphere": "icons/weapons/ammunition/bullet-ice-blue.webp",
		"Otiluke's Resilient Sphere": "icons/magic/control/debuff-chains-orb-movement-blue.webp",
		"Otto's Irresistible Dance": "icons/skills/trades/music-notes-sound-blue.webp",
		"Pass without Trace": "icons/magic/nature/stealth-hide-beast-eyes-green.webp",
		"Passwall": "icons/skills/trades/security-locksmith-key-gray.webp",
		"Phantasmal Killer": "icons/magic/death/undead-ghost-strike-white.webp",
		"Phantom Steed": "icons/creatures/mammals/spirit-deer-herd-blue.webp",
		"Planar Ally": "icons/creatures/unholy/demon-female-succubus-orange.webp",
		"Planar Binding": "icons/sundries/survival/cuffs-shackles-tan.webp",
		"Plane Shift": "icons/tools/navigation/sextant-complex-brown.webp",
		"Plant Growth": "icons/magic/nature/plant-sproud-hands-dirt-green.webp",
		"Poison Spray": "icons/creatures/slimes/slime-movement-splash-green.webp",
		"Polymorph": "icons/creatures/amphibians/bullfrog-glowing-green.webp",
		"Power Word Kill": "icons/sundries/documents/document-symbol-skull-tan.webp",
		"Power Word Stun": "icons/magic/unholy/strike-body-life-soul-purple.webp",
		"Prayer of Healing": "icons/magic/holy/prayer-hands-glowing-yellow.webp",
		"Prestidigitation": "icons/magic/light/hand-sparks-smoke-green.webp",
		"Prismatic Spray": "icons/magic/control/buff-luck-fortune-rainbow.webp",
		"Prismatic Wall": "icons/magic/sonic/projectile-sound-rings-wave.webp",
		"Produce Flame": "icons/magic/fire/blast-jet-stream-splash.webp",
		"Programmed Illusion": "icons/skills/trades/academics-book-study-purple.webp",
		"Project Image": "icons/magic/unholy/silhouette-light-fire-blue.webp",
		"Protection from Energy": "icons/magic/lightning/bolt-strike-explosion-yellow.webp",
		"Protection from Evil and Good": "icons/magic/defensive/shield-barrier-deflect-gold.webp",
		"Protection from Poison": "icons/magic/acid/dissolve-drip-droplet-smoke.webp",
		"Purify Food and Drink": "icons/consumables/meat/hock-leg-stylized.webp",
		"Raise Dead": "icons/magic/death/hand-dirt-undead-zombie.webp",
		"Rary's Telepathic Bond": "icons/magic/control/energy-stream-link-large-blue.webp",
		"Ray of Enfeeblement": "icons/creatures/magical/humanoid-silhouette-glowing-pink.webp",
		"Ray of Frost": "icons/magic/light/beam-rays-blue.webp",
		"Regenerate": "icons/magic/life/crosses-trio-red.webp",
		"Reincarnate": "icons/magic/nature/plant-vines-skull-green.webp",
		"Remove Curse": "icons/magic/unholy/hand-light-pink.webp",
		"Resistance": "icons/equipment/shield/buckler-wooden-boss-glowing-blue.webp",
		"Resurrection": "icons/magic/nature/plant-seed-hands-glow-yellow.webp",
		"Reverse Gravity": "icons/magic/earth/explosion-lava-stone-red.webp",
		"Revivify": "icons/magic/life/heart-hand-gold-green-light.webp",
		"Rope Trick": "icons/tools/nautical/rope-line-blue.webp",
		"Sacred Flame": "icons/magic/fire/projectile-fireball-orange-green.webp",
		"Sanctuary": "icons/magic/holy/barrier-shield-winged-blue.webp",
		"Scorching Ray": "icons/magic/light/beam-rays-red.webp",
		"Scrying": "icons/commodities/treasure/crystal-ball-blue-purple.webp",
		"See Invisibility": "icons/magic/control/silhouette-aura-energy.webp",
		"Seeming": "icons/creatures/mammals/bull-horns-eyes-glowin-orange.webp",
		"Sending": "icons/sundries/scrolls/scroll-writing-tan-grey.webp",
		"Sequester": "icons/magic/control/fear-fright-mask-yellow.webp",
		"Shapechange": "icons/magic/nature/wolf-paw-glow-large-orange.webp",
		"Shatter": "icons/magic/earth/explosion-lava-stone-yellow.webp",
		"Shield": "icons/magic/defensive/shield-barrier-deflect-teal.webp",
		"Shield of Faith": "icons/magic/holy/barrier-shield-winged-cross.webp",
		"Shillelagh": "icons/skills/melee/hand-grip-staff-teal.webp",
		"Shocking Grasp": "icons/magic/unholy/hand-fire-skeleton-pink.webp",
		"Silence": "icons/creatures/magical/humanoid-silhoette-alien-gray.webp",
		"Silent Image": "icons/commodities/treasure/crystal-pedastal-red-gold.webp",
		"Simulacrum": "icons/creatures/magical/construct-stone-earth-gray.webp",
		"Sleep": "icons/magic/control/sleep-bubble-purple.webp",
		"Sleet Storm": "icons/magic/water/projectile-icecicles-salvo.webp",
		"Slow": "icons/creatures/invertebrates/snail-movement-green.webp",
		"Spare the Dying": "icons/weapons/axes/axe-double-gold.webp",
		"Speak with Animals": "icons/creatures/mammals/deer-antlers-blue.webp",
		"Speak with Dead": "icons/magic/death/undead-ghost-scream-teal.webp",
		"Speak with Plants": "icons/magic/nature/tree-animated-smile.webp",
		"Spider Climb": "icons/creatures/invertebrates/spider-web-red.webp",
		"Spike Growth": "icons/environment/wilderness/terrain-stone-stalagtite.webp",
		"Spirit Guardians": "icons/magic/fire/barrier-wall-flame-ring-blue.webp",
		"Spiritual Weapon": "icons/weapons/swords/sword-winged-pink.webp",
		"Stinking Cloud": "icons/consumables/mushrooms/convex-green-brown.webp",
		"Stone Shape": "icons/magic/symbols/runes-carved-stone-green.webp",
		"Stoneskin": "icons/magic/earth/strike-fist-stone-gray.webp",
		"Storm of Vengeance": "icons/magic/lightning/bolt-strike-clouds-blue.webp",
		"Suggestion": "icons/magic/nature/elemental-plant-humanoid.webp",
		"Sunbeam": "icons/magic/light/beam-strike-village-yellow.webp",
		"Sunburst": "icons/magic/light/explosion-glow-spiral-yellow.webp",
		"Symbol": "icons/magic/symbols/rune-sigil-white-pink.webp",
		"Tasha's Hideous Laughter": "icons/creatures/magical/spirit-fire-yellow.webp",
		"Telekinesis": "icons/skills/toxins/cup-goblet-poisoned-spilled.webp",
		"Teleport": "icons/skills/ranged/projectile-spiral-gray.webp",
		"Teleportation Circle": "icons/magic/water/snowflake-ice-gray.webp",
		"Tenser's Floating Disk": "icons/consumables/food/candy-pattie-pink-white.webp",
		"Thaumaturgy": "icons/skills/targeting/crosshair-triple-strike-orange.webp",
		"Thunderwave": "icons/magic/lightning/barrier-wall-shield-gray.webp",
		"Time Stop": "icons/magic/time/clock-spinning-gold-pink.webp",
		"Tongues": "icons/creatures/abilities/mouth-teeth-sharp.webp",
		"Transport via Plants": "icons/magic/nature/leaf-oak-glow-green.webp",
		"Tree Stride": "icons/magic/nature/tree-elm-roots-brown.webp",
		"True Polymorph": "icons/creatures/reptiles/dragon-winged-blue.webp",
		"True Resurrection": "icons/magic/nature/instrument-recorder-leaves.webp",
		"True Seeing": "icons/magic/perception/eye-slit-orange.webp",
		"True Strike": "icons/skills/ranged/target-bullseye-archer-orange.webp",
		"Unseen Servant": "icons/creatures/magical/spirit-undead-horned-blue.webp",
		"Vampiric Touch": "icons/creatures/abilities/fangs-teeth-bite.webp",
		"Vicious Mockery": "icons/creatures/magical/spirit-poison-smoke-green.webp",
		"Wall of Fire": "icons/magic/fire/barrier-wall-flame-ring-yellow.webp",
		"Wall of Force": "icons/magic/air/air-pressure-shield-blue.webp",
		"Wall of Ice": "icons/magic/water/barrier-ice-wall-explosion.webp",
		"Wall of Stone": "icons/environment/settlement/fence-stone-brick.webp",
		"Wall of Thorns": "icons/magic/nature/vines-thorned-entwined-green.webp",
		"Warding Bond": "icons/equipment/head/helm-barbute-horned-gold-pink.webp",
		"Water Breathing": "icons/creatures/fish/fish-bluefin-yellow-blue.webp",
		"Water Walk": "icons/commodities/materials/feather-blue-glowing.webp",
		"Web": "icons/creatures/webs/web-spider-pink.webp",
		"Weird": "icons/magic/control/fear-fright-white.webp",
		"Wind Walk": "icons/skills/movement/feet-winged-boots-blue.webp",
		"Wind Wall": "icons/creatures/webs/web-spider-casting-caught-purple.webp",
		"Wish": "icons/commodities/treasure/brass-lamp-yellow.webp",
		"Word of Recall": "icons/environment/settlement/house-wooden-fence.webp",
		"Zone of Truth": "icons/skills/targeting/crosshair-arrowhead-blue.webp"
	},
	"TCE": {
		"Booming Blade": "icons/skills/melee/strike-sword-slashing-red.webp",
		"Green-Flame Blade": "icons/weapons/swords/greatsword-evil-green.webp",
		"Lightning Lure": "icons/magic/lightning/bolt-strike-sparks-teal.webp",
		"Sword Burst": "icons/skills/ranged/daggers-thrown-salvo-teal.webp"
	},
	"EGW": {
		"Dark Star": "icons/magic/light/explosion-star-glow-blue-purple.webp",
		"Fortune's Favor": "icons/magic/control/buff-luck-fortune-green.webp",
		"Gift of Alacrity": "icons/skills/movement/figure-running-gray.webp",
		"Gravity Fissure": "icons/magic/light/beam-impact-deflect-teal.webp",
		"Gravity Sinkhole": "icons/magic/water/beam-ice-impact.webp",
		"Immovable Object": "icons/sundries/survival/cuffs-shackles-ball.webp",
		"Magnify Gravity": "icons/magic/lightning/explosion-stone-smoke-teal.webp",
		"Pulse Wave": "icons/magic/lightning/bolt-strike-explosion-purple.webp",
		"Ravenous Void": "icons/creatures/abilities/mouth-teeth-lamprey-red.webp",
		"Reality Break": "icons/magic/earth/explosion-lava-stone-orange.webp",
		"Sapping Sting": "icons/creatures/invertebrates/wasp-swarm-attack.webp",
		"Temporal Shunt": "icons/magic/time/hourglass-tilted-gray.webp",
		"Tether Essence": "icons/magic/control/voodoo-doll-pain-damage-purple.webp",
		"Time Ravage": "icons/sundries/misc/hourglass-wood.webp",
		"Wristpocket": "icons/magic/light/torch-fire-hand-orange.webp"
	},
	"AI": {
		"Distort Value": "icons/commodities/currency/coins-leather-pouch-stone.webp",
		"Fast Friends": "icons/skills/social/diplomacy-handshake-blue.webp",
		"Gift of Gab": "icons/creatures/mammals/humanoid-fox-cat-archer.webp",
		"Incite Greed": "icons/commodities/currency/coins-assorted-crown-blue.webp",
		"Jim's Glowing Coin": "icons/commodities/currency/coin-inset-lightning-green.webp",
		"Jim's Magic Missile": "icons/magic/lightning/projectiles-tendril-salvo-pink.webp",
		"Motivational Speech": "icons/sundries/flags/banner-flag-blue.webp"
	},
	"GGR": {
		"Encode Thoughts": "icons/magic/holy/meditation-chi-focus-blue.webp"
	}
}
