{
	"XGE": {
		"Bountiful Luck": "media/icon/feat/xge-bountiful-luck.webp",
		"Dragon Fear": "media/icon/feat/xge-dragon-fear.webp",
		"Dragon Hide": "media/icon/feat/xge-dragon-hide.webp",
		"Drow High Magic": "media/icon/feat/xge-drow-high-magic.webp",
		"Dwarven Fortitude": "media/icon/feat/xge-dwarven-fortitude.webp",
		"Elven Accuracy": "media/icon/feat/xge-elven-accuracy.webp",
		"Fade Away": "media/icon/feat/xge-fade-away.webp",
		"Fey Teleportation": "media/icon/feat/xge-fey-teleportation.webp",
		"Flames of Phlegethos": "media/icon/feat/xge-flames-of-phlegethos.webp",
		"Infernal Constitution": "media/icon/feat/xge-infernal-constitution.webp",
		"Orcish Fury": "media/icon/feat/xge-orcish-fury.webp",
		"Prodigy": "media/icon/feat/xge-prodigy.webp",
		"Second Chance": "media/icon/feat/xge-second-chance.webp",
		"Squat Nimbleness": "media/icon/feat/xge-squat-nimbleness.webp",
		"Wood Elf Magic": "media/icon/feat/xge-wood-elf-magic.webp"
	},
	"PHB": {
		"Actor": "media/icon/feat/phb-actor.webp",
		"Alert": "media/icon/feat/phb-alert.webp",
		"Athlete": "media/icon/feat/phb-athlete.webp",
		"Charger": "media/icon/feat/phb-charger.webp",
		"Crossbow Expert": "media/icon/feat/phb-crossbow-expert.webp",
		"Defensive Duelist": "media/icon/feat/phb-defensive-duelist.webp",
		"Dual Wielder": "media/icon/feat/phb-dual-wielder.webp",
		"Dungeon Delver": "media/icon/feat/phb-dungeon-delver.webp",
		"Durable": "media/icon/feat/phb-durable.webp",
		"Elemental Adept": "media/icon/feat/phb-elemental-adept.webp",
		"Grappler": "media/icon/feat/phb-grappler.webp",
		"Great Weapon Master": "media/icon/feat/phb-great-weapon-master.webp",
		"Healer": "media/icon/feat/phb-healer.webp",
		"Heavily Armored": "media/icon/feat/phb-heavily-armored.webp",
		"Heavy Armor Master": "media/icon/feat/phb-heavy-armor-master.webp",
		"Inspiring Leader": "media/icon/feat/phb-inspiring-leader.webp",
		"Keen Mind": "media/icon/feat/phb-keen-mind.webp",
		"Lightly Armored": "media/icon/feat/phb-lightly-armored.webp",
		"Linguist": "media/icon/feat/phb-linguist.webp",
		"Lucky": "media/icon/feat/phb-lucky.webp",
		"Mage Slayer": "media/icon/feat/phb-mage-slayer.webp",
		"Magic Initiate": "media/icon/feat/phb-magic-initiate.webp",
		"Martial Adept": "media/icon/feat/phb-martial-adept.webp",
		"Medium Armor Master": "media/icon/feat/phb-medium-armor-master.webp",
		"Mobile": "media/icon/feat/phb-mobile.webp",
		"Moderately Armored": "media/icon/feat/phb-moderately-armored.webp",
		"Mounted Combatant": "media/icon/feat/phb-mounted-combatant.webp",
		"Observant": "media/icon/feat/phb-observant.webp",
		"Polearm Master": "media/icon/feat/phb-polearm-master.webp",
		"Resilient": "media/icon/feat/phb-resilient.webp",
		"Ritual Caster": "media/icon/feat/phb-ritual-caster.webp",
		"Savage Attacker": "media/icon/feat/phb-savage-attacker.webp",
		"Sentinel": "media/icon/feat/phb-sentinel.webp",
		"Sharpshooter": "media/icon/feat/phb-sharpshooter.webp",
		"Shield Master": "media/icon/feat/phb-shield-master.webp",
		"Skilled": "media/icon/feat/phb-skilled.webp",
		"Skulker": "media/icon/feat/phb-skulker.webp",
		"Spell Sniper": "media/icon/feat/phb-spell-sniper.webp",
		"Tavern Brawler": "media/icon/feat/phb-tavern-brawler.webp",
		"Tough": "media/icon/feat/phb-tough.webp",
		"War Caster": "media/icon/feat/phb-war-caster.webp",
		"Weapon Master": "media/icon/feat/phb-weapon-master.webp"
	},
	"MTF": {
		"Svirfneblin Magic": "media/icon/feat/mtf-svirfneblin-magic.webp"
	},
	"ERLW": {
		"Aberrant Dragonmark": "media/icon/feat/erlw-aberrant-dragonmark.webp",
		"Revenant Blade": "media/icon/feat/erlw-revenant-blade.webp"
	}
}